account_id,customer_id,account_type,currency,balance,status,opened_date
daa7f21b-bd04-49ff-babe-6fe6e2365ed9,22f8b708-3d94-4487-85b0-05120688c1de,SAVINGS,USD,45327.25,ACTIVE,2023-06-25
5f005059-9c22-4ccb-acef-744760fecda4,21c23db2-4467-4689-a380-0e6c5b689caf,SAVINGS,USD,18358.96,ACTIVE,2022-02-01
c6814564-a26a-4288-95fa-4d6be88fb85e,182b1d7d-40ff-4e5c-8cca-ad43143de6bc,BUSINESS,USD,4916.02,ACTIVE,2025-10-25
cb920832-2f7d-47f9-b7ee-306cb3aaf660,f210a9e9-50cb-4934-bd83-d9bfeab17319,BUSINESS,USD,28430.83,ACTIVE,2024-02-21
bda542eb-06a0-4f74-acd0-2ce577348f97,d7432295-b024-4e95-9222-3d05144cd975,SAVINGS,USD,34889.59,ACTIVE,2025-09-19
e1394d5c-9032-49b6-bf2d-95f4cf4b7932,01516e3a-96f9-4857-9586-17ce40258ae6,CHECKING,USD,35395.77,ACTIVE,2024-07-03
e9b34c06-58b3-450e-ab9a-d5ff5a0bd499,78a4f912-7ce2-4d41-9e10-6cf98cb1fc44,CHECKING,USD,16131.27,ACTIVE,2025-03-20
5ca55421-044d-45f8-bd7e-351f329f1f94,fe8ea70e-836d-4bf2-91df-0b804d3965f1,BUSINESS,USD,8311.72,ACTIVE,2022-07-26
a56eaa8f-b560-4752-abcc-353b8d32f6b6,41b5ed44-d892-47cb-b0de-7c1446f9b023,BUSINESS,USD,26407.03,ACTIVE,2023-12-30
19321582-7086-44b9-9d34-e3255176d83b,85b18840-9621-49aa-a382-7542bf94facc,CHECKING,USD,2966.09,ACTIVE,2022-07-23
331eabe9-7e4d-4c9a-b442-dbf1c2f2e89a,4fa7b2ad-dd5d-498b-b000-ba47497b5fc9,CHECKING,USD,45944.98,ACTIVE,2024-12-09
493ccb76-70b8-4043-856d-82dd1dd5ec85,5eb40d66-727e-4cc0-89de-276c7c9cd2ad,CHECKING,USD,16539.16,ACTIVE,2025-08-29
a0b1e61b-9d90-4cf8-828d-9ff7a2e29866,e4946c1b-d738-47ae-9b6c-a0a05d421df1,SAVINGS,USD,39606.22,ACTIVE,2021-12-10
32420876-d95c-4728-bf3c-a40fd701af9d,eb0ad524-e124-46b4-94f2-6ba4584db38a,CHECKING,USD,41374.32,ACTIVE,2021-08-30
12193cd5-5cfc-475c-9ec2-fdef56c4e453,9ba1d8b8-acff-4556-8996-c8f8f0fa2b16,BUSINESS,USD,9487.54,ACTIVE,2024-05-21
004be10a-32da-405f-82e9-8a7e2c210eb2,4df9e031-0d38-461f-bf34-51736b25cc6b,CHECKING,USD,14932.84,ACTIVE,2022-02-25
59fe14f5-ee10-48ca-8f9b-d7f9438401de,6a4f964b-b7ce-48b7-abc4-bce983a9731a,SAVINGS,USD,13504.2,ACTIVE,2024-06-04
dc5a4777-f42f-43c9-b706-90901c6264d4,ba8ca6dd-a740-4835-a9c3-3fc11c21586c,CHECKING,USD,1545.06,ACTIVE,2025-06-07
4984c925-743f-46c9-85cc-be04224426fe,3afab075-6302-4b1f-9cc2-6928fee515e8,CHECKING,USD,31011.23,ACTIVE,2026-06-25
9c4f2189-1c7d-427e-8d8e-408831dce72a,8cffb448-4315-425c-99a2-d460261ddd9d,CHECKING,USD,44364.61,ACTIVE,2022-11-20
70a8bccd-7b4b-4f81-bd3b-2632b3b74b18,95dd8b85-21ed-453c-92f8-bfd43e95cb6a,BUSINESS,USD,2082.39,ACTIVE,2024-12-11
08c69780-a1e4-4eb9-a222-ee5eb1c85b14,52cd3453-3f68-4af2-921f-b363eb7b76fc,BUSINESS,USD,35760.86,ACTIVE,2023-03-31
b3a88b7e-c736-4ca7-98be-736372b2c332,64d4eb56-6389-470c-bc63-e13825745296,SAVINGS,USD,13777.07,ACTIVE,2024-03-14
7e74c401-30eb-4444-b368-eb9a541c41f1,2c5bc914-dac1-4d8b-964f-d75b5b953185,CHECKING,USD,10606.66,ACTIVE,2024-05-26
58c7eaaf-daf6-44c5-8fe5-373d6735023f,49ca946e-9e67-4107-9295-860de5715cad,SAVINGS,USD,33848.86,ACTIVE,2026-03-14
ece6f960-442c-49f9-a137-4c2a96cb584c,cfb3bcd8-a138-4e78-93d0-2c4a591434fa,BUSINESS,USD,14145.31,ACTIVE,2022-03-09
a062984a-1021-4be4-994c-3cbc9d60c4c6,4ce8fbc8-e72b-4742-b210-dffff1e8095a,BUSINESS,USD,43280.68,ACTIVE,2023-12-06
e37429fb-dead-4cfc-8b19-26577164100c,2e2f541a-3635-42a5-afa6-ab62bfe6c036,CHECKING,USD,8768.83,ACTIVE,2022-02-27
4831f0ce-2f6d-487f-929e-2c42a4a93969,c99dc67c-e021-4419-a126-814dda42f91a,SAVINGS,USD,31107.08,ACTIVE,2023-06-14
1d9e695e-027c-4f9b-a2fe-6376056c58d7,a287112f-c056-4e82-8920-991151ba0076,BUSINESS,USD,7497.1,ACTIVE,2022-10-28
59c03292-6162-45fd-932b-a3b5f1c13ff4,09ff41e5-ce33-40c1-b9d1-194ce5801f10,CHECKING,USD,21691.63,ACTIVE,2023-10-29
75b94909-cfaa-4672-a4bb-e8867124e263,4580b8c0-6ad8-4128-99b0-f8c47895ad48,SAVINGS,USD,21749.78,ACTIVE,2025-01-02
d994f91e-93e7-458f-977e-361410063256,a2cac725-d525-4f9a-ae48-712406b5b236,CHECKING,USD,1304.01,ACTIVE,2022-01-01
94cebaa9-2308-4a6a-8b78-3e448f2cf1be,a374d31b-4e40-49b8-bc6e-7ed05105ebd2,CHECKING,USD,37900.75,ACTIVE,2024-03-06
b6fdcead-e5f2-4e58-8059-7df17372f0af,cebe730d-3782-46e4-bf2a-5f1b95345792,SAVINGS,USD,9721.45,ACTIVE,2025-04-19
93dc5f21-59ab-4d79-bffe-c97442cb1fdd,9e9cf1f4-cfe2-457a-86b7-1efbc16bc4c5,SAVINGS,USD,11438.91,ACTIVE,2022-10-06
95acd4e7-8237-4f63-9b88-99613ce0769c,b44dff51-eea9-4d6a-9743-42922b3ce17d,SAVINGS,USD,18477.53,ACTIVE,2025-02-18
179c09b1-4285-438c-92ff-939060c47db7,76110093-3620-4563-82ff-9f221bccb9ff,BUSINESS,USD,48688.25,ACTIVE,2022-03-26
30fd5907-7887-404f-bd9c-0b9ef86b1372,a04e182c-3ca4-4722-a016-3e3870eb1393,BUSINESS,USD,41634.5,ACTIVE,2022-11-22
12db21c0-b235-4cc3-be1c-56d5718eaa73,e3a2f126-e590-46eb-ba96-d90586ea3092,BUSINESS,USD,5221.81,ACTIVE,2025-03-22
23f8d70e-89b4-4a32-a1b7-5888e3faa02e,03c24b3d-c2a1-44b5-8635-aa129d8ad54d,SAVINGS,USD,5808.31,ACTIVE,2022-03-06
db764b5b-e86b-490e-85ed-a6d022704f82,dced1fc2-54f1-4494-bbf2-fccd6314cbe5,CHECKING,USD,32424.1,ACTIVE,2022-07-26
bffbf7c4-6fdc-405b-a467-b39b56e88601,37a425c6-a67e-4887-97fb-ea3f92fc3ed6,BUSINESS,USD,43224.82,ACTIVE,2024-07-24
24cf1085-0a6b-4db3-9f61-2fe0c4c8301c,05f14f4e-80f0-4a47-a20f-bd3ba6be9eaa,CHECKING,USD,38276.79,ACTIVE,2025-07-30
86d98163-74fe-4c70-bb29-6abe59cf2737,638a672e-9fb7-4a9c-ba1f-bcff4096afe8,BUSINESS,USD,24769.56,ACTIVE,2025-08-01
a293bfec-4b97-4c58-a413-7448aefc97d7,04d8d4ec-999a-4db2-85a4-f8ff44c578bb,SAVINGS,USD,5649.95,ACTIVE,2023-12-27
ba962042-29c0-4a92-9e94-3159f4844651,757c8f87-2062-487c-897d-c74ec59bdcca,BUSINESS,USD,10609.37,ACTIVE,2025-01-23
783ff4d3-866d-406b-ba32-efa20aba1cac,e341ab8f-f36e-4ddc-b034-eaf12e65335d,BUSINESS,USD,4543.93,ACTIVE,2022-04-25
31740e71-61f0-4cde-9400-ee545c40b32a,c1d6440a-0a2c-49b3-9d22-74e414b43ccc,SAVINGS,USD,38201.43,ACTIVE,2022-10-16
cfd50288-af04-4ec0-858b-b589be15efa3,54e09254-9ad5-4be5-a577-335b330b7320,CHECKING,USD,44080.84,ACTIVE,2026-02-21
dc3e6713-93ea-45b1-b69a-5b40c45dea4d,c697f963-539c-44ab-add0-9a023183f15d,SAVINGS,USD,25697.31,ACTIVE,2024-06-17
1303b4fe-43aa-44b1-b5de-099afa3b7bfe,2ef87ac8-5f87-4015-9570-1ddcd9af3044,BUSINESS,USD,10769.29,ACTIVE,2022-09-08
e40746ab-22ac-4d0f-b77f-95b527af5c76,8d35d1d5-7c30-44ed-afb2-c6fb3691ea2a,SAVINGS,USD,33194.66,ACTIVE,2025-10-30
326e96e7-8839-41d2-bdb7-882299d2f434,da01ad88-9c40-4e41-b981-d8b7000b0e6b,BUSINESS,USD,42550.98,ACTIVE,2026-06-08
93533af7-7003-4383-becf-348b41d6a3f5,e4135d74-04a9-43a2-8fbd-3bb35c0a4a87,SAVINGS,USD,22263.72,ACTIVE,2025-04-06
3aa01410-a0ae-4e08-8d4f-92d08856f00a,236f9c39-cdea-4531-9d37-8bcdc8ad209b,CHECKING,USD,15450.4,ACTIVE,2022-05-16
99e9b8ab-3c15-4c59-b98a-905ce8a211f1,df48db46-3773-467a-811e-f16af1b7328d,CHECKING,USD,113.95,ACTIVE,2022-04-17
fdb68cb2-e428-43b6-95bd-74be57d5343c,46eaf530-7563-493a-9ff0-411b9b6306f3,BUSINESS,USD,24844.11,ACTIVE,2026-05-15
83d32745-35fc-4739-a3fe-bfc19e039051,d1d7562a-e54e-490a-8e04-03efe110847a,BUSINESS,USD,26873.16,ACTIVE,2024-07-10
f8f452f1-0551-4c0f-8745-ad9e5d8d57f6,607bdaa9-dfa3-4700-a652-4f6674e4d515,SAVINGS,USD,25177.37,ACTIVE,2025-08-15
f0ae2c73-f5ba-4cb7-8d6f-f98651d34f0d,514026ec-ca42-4a18-baa9-f7407f576fa2,SAVINGS,USD,5576.43,ACTIVE,2025-03-10
5da46d0d-d184-4846-a460-9c1cc5f5b150,782ad87a-e88c-49e3-8fcc-50e7d68760d3,CHECKING,USD,41576.63,ACTIVE,2021-10-14
7cc95531-2788-42f4-af24-1562c72d0e9f,5ba567e7-fac5-4e9c-8d8d-e42ebbcf5bf5,BUSINESS,USD,12558.6,ACTIVE,2023-01-14
e4d45d3d-422d-45d6-8fbe-bb3712a84e3f,0731ea4d-588e-4413-985d-ce737d221e53,BUSINESS,USD,7020.07,ACTIVE,2023-07-05
00b6c9d7-8fbc-4cdb-91a2-78b6c27bde2c,a274bc43-c8e8-4c16-82ba-fb6b561f8492,BUSINESS,USD,49684.58,ACTIVE,2021-10-19
87082a5d-8f01-434d-9103-ad26a09346b7,0d236e64-29e4-4469-abb4-56507e57deb8,BUSINESS,USD,25383.15,ACTIVE,2022-03-24
f39f2432-2621-4174-91c4-0aede8c49769,c1300e18-7c30-460f-815a-cd26b7cefc62,SAVINGS,USD,6326.23,ACTIVE,2024-06-06
6f37469e-6d1f-4acb-9230-9301a22c203f,5a01c1b1-3bcd-4908-b77d-0361672e7a1b,SAVINGS,USD,31014.07,ACTIVE,2026-07-18
eeef1a51-fedf-414d-9af4-c471770ec9ee,98165dfe-cb63-47d8-847d-89edd1c40acf,BUSINESS,USD,16694.89,ACTIVE,2023-10-12
e289974f-ccec-49ad-9b87-d1e8a71bf06f,57638578-81de-41b9-9aa8-f1eb3d8d70dc,CHECKING,USD,17721.95,ACTIVE,2025-11-03
b7ff5b59-6f09-416f-89c4-0ebd69239d81,40878831-d5d8-4583-b7d2-d305a5d16632,SAVINGS,USD,7199.17,ACTIVE,2026-03-21
f8624000-126d-4763-9be3-9b73b8e04134,70cbb3db-7658-453a-ab42-2118b3a1a409,CHECKING,USD,28783.43,ACTIVE,2023-04-04
a7976d71-88b4-403b-a249-46cd21521211,00ca4c69-e632-4b8b-bb95-8212b9297e6b,CHECKING,USD,2798.9,ACTIVE,2023-11-20
6bee6a0a-fd4b-4951-941b-d3a32d5496c1,ef7e17f1-9040-4d19-a6c4-b3c201322f21,SAVINGS,USD,12838.03,ACTIVE,2021-11-04
7628870d-1940-4e52-b8a0-dd984e5425f2,2356f906-9a47-4828-87ec-939cca362de5,SAVINGS,USD,38490.81,ACTIVE,2023-03-09
2022ffd4-31a5-43f2-b041-0fe06a21e4e7,2093b195-4d2b-4852-b308-510147bd59a2,CHECKING,USD,28371.09,ACTIVE,2021-10-05
cfb4c645-e550-46a6-8964-cb1d81c14cd3,1cea6c27-aa69-4e01-9823-adc765800290,BUSINESS,USD,22005.1,ACTIVE,2022-08-09
eb45fbcc-f82b-40aa-b393-37f9e3aee13e,1383e1a9-f75a-4111-ae2d-6fb233ce8f50,SAVINGS,USD,29173.76,ACTIVE,2024-10-16
62013b6b-3d9a-4beb-b108-abc1338e1913,4adf8373-6905-4465-b1c9-b3f5647d0506,CHECKING,USD,22840.59,ACTIVE,2024-05-03
cced1b05-748c-4b9e-ab0b-7f62023d307e,01d5ea1e-91b8-4ea7-938b-bb69fb717ef4,SAVINGS,USD,47794.38,ACTIVE,2025-10-14
1b9a5299-130e-4135-9c08-4dcbd920dd83,1abef355-dde3-4020-aab8-c14e7ba0c860,CHECKING,USD,17420.77,ACTIVE,2025-02-04
c2ff0f06-297c-466c-a8b0-8c1e3568ece5,d00dcd52-8831-4166-bed0-c6fd3ce3da20,BUSINESS,USD,29197.02,ACTIVE,2025-11-18
c768b7d5-6a1c-4e37-983e-56290c65d6e0,f2232d22-1efa-4e2b-b2ff-4fa1a211397c,BUSINESS,USD,23308.12,ACTIVE,2022-02-11
2740b31a-d03b-4227-b163-528d45c081e7,da6d4937-b085-4dc4-8ac2-4aff2ad804c7,CHECKING,USD,40797.26,ACTIVE,2023-04-04
cfcce560-b741-45fa-97bb-73e91ce39d3e,90706eee-7661-421b-81ec-74d84dd5e2e5,SAVINGS,USD,38332.41,ACTIVE,2022-05-01
fc23c2ff-80e8-4aad-95c6-6d2b9e4e5c36,a9d01f98-ae98-4443-b550-cc1d3a942cd2,SAVINGS,USD,17474.44,ACTIVE,2023-12-17
089e6fa8-03cf-409b-bd34-442faceac6dc,a77be76f-2943-4f28-8683-b1600b934969,SAVINGS,USD,9466.64,ACTIVE,2024-01-20
e555fbd8-b8e8-4e97-af7f-d88a4f20367f,0e7445c6-610b-4f10-9e50-0b167497c3a1,BUSINESS,USD,10426.55,ACTIVE,2026-04-04
9e329f71-ca09-4aa9-8971-36f1b6320c2c,20bf1343-8019-4f67-8e7f-02e775e8160f,BUSINESS,USD,16808.41,ACTIVE,2024-03-23
9413aa22-6c36-4a1e-b96a-32bda1821f27,9f2f1661-570f-4e44-a73f-19833836411e,SAVINGS,USD,29067.18,ACTIVE,2023-09-30
fd558552-a24b-4c8a-a0fb-bb003399d232,f95b7b0c-5a4b-4d60-bbd0-0f27df99a21b,BUSINESS,USD,45797.08,ACTIVE,2024-10-30
054b870f-60d9-483d-98ef-55a53f31892d,ce566689-f3b3-40a6-aa8f-8b443a8da8ab,CHECKING,USD,42936.49,ACTIVE,2024-10-28
5ad62347-d64f-4fe0-9011-292d6e92d12e,ab853f22-1d67-4ee7-bc14-a292a71f2820,SAVINGS,USD,37808.44,ACTIVE,2024-09-16
a4ff8a5f-85e4-45ec-9cb0-4c5bcd370c78,49671d9d-9cca-4d7a-a96e-84fb7b10c039,BUSINESS,USD,12635.96,ACTIVE,2022-06-13
65f2b5d6-cd57-414e-abdc-6ad4407312d9,20e3c2f1-47d9-4b55-9429-79570885ae19,CHECKING,USD,37699.69,ACTIVE,2025-09-02
d123e9e4-42c7-4a92-837a-862fb5e8bdc6,32cbc753-c04f-4438-80c5-b6d5403ecd49,CHECKING,USD,6947.34,ACTIVE,2022-02-25
5f8807ff-21ac-4b23-903d-a3286b698e8d,3930af10-aa5a-43f8-a36e-f86e7ce1c20e,SAVINGS,USD,24929.46,ACTIVE,2024-07-03
be6a9c57-f5ba-43cb-8f25-39661ca58d11,84b7d16f-fe15-4c73-ae80-d77b5e2ac2cc,SAVINGS,USD,49845.36,ACTIVE,2023-08-15
a87c7135-263f-41b6-81a1-6715875906d1,ca0e619d-d336-4a84-ba5c-fd095440fc0e,CHECKING,USD,31424.07,ACTIVE,2022-03-04
ba86ce31-e729-4644-9e90-ba9ad3981565,cdd3d59b-161b-4800-8a66-ef0e7082696b,BUSINESS,USD,1192.44,ACTIVE,2025-01-03
a2c5c54b-d666-4c27-8ed8-75bcf773745a,62151ee1-b6c2-4910-952f-00f114ed5cb7,SAVINGS,USD,16629.3,ACTIVE,2023-01-26
33a951cc-f1c4-4b21-9a57-74f067d3b48b,0a8999ba-4a12-4a8f-b860-69b565f416da,CHECKING,USD,18658.28,ACTIVE,2025-12-01
ab639dbf-0235-4d64-bed3-91004edc3501,da4ebc57-b7e6-4c9d-a17b-6c1721777867,CHECKING,USD,24627.96,ACTIVE,2025-03-20
ee232f3a-38a8-4a8d-8c3c-304b925f66e9,76f4ed07-1533-4acf-babd-4735ccc912ac,BUSINESS,USD,22556.06,ACTIVE,2022-01-19
8f129bbd-e502-4a6e-a53b-1b5fa93f385e,77c72fcb-db41-463c-9002-5a3d9272fc9c,BUSINESS,USD,23033.56,ACTIVE,2025-07-16
dc7dfe65-fa93-40bb-9e18-a5a0d017a2af,023daad3-c230-439b-a4d3-8e42a5f0f2b2,CHECKING,USD,8412.19,ACTIVE,2025-12-18
ea73bc4a-d97a-491c-ae14-2532e1aebf4a,ae29c310-6bbd-4e60-b4ce-7131ac8e6b5a,CHECKING,USD,20550.5,ACTIVE,2025-03-16
c702de97-d960-4391-badd-b3a75b336aff,e9d1df60-3235-4601-96ba-dac6dd762091,CHECKING,USD,734.92,ACTIVE,2022-07-29
a027fe3f-4c1a-4ddb-9c2b-1aa0239b1a11,811c637f-cafe-45f5-87b2-b6bd4dd0456e,SAVINGS,USD,9218.86,ACTIVE,2023-02-08
abfb0743-637a-48b7-927c-726f567c1365,fd921aee-7a91-4581-a785-21f0ef89faca,CHECKING,USD,49053.39,ACTIVE,2022-01-18
04c2b951-d8be-4fb4-b768-8eec72082f41,e978df24-77a9-4848-a9b0-eece22d521f0,CHECKING,USD,36356.37,ACTIVE,2024-08-27
a784f0f4-ca5c-4537-89b7-cf470fdf16cd,5c49b68f-0945-4c56-99ce-d3c2cc696e09,SAVINGS,USD,26731.57,ACTIVE,2026-07-01
0881872e-8bcd-4121-8718-aafae9515ea4,8cdc38b3-4da1-4624-8da1-493894b543a2,BUSINESS,USD,34126.35,ACTIVE,2023-11-10
115d1973-ff32-40dd-9d38-4f6d1736e767,c2da1333-8f8e-4a2c-a6bb-57614e52d8f9,CHECKING,USD,29756.9,ACTIVE,2022-06-19
30bb06fe-3cb7-4983-9bc4-26c3a2ef19bf,65d22b37-6a5f-4ac2-a09f-c505b6a2f052,BUSINESS,USD,21476.11,ACTIVE,2022-08-23
ddd59622-4735-4885-8909-01c8d096cdf8,66ae7af6-b943-465d-9843-1cce86dd4892,SAVINGS,USD,31739.93,ACTIVE,2023-03-16
783276e3-6113-4ffb-ab2a-7e313e9f33f4,8ccd05db-7eb3-490e-b617-fce2a36be947,SAVINGS,USD,46732.2,ACTIVE,2023-12-08
4eba9181-5f90-41b5-9082-c94cf5f6fb99,f9be5828-0fcf-4fb4-88b2-32c252556242,SAVINGS,USD,10763.97,ACTIVE,2024-12-25
40ce8bd9-5381-4e9f-80d1-abdb801aea86,b485bd9a-86c5-4e74-888c-835d7592f246,CHECKING,USD,27640.2,ACTIVE,2022-03-24
f75da2ad-0140-449f-a5d9-ad1763f5781f,0223631f-d4fc-4e06-a21e-eaf5f060759c,CHECKING,USD,33599.75,ACTIVE,2025-10-05
02388ee0-773f-4e1b-9d88-bb588241b812,70704547-c738-4914-85fb-abb3fc8b3a8d,CHECKING,USD,33475.79,ACTIVE,2025-07-02
793707f0-fe24-4a02-a4b8-0eda811f92c4,8269fc52-1f65-48ad-890d-ce5f2ea163df,BUSINESS,USD,27347.2,ACTIVE,2026-06-20
e72773dd-1252-4dc1-a6d0-6e539b70d58c,5aca6723-112e-4ad2-a1b5-aeb65e8b55f3,CHECKING,USD,14625.63,ACTIVE,2024-06-26
079c949d-576f-46c5-bf5a-44c43b881710,080a390c-74cf-40a8-b002-8cc085475eac,SAVINGS,USD,34441.23,ACTIVE,2025-06-28
5d9649b3-ad7d-4af3-978a-c967e0d912fb,255240d1-0cfe-4e50-a2c1-3c47b1e900b4,BUSINESS,USD,42211.68,ACTIVE,2023-05-12
99ca0ad7-6935-4061-8ac5-68f9e8329199,2b94e4f5-f7d4-440c-8a00-ec8e625a6303,CHECKING,USD,15589.58,ACTIVE,2021-09-12
b18496ff-8769-43bd-8517-0050108471e0,4e17625d-3420-4fbb-874b-5e0b29c1470b,SAVINGS,USD,47482.59,ACTIVE,2022-04-25
a4b5eaed-e427-42b7-ba4a-92a13795e4c0,aac1676d-6898-4c36-a3a5-17f551bd4c3c,CHECKING,USD,29277.2,ACTIVE,2025-08-22
c6e09b56-649e-4af8-be8a-5273ef2829e1,bd2cf8b6-23a5-4a4a-afbb-d9bb998b7b2f,BUSINESS,USD,1949.01,ACTIVE,2024-01-14
210a6ba9-b220-4ea9-a8fe-feb376c26781,01d2b20a-0418-40c0-b97b-a8ee984ac145,SAVINGS,USD,47367.88,ACTIVE,2026-04-08
37ccd2e5-8b3f-4603-9dfd-c3ecf2bb0daf,15763512-fde6-4ae4-8877-a302b2b3880c,SAVINGS,USD,37604.33,ACTIVE,2023-10-11
6c36fb86-428f-47bb-b424-b65aceb57f2d,b54e177f-8eab-4050-ad44-7bf97b92fb7e,SAVINGS,USD,16613.94,ACTIVE,2023-03-03
54c8c9f3-51df-49d5-94e9-d99941c26ce6,de2c7386-f151-44c6-bd8f-78d3ab08a332,SAVINGS,USD,12540.38,ACTIVE,2024-11-30
04412761-9d0d-46a2-8d8c-f6844c8fea55,40b65e8b-86d8-4d8b-99cf-c0a64f1e8fa5,SAVINGS,USD,37431.89,ACTIVE,2025-10-08
e63d3e5e-5532-4389-aed2-66898f078794,126680a0-5e74-4da0-a323-6c9b632973b9,SAVINGS,USD,11110.97,ACTIVE,2024-09-23
94fd4f6d-5976-4f2c-8cfe-2b4a667655b9,eb71946f-62cc-4cd7-b845-7e967df240ce,BUSINESS,USD,1171.81,ACTIVE,2022-12-14
4b5226e3-7e4e-4582-a840-b75006a2f2cd,cb565f65-3af8-4bb9-94f2-9e3669a0a1f9,SAVINGS,USD,12436.35,ACTIVE,2026-05-17
440d3868-680c-4c08-944d-1557cbf21387,f0249fe6-fbdf-4b1f-8331-1de4c6e35c6b,SAVINGS,USD,30542.41,ACTIVE,2026-04-01
d5c8b915-1d9e-4d51-b92f-e02eeebf1fb8,b162d2b8-ae51-4267-8e2e-7914204540f5,CHECKING,USD,23378.28,ACTIVE,2023-03-05
21c9dc83-b14a-4923-bd8f-640821d1a5f2,1d85fb70-9d6f-462f-ade3-c4a6424d4f63,BUSINESS,USD,17081.46,ACTIVE,2024-04-24
2c941623-9489-4ec1-b287-f7ea69c6ec62,ba90f0fd-b5a5-4d48-94f6-7752972d268b,CHECKING,USD,240.94,ACTIVE,2023-04-27
96ba2b9a-9ece-4a28-bcd7-5ce5eed20a6a,3e4aa1d1-e825-4046-ab4b-dced441857ec,CHECKING,USD,14750.64,ACTIVE,2022-05-31
af413a46-2a35-4cba-a332-de001d8714ee,5fe96315-f9bf-4fa7-85bc-d6661c6e0fa8,BUSINESS,USD,24205.09,ACTIVE,2024-08-06
4398dc6b-dbaa-4a5a-a2a8-e95723eb5542,def17048-43e7-4980-85d5-d9ca4aecd525,BUSINESS,USD,27501.83,ACTIVE,2024-05-09
1590a611-0c13-4a30-a6a1-15ca77e2381e,5be3f00e-9749-45d9-be2a-f8833c97ebca,SAVINGS,USD,34772.22,ACTIVE,2025-12-13
755d798a-a8a3-48fb-99ae-e6aa711e45f2,d2e44c8b-d715-42ff-a9c8-12dc6adff88a,CHECKING,USD,47635.98,ACTIVE,2025-05-13
8a268691-90c6-498a-947b-54a03ec2b36a,f26ebaa9-a792-4e2b-a13b-fe4dbf344237,SAVINGS,USD,46931.21,ACTIVE,2022-06-21
7faa8fb9-3c42-4497-8c10-e23d30cb0d76,58f46bed-5662-4948-bf95-7325a9b279d8,BUSINESS,USD,31903.39,ACTIVE,2025-12-16
9f79f4c8-1013-4590-bba6-5609bbc711af,c9f19ad5-0d9e-4f18-83f2-e060a5408945,SAVINGS,USD,43943.13,ACTIVE,2025-11-19
8c0b64b0-284e-46d6-97fd-15ddefa0a1e3,8552603d-b9b3-411b-b44f-1ee9377e99b5,SAVINGS,USD,9721.54,ACTIVE,2024-09-27
50622307-1df0-4e28-b6dc-c8c98230723a,348f1c2c-61dc-4500-b9fa-13d3960aa3ca,BUSINESS,USD,23068.53,ACTIVE,2024-07-11
6b8e58de-f02d-4970-90a7-85f18be28fb6,5fe6fed9-f241-4a96-a0a9-7aedd1c9cbd1,BUSINESS,USD,3335.74,ACTIVE,2025-08-29
ae34a25f-ed12-495a-9e26-ccc0858e1c67,76f654ef-abcb-4126-b3ee-f93e179396ec,BUSINESS,USD,23640.34,ACTIVE,2026-04-15
010cf094-2b58-43ab-b307-24e3391f58ad,b9d2c014-5e5f-48fa-aebf-10f3550c9cdf,SAVINGS,USD,45800.02,ACTIVE,2023-01-27
0468725f-a211-4423-a2dc-626072583194,bbbbb012-590e-4124-bff5-cf48a015ab2c,SAVINGS,USD,8216.08,ACTIVE,2021-10-14
bbe6d0eb-2db9-4026-9405-ec3cedf5cccb,6a9fae50-2db4-4f59-a71c-f6f3538bf3ed,CHECKING,USD,22091.38,ACTIVE,2022-03-11
e5fd3576-1667-4396-bb28-1c0eae6bac96,79a00991-3532-4e4a-ba46-5cf4e6217573,SAVINGS,USD,5861.02,ACTIVE,2025-12-14
8f236cf7-e0c9-4fd7-ab08-5993c62f4256,061f76b1-a8ed-4e1c-bb9c-d4fe3e5ad1fe,CHECKING,USD,15117.33,ACTIVE,2025-10-07
1c14a81d-bd25-4fc9-a7f7-5d9aade55056,6eb42f51-a007-4a7b-919b-22f21e246939,BUSINESS,USD,16760.04,ACTIVE,2024-08-01
877548e2-7143-4fe4-9cff-63b3d56179d4,804281fb-14a0-41c1-8d71-c633f369fea0,SAVINGS,USD,24221.77,ACTIVE,2023-04-27
589c2a87-c5e9-4364-9d48-a7c478e21909,e72338d8-0a35-4e7e-8730-eef864439fca,BUSINESS,USD,9906.61,ACTIVE,2023-10-31
bf0de2d9-d66d-463b-a9f1-c6901e110656,8ecf48d1-e0d0-4f63-8238-d35fea8f7f1e,BUSINESS,USD,46475.47,ACTIVE,2026-01-08
1c360d5e-69b1-4ac6-8b60-85df6e9cda30,8126cfc5-9bb2-46a8-99e0-383018c04e2a,CHECKING,USD,26289.62,ACTIVE,2026-03-05
a62eaccc-6411-4eb7-8ef8-188c11f2e730,5db94ff8-3499-466b-8a89-041e8ee0fd01,BUSINESS,USD,17574.91,ACTIVE,2024-01-03
15288546-613e-4c62-8821-b0ed8e976b4b,88c8d835-97c0-470a-b33a-7f7a3ab4c6a4,BUSINESS,USD,16068.92,ACTIVE,2022-10-18
25fe9cbb-a34d-4fd6-bd1f-657f8a6fe7e4,c5d51232-9a63-4c40-acdb-7abb614ef1b1,BUSINESS,USD,25901.46,ACTIVE,2024-05-20
6b9e3b6e-1dd8-4af5-b087-8c315ef7dce3,6550bf8c-64a3-463f-aa3f-dbe18cb7568a,BUSINESS,USD,3829.44,ACTIVE,2024-03-14
995fb49e-a1d6-4b52-b779-2c96fdc8a25b,ba8ed477-fa8f-413e-a1f3-a736ab45d30d,CHECKING,USD,18684.17,ACTIVE,2023-07-15
889a907e-4030-41a4-94bb-a93bf1fd8789,7665f19c-58fb-4b8f-baaf-6bffb30c1842,CHECKING,USD,12309.46,ACTIVE,2024-01-03
be263920-be8c-4bd5-81cb-62cefe12d5a2,a52feb7b-6932-4287-a13f-33f0f4da342c,BUSINESS,USD,37134.82,ACTIVE,2022-10-24
25cbcc0a-934b-43bb-b764-6ec9355689ab,7b827722-e63b-49c4-af12-d4e3d32057f1,SAVINGS,USD,38512.96,ACTIVE,2022-12-12
67bc9d0f-0b98-467c-8201-375956fd9aa3,11628cdd-80c1-4c25-80d7-b66bf3fd49ef,CHECKING,USD,15485.32,ACTIVE,2022-12-02
ad6a69e8-66ab-4544-9878-2b38114d63df,e30906b8-f410-4ecd-8d4a-f6020f0aed3f,CHECKING,USD,40203.99,ACTIVE,2024-07-21
8c5f46d8-92a8-4b37-bbe8-80f7a568c311,8491446f-c112-4e70-a622-094186a25f06,CHECKING,USD,14167.66,ACTIVE,2023-08-23
d1561a22-9f42-47fa-bc97-ae39e0bc409a,0c2ecd5a-ba7c-4809-8710-80ee336bb593,SAVINGS,USD,40692.74,ACTIVE,2022-12-04
31baaf95-3251-42d3-a47d-373db306e83c,d49c6228-7a63-48fd-b7a2-6123649e6029,SAVINGS,USD,30006.32,ACTIVE,2024-03-27
efe888b4-9672-4595-90e1-ede7941bd806,64064212-0efd-4ffb-8d95-b4c62478194a,BUSINESS,USD,17443.14,ACTIVE,2025-09-20
6031b1ec-0a7d-47d5-a36d-5cb4192909a4,511c28fe-8787-46db-bd83-74b5a3b19064,SAVINGS,USD,38225.38,ACTIVE,2023-12-30
f72cfe08-551f-401e-9453-7aeb94f35501,e20ef3cb-2232-4934-8219-29809870097d,CHECKING,USD,20075.13,ACTIVE,2025-02-01
0bfff736-c028-41d6-a378-a718439fb030,cf4e9c0f-4208-4d47-bb42-a1d211d9e301,SAVINGS,USD,7925.52,ACTIVE,2024-11-29
f649b12d-5a39-4d1d-affa-c4d181a1dfbb,17b92867-d22b-4f43-9986-213f737db9f6,BUSINESS,USD,36916.6,ACTIVE,2022-03-25
d7091554-31b4-4b54-b660-e29f5c384588,66117fa7-dff4-4685-93d0-8d10fa31816a,CHECKING,USD,32978.74,ACTIVE,2022-09-20
a110876c-0510-4466-81c4-1428f564cdcb,101523a5-894e-4882-8991-b3e614229047,BUSINESS,USD,37479.05,ACTIVE,2026-02-16
4864f4b4-362c-450a-aa00-89429e183bbb,d8978efa-dc04-4058-9655-0940506d1353,SAVINGS,USD,4748.46,ACTIVE,2022-04-04
ef95e54f-dc1a-4b24-a277-5213bcfac1e7,ddbf1fa3-cc20-4ff0-b2d5-796d943d7044,BUSINESS,USD,6729.71,ACTIVE,2024-08-21
3dbe3655-6913-43a5-a604-51e6f1d70c82,da18d319-2acc-4c52-add9-c46a45f183eb,SAVINGS,USD,46053.16,ACTIVE,2025-03-03
08224a1f-0fbb-479a-9242-f928ac947b86,7a73cb47-9bd6-436b-be94-66d10e52a17b,BUSINESS,USD,12157.65,ACTIVE,2023-07-21
017cccc9-53f9-49b1-9b10-0cfe94f8d113,d7e72fd8-4040-4594-ac3e-9864c8e1df46,CHECKING,USD,44993.15,ACTIVE,2024-01-28
0a356470-d4f6-4820-a086-7e052560a1f3,d8eb47cc-158f-44f4-ab8b-eaf407ea8452,CHECKING,USD,17660.14,ACTIVE,2022-06-20
4a73573f-3fdf-4290-add1-94336472016f,0fb47861-10fc-4c17-9d92-86cc14be220d,BUSINESS,USD,1924.52,ACTIVE,2024-12-01
4d2f33f4-fcbf-4ba3-8190-5e9f91c913c8,54c235b3-8059-464c-a27b-6b163f1b9b3f,CHECKING,USD,19769.49,ACTIVE,2024-10-11
53cd09dd-9d94-48bf-9b21-728ca9ac93a0,e6b055e6-d561-4363-8631-969638dd0fe5,CHECKING,USD,41493.73,ACTIVE,2024-10-05
ed22a12e-f96a-4b07-83e0-091b68021835,1b35565a-109b-4373-944a-1aab9840cf6c,CHECKING,USD,45655.61,ACTIVE,2025-06-07
d6dee2d1-e57b-4b6e-b1eb-4a82174bf2c9,81b2c7eb-8bad-41e8-a0da-5131d383993d,CHECKING,USD,27549.96,ACTIVE,2023-12-29
b15dc7ab-5b3d-4876-bf79-d0b8df501fbb,7c42a40f-9d67-40ed-9c3f-926bfb698fc7,BUSINESS,USD,11769.36,ACTIVE,2025-07-07
03d32ce5-09b9-4af9-a983-7ab0e15b4245,f7904869-ac61-4b2d-8664-03c8ea41fe88,CHECKING,USD,16268.0,ACTIVE,2024-06-16
49d9a5d5-1c7e-4a21-a62c-063ad58bc164,11e71c54-37a4-4a7a-8dc6-cbe721f41e65,BUSINESS,USD,27462.24,ACTIVE,2024-08-01
94332f73-b9b4-42c0-b0e5-eb44be091928,60bc0969-d120-4708-8dae-09db003eaedc,SAVINGS,USD,11680.36,ACTIVE,2023-11-23
ff864a03-5272-4eff-8de1-6843301bc5f0,00defe5f-2bea-43a3-89c9-dabbd1b11ac0,BUSINESS,USD,41111.96,ACTIVE,2021-12-12
b0f6e70e-1bba-4d56-8f67-a4e13eb30f74,a0aa6b18-0174-464e-89e7-07f162a0176d,CHECKING,USD,29463.42,ACTIVE,2026-01-17
56633a23-9f2d-455f-a8e0-9637b39b0c7c,80f8936c-0b6f-4777-9a1a-a8b85f973674,BUSINESS,USD,11171.13,ACTIVE,2021-09-07
4f39512f-f7d3-46f6-ad0a-8d45df023fdb,d3505d27-bc0f-492a-a690-f6641aa7e22b,BUSINESS,USD,11866.17,ACTIVE,2026-02-07
ec0d339f-f439-434a-9514-74e6758980c3,1ec26abb-895c-4164-97dd-6c03397562c9,BUSINESS,USD,12072.13,ACTIVE,2025-10-26
6e84e135-eec3-4ab3-97f2-6a5dcb80a1c4,49e5e6a5-ff91-4c70-9453-cac653b02513,CHECKING,USD,16141.51,ACTIVE,2022-01-20
c3bee61b-a460-49b2-98f4-6bc390c9234d,bfdfa881-0cb0-454e-abae-ce762e879185,SAVINGS,USD,30771.38,ACTIVE,2023-03-28
01110fb5-cde8-45ef-a788-5a1fcdb9097b,d0d77b42-81e8-43f9-8b85-2ff05d20caa1,CHECKING,USD,7391.92,ACTIVE,2024-05-02
1f27ae8e-1e37-4e46-ae53-033780cf3c97,0852db9f-4461-4406-a8ae-8794d98b8c4b,BUSINESS,USD,18746.78,ACTIVE,2023-05-15
1ca0b5e5-d987-49fc-a50b-4a9240d00188,af872034-1455-44dd-9505-8a3cce89ea80,SAVINGS,USD,32650.85,ACTIVE,2023-05-22
b301131c-a9e4-43ae-b8de-4e609229f590,93c37f49-2188-439a-8836-8060ae4fa767,CHECKING,USD,4333.77,ACTIVE,2022-04-02
9c093b2e-61cb-4260-aacc-61ae0f9e85a9,0dc1b6da-64a8-440f-9c83-069c265f8b4f,BUSINESS,USD,21994.14,ACTIVE,2022-10-07
d1d45a89-3459-4bc4-b77c-5d6d356b7a3d,79ec99e6-986a-47ed-9a99-c7486c118eb6,SAVINGS,USD,12913.91,ACTIVE,2023-08-03
1ded3a93-b4dd-41ab-a3f9-10247e5136b3,005d497e-0363-492e-9330-38b08d371797,SAVINGS,USD,46337.56,ACTIVE,2022-04-10
f5808fde-a26c-43d3-b952-9f4e581ce0b2,aa5432b6-61a9-4b7a-8e0e-ee120648e970,SAVINGS,USD,41169.74,ACTIVE,2023-10-08
ec142454-6460-467a-822a-a5de7b27dbd0,759bcb51-0884-434c-94a8-292d2f9a68da,CHECKING,USD,18578.16,ACTIVE,2022-09-18
3259e79d-2084-4a01-bb3d-bf4a8e0211df,2079ba82-4f20-4e17-a32e-df2c757b086f,CHECKING,USD,37848.42,ACTIVE,2022-05-02
e6a6b167-36a3-4971-85f6-72bd7f7c506c,3d71e2f1-ad0d-4cf1-a350-b3ec72cfb460,CHECKING,USD,48405.28,ACTIVE,2024-02-23
e206690d-fae6-43ce-ae98-6a5f49ef4523,f124e16c-444d-406f-ba87-ef893514374d,CHECKING,USD,19850.94,ACTIVE,2021-07-26
1928ce1e-d840-431e-9ef0-73492642ac76,f0dfc73c-f5b8-4a75-9517-6e0353d2b944,SAVINGS,USD,4796.39,ACTIVE,2024-06-22
88b74c8a-16ef-488b-ab27-64b90d815494,db64abec-504b-4140-9dfe-3c6d3bf3183c,CHECKING,USD,20815.71,ACTIVE,2026-02-22
a3504458-214f-42b4-8a6d-67d778087f0d,7af38590-0730-4549-a51c-962bac51e347,CHECKING,USD,8606.01,ACTIVE,2023-08-10
0610b10a-4ec2-485a-8a4e-be1d63df7078,a631fa07-95c8-4443-b34a-1bfdcdddcf95,SAVINGS,USD,17631.86,ACTIVE,2025-12-12
18a9c6c1-2d23-4d75-91b5-671a15ebf710,c950b7c5-ce9f-450a-81e9-f48548abcb9e,BUSINESS,USD,29433.63,ACTIVE,2024-08-22
b22f9756-bf82-4cb7-ade6-2592a80685de,78e5b8df-74bc-415e-8ab7-0688b99b927e,BUSINESS,USD,18110.25,ACTIVE,2023-09-09
9cef2449-049f-4735-8dbb-759d8044c2b9,73405015-85d9-411e-b523-dd08b45b8ea8,CHECKING,USD,34955.49,ACTIVE,2026-02-12
4476f414-46f8-4044-bda5-fda401c8bb29,e6d9b08d-ef6f-49a2-b963-531337b6ebbd,CHECKING,USD,27805.7,ACTIVE,2021-08-06
dd422130-8d44-4370-a37a-3f00e33d83a0,4db0771a-57ca-4d4b-acde-686c3dc579be,CHECKING,USD,37421.74,ACTIVE,2026-07-11
9a8d7265-211b-4532-a322-f8d91743e414,db277ab9-1cea-4559-a4af-a5bcf4fd393d,SAVINGS,USD,28993.1,ACTIVE,2025-12-21
16678a6a-e5fd-46cc-bee6-a0c4e9c74664,8f9f32b2-b030-4e93-8e97-c0c7f4498323,SAVINGS,USD,25729.1,ACTIVE,2022-03-08
40b48690-b0e1-49fd-b13f-a77f30a3fc29,6416cfa4-dfe2-4693-b5a1-9744a92cacaa,CHECKING,USD,8604.04,ACTIVE,2022-03-12
02e54397-3b3a-47d5-b096-8db5f51c0ef0,dbab5e1a-a90c-483f-b0df-614ae31e525a,BUSINESS,USD,9605.76,ACTIVE,2024-06-24
0cd5cd33-28e9-4c03-a7ab-e497a2cd02ab,a75ea8db-759a-423b-a2c2-8bb355754e5d,BUSINESS,USD,44940.84,ACTIVE,2024-10-02
42e33370-036d-48c0-9e32-e6cbd5bf1dd2,8bf17180-beb2-4c5e-b7e6-6a13be711c57,BUSINESS,USD,48737.76,ACTIVE,2023-03-09
3f4e919c-b378-4974-afc8-89f5b44a18c9,e6f6109b-d3b1-411b-a09d-aa585729ee0f,SAVINGS,USD,9054.75,ACTIVE,2022-08-26
7cd68e73-14b7-431d-9cc3-e987a5fc4fc1,cca73f29-2b7e-49ea-9215-a9b1bf5f3705,BUSINESS,USD,5349.27,ACTIVE,2024-12-23
fb747a6b-145a-422d-ad49-25cb5c805c36,0a7e29c3-9cdb-4fa5-8390-d74493160c25,BUSINESS,USD,48649.6,ACTIVE,2024-09-22
75de878a-afe0-4bd2-aab9-64d167987c53,59174324-f8ba-4333-b7a5-3898bf8d72b4,BUSINESS,USD,11260.6,ACTIVE,2026-02-12
20635e2c-6663-40fb-a1e0-ca20b158423e,a00fd3c5-2899-4e46-8b08-70c305e0918f,CHECKING,USD,21432.4,ACTIVE,2024-10-27
3ebc38aa-5e0e-400e-a5ff-c0dfec26703e,cc7d41fe-f34a-4670-a2ac-3a83c1e0f6da,BUSINESS,USD,11526.85,ACTIVE,2025-04-09
099b556d-3cac-4a1f-84f4-3d977df08b83,0c30e930-5ac5-478c-9cb4-a8f8a7d7a0f7,BUSINESS,USD,33206.26,ACTIVE,2021-07-30
c42025d7-a446-4b6d-b7f6-9693520d99b3,93148d11-d28b-41f2-8710-0417ea2935af,CHECKING,USD,45069.75,ACTIVE,2025-10-29
48601844-5a8b-46d3-a3ee-e8d881390b08,b2a9dd70-6986-4010-ad9b-ba237c2237b6,BUSINESS,USD,16945.08,ACTIVE,2022-07-24
3ad0f400-0501-43cb-8b57-8293131f58e2,767a4290-5f86-456c-aef4-81debbfebfe3,CHECKING,USD,25966.6,ACTIVE,2024-01-21
48ee8117-e2de-4cb2-ae30-12283c561002,364acb57-d955-4683-8ef4-8906d5f3171f,CHECKING,USD,17088.6,ACTIVE,2022-01-01
4d13b120-ef6a-46b1-9c6a-36e88bdf8f13,5c18d8d9-b96a-4185-ab2e-c104b7eed283,BUSINESS,USD,2832.85,ACTIVE,2023-03-10
a868f9f9-9285-4782-ab1b-74061ee9a822,1f7bcd4b-b193-47c5-9b83-a4b9e4527c0d,CHECKING,USD,9272.91,ACTIVE,2023-08-06
897efe49-ca31-4a7a-b845-2f3d8090ae38,75d98c7b-be9b-4776-8b86-8f9d50389e4e,SAVINGS,USD,2255.77,ACTIVE,2022-06-10
66b77cce-6e14-4f15-a2ed-45b3d9e4f395,7ef16a21-1979-4ec4-b896-4d58c3752802,BUSINESS,USD,28031.37,ACTIVE,2023-09-17
8a869092-64a0-4cf1-9fd9-5a95e40782bf,56c2fa8f-e11e-488b-96cb-681d5de4e5a0,SAVINGS,USD,18219.78,ACTIVE,2025-08-31
95df7348-c441-4cfa-b7be-0a25b40bfbc7,df3c2058-44c4-4bef-82a1-75bc37d608a9,SAVINGS,USD,6835.15,ACTIVE,2024-08-23
b82adcf8-1214-423d-9b0d-cdd1aadfe221,b81dbff7-ce76-43a3-bcb8-8675e9cc4235,CHECKING,USD,41494.13,ACTIVE,2026-05-13
697102dc-dbde-4e9a-9b3d-b2b0a7ba403d,a483936b-e10c-4341-8eb4-428ef54a725b,CHECKING,USD,40707.15,ACTIVE,2025-02-10
b1913a83-0e14-471c-9223-118c3830e40f,0bbab9c5-69ee-482f-b7d0-bf1645e369c7,SAVINGS,USD,48365.78,ACTIVE,2023-01-06
af087593-a19a-4988-8e1a-6825e36fa1f2,404a929c-b5e9-476e-b3ce-1a41baa15d35,BUSINESS,USD,35457.64,ACTIVE,2026-03-11
35b9b09e-0a80-48c7-9d0f-7c7bcf11db6f,fe9bce18-9c90-4cef-94a8-6263cebbed89,BUSINESS,USD,747.09,ACTIVE,2026-01-21
b7633800-339b-43ab-8588-efc05ca13728,f8e462bb-d320-42e7-b512-e9e94d150c53,SAVINGS,USD,12504.72,ACTIVE,2026-02-05
72b0c666-3caa-4774-8b66-c9bfacc1c2b7,d2497117-b7b1-4b68-a684-8f9989cec5c7,SAVINGS,USD,34740.53,ACTIVE,2022-05-20
83f6e7a4-e58a-4840-9474-1475a47887e8,d92d3269-251f-44a9-9daf-14e571454782,BUSINESS,USD,47397.19,ACTIVE,2023-11-05
8b1fd9d2-bc02-4e0b-bfc3-ddee5bce3639,2d216fda-b055-476e-8ca4-709cada83c7d,SAVINGS,USD,37792.74,ACTIVE,2024-10-29
1e3b0a1d-dc3c-4dd4-a6a0-c34084be7f42,db00c938-93f5-4d0a-927b-f639d432f663,CHECKING,USD,11797.65,ACTIVE,2022-01-24
86f9afad-969d-477f-8410-f6aaba8b73c4,5d8cee94-4824-4cf5-9622-fd25d3bd84b1,CHECKING,USD,18721.17,ACTIVE,2025-11-16
37fa8e2b-7625-4cc1-8757-b58c1c8e3200,de429ebe-ced7-41f4-b1d8-9c20f7923ed8,CHECKING,USD,6493.63,ACTIVE,2023-10-10
66b33d91-431b-41c0-85f9-bbefad1c30d7,30f2ee9e-cd9d-4bf2-8d4e-71c9bc9b6e0a,CHECKING,USD,33200.52,ACTIVE,2024-10-16
7a843e7a-55b6-44e7-bc5c-c208ef132349,d0db3585-9481-4b72-931d-c687bbac4159,CHECKING,USD,4904.27,ACTIVE,2026-04-18
83e74b32-8ab9-4381-9ba9-50fc2e45ff4d,673d23aa-b16c-4d4e-bc8c-e41b8e19c34d,BUSINESS,USD,9839.57,ACTIVE,2021-10-03
b3a44391-92d7-4d99-9a9e-87d5b50adc4a,55f7dbf7-a74b-4e56-bb96-74e57eceefa7,CHECKING,USD,41244.7,ACTIVE,2023-04-06
8ad42be1-ea7f-47fd-8048-7af59cd2cbb0,59f64226-8cdc-4c6a-8e7b-415f6e269321,SAVINGS,USD,36611.81,ACTIVE,2023-12-13
c7cc61de-bebc-4f66-a2bf-5cc3f207ddea,4c322722-a518-4440-b295-d3c4e7e5cb29,SAVINGS,USD,39666.69,ACTIVE,2024-05-18
64e96534-0a33-4df5-8824-39e3e5dc0c02,224e0eb6-14bc-414e-bbe7-de5b1670de52,SAVINGS,USD,35918.98,ACTIVE,2023-08-24
5a1665a7-a17f-48a9-a2d4-aa002dcab2df,47e6651d-e5a1-4b2f-8db6-bd097f74fe74,BUSINESS,USD,15255.44,ACTIVE,2025-04-12
7144a7a5-37e4-4769-8147-7e92c49131ea,60247584-d063-49f2-b123-c2ee85a525a7,BUSINESS,USD,41862.88,ACTIVE,2023-04-17
d47529cd-be97-4348-98c2-6a674221b321,82bd4427-0b64-4d88-8490-f98a55652df6,BUSINESS,USD,2346.24,ACTIVE,2023-09-08
0f2c0105-fbcd-448c-b0be-e97a2631e2d2,358f1631-441b-4cfc-aa0f-95820426b5d2,SAVINGS,USD,49158.99,ACTIVE,2023-12-30
86fd1aba-8b02-4ee1-adde-d0d430f2b219,d0132859-3f67-47dc-8c88-2a5305d56ae1,CHECKING,USD,14399.31,ACTIVE,2022-11-27
cb566ee8-1c1b-42a0-bd01-4d7e7e5c935a,25e16174-1626-460d-aa41-9113ab7c892d,SAVINGS,USD,15187.88,ACTIVE,2024-07-27
ae2f4c21-845d-44ac-a5a8-1568d02c856f,6c028f2c-548c-4d63-8808-9129e1ad23c8,BUSINESS,USD,5828.57,ACTIVE,2025-02-27
4f7b5c7b-11ae-462a-9fbb-291863b85299,24a2ac28-409f-46a0-8722-adb611b1ecf5,BUSINESS,USD,1701.73,ACTIVE,2022-11-04
87d6f339-f13b-4334-b750-2ec87b97e9af,ad5e0b24-ffac-4ffc-89ea-3f5595801b5e,SAVINGS,USD,26723.27,ACTIVE,2024-11-17
c4a171b4-9955-4a19-95d2-f88a3b1414e8,f802e37d-9768-4378-99e9-245e0e811b10,SAVINGS,USD,8970.89,ACTIVE,2024-09-03
40b98063-7400-4e24-8cbf-bf5738e0865f,4b01e6e2-2fc7-4ed0-b007-23534f5e2c2f,BUSINESS,USD,10564.03,ACTIVE,2022-11-09
a9d75a01-9be3-49ee-adf6-a898bf21e452,db9daea8-5302-451a-9771-d99cd6108769,CHECKING,USD,47775.55,ACTIVE,2024-11-30
feb711b5-0f34-4ebd-a614-d9c70dcec01b,104d208c-e646-4967-9b8c-96a58dfc0733,SAVINGS,USD,2352.11,ACTIVE,2026-06-14
c6016c40-fb2a-4e28-a265-d55f4a526813,41d0cce0-504c-48f0-8d0e-c34853084647,CHECKING,USD,27719.4,ACTIVE,2021-11-06
6c6192a4-3e2f-4403-a645-689051c2d878,f8fa0cbd-254d-4900-a2d4-a67da4231b89,BUSINESS,USD,39510.72,ACTIVE,2024-12-24
2e53b8e0-1acc-4eb6-9ea9-7783e454b902,58503b28-6e66-4dcc-a5cc-fa3f0fb32ac2,CHECKING,USD,34733.95,ACTIVE,2023-12-08
52ce8508-b793-4e23-94c9-62c05553d2b3,f211d738-01a1-4c7a-9748-1d002d8c8ef5,CHECKING,USD,41358.45,ACTIVE,2023-07-22
5524cf1c-f5fb-4a97-a316-337ba08335a0,ed508f97-81c0-407f-a970-13cccbc9d098,SAVINGS,USD,33011.66,ACTIVE,2021-08-26
108ce64e-5eff-4afa-82e2-4e056fabf95a,ed1f5313-ce85-420d-8561-b8ecd3dd430d,SAVINGS,USD,44688.87,ACTIVE,2022-08-25
caf4e37b-130c-4515-b584-783c8c3b2f0e,3dba3160-4ee6-4c57-a780-da03e6ab3a03,CHECKING,USD,49637.02,ACTIVE,2025-05-17
8d8f814b-de3a-4946-bfe8-617f2c098a59,fedb44d8-3017-4268-a617-dc323483deb1,BUSINESS,USD,30468.0,ACTIVE,2024-10-19
c26f613e-c912-418e-aa51-cf823b730a46,39fd5e81-9e1e-4108-b5fe-3f8e3faa26a4,CHECKING,USD,49730.51,ACTIVE,2025-12-25
a3b1a19a-3fe7-4542-92d5-a4c258ba5089,2c5502de-a88d-42b1-bcac-34bc60c75c8d,BUSINESS,USD,20810.88,ACTIVE,2025-12-05
4383ddc6-d844-4aa4-b132-1edb57cb35d6,452b7eb9-3f67-42fc-bffd-39618c7be3f4,SAVINGS,USD,45038.93,ACTIVE,2024-11-06
eec93db9-ccd9-4085-a0c8-31c93c7649d7,32eaa213-1106-4ee4-a3b7-3741acb05efa,SAVINGS,USD,21695.65,ACTIVE,2022-06-24
e0b94e2b-a256-45b7-b1bb-64e8968ce710,e4e99dc9-057c-4665-978c-7e94f525f7cf,CHECKING,USD,25283.14,ACTIVE,2021-08-12
17e4267d-a007-4a78-9a70-e1a9b4f2e51e,bc921232-3b20-4cc9-aa29-ca75601e0d53,CHECKING,USD,45153.6,ACTIVE,2025-06-25
becdc667-48a4-46f0-9691-9d3f84096c73,6fb199c1-cd8d-4cfc-9113-b5f9c7d7cb2a,CHECKING,USD,13548.16,ACTIVE,2022-02-22
5bebf754-e9cd-47fe-ba01-2dc7e1ace0c7,4660272b-00d4-4986-8e8a-bb41513e26cb,CHECKING,USD,39077.81,ACTIVE,2024-09-22
116cb230-6365-4b9e-8c2f-d4b117480aa2,6c2694fb-ed14-42c7-80e6-e32b5fc3d3d8,SAVINGS,USD,23615.85,ACTIVE,2024-04-15
c6fa7a4f-a128-49a8-b092-b6f41b1d6cc0,0a2fc00d-ab52-4f75-a6cb-318772eb984b,BUSINESS,USD,4873.57,ACTIVE,2024-02-24
e79b3f4d-eeb3-4f7c-8111-2efed755082f,643d8ad1-01f9-43ee-bb01-75cfb69ef2d3,CHECKING,USD,16855.99,ACTIVE,2025-04-16
ab6d1b07-a922-46fb-b910-bba588603ad2,da4b0ac3-0566-44f7-83ec-ed7d5c4b073d,BUSINESS,USD,19878.6,ACTIVE,2026-06-09
87a6c413-f447-430e-9ea8-847895556d37,45300779-7336-4c76-b877-3be758990142,SAVINGS,USD,46853.25,ACTIVE,2023-04-08
debdde87-d84b-462e-9178-8c2b03516dfb,80a9958b-b85f-4692-a024-05cbcda52365,SAVINGS,USD,3203.68,ACTIVE,2022-01-20
3edc8fd5-eee2-41ed-b613-785c6a4dd34b,6cced8cc-845c-4103-b498-9df5a8e05d90,SAVINGS,USD,29219.5,ACTIVE,2026-04-26
621aab91-9b6d-41ee-a82c-8eb75449beaa,64841dee-c2eb-486d-9cf8-fb200e6ac9d5,BUSINESS,USD,12110.22,ACTIVE,2021-09-04
e4f37031-535f-4f56-bc64-863bc39c0d50,5d008b51-ed9e-4a16-b7c7-b77d6a030fe6,BUSINESS,USD,16897.39,ACTIVE,2026-07-16
faf3ec80-c255-4064-8f66-2628842197c4,0d6cb9d6-6c00-4cb8-b542-e9e566930770,SAVINGS,USD,7482.22,ACTIVE,2023-11-20
fdf6a880-f0a5-4807-8b19-0f453841f9f0,7aab1089-7e52-42f9-870b-96962418a27a,CHECKING,USD,42340.21,ACTIVE,2024-02-19
d54f9874-9d66-4af8-9e7c-8ab2e90368ea,733ea429-ad5e-4c7b-a07a-ee36c6b2f064,CHECKING,USD,31808.33,ACTIVE,2024-10-15
fa0008e0-70d6-4067-9cba-1fcda630067e,18820a6d-b5db-4e50-9ce6-cce8fde053e5,SAVINGS,USD,20210.61,ACTIVE,2022-02-03
b98d070b-2341-4d4b-82c7-9d77852c8eab,18789dab-24f3-4502-89e0-c909b74af427,SAVINGS,USD,49600.69,ACTIVE,2026-07-07
d15285d1-21a3-488f-aa08-375d913fd061,8682c79e-634e-4575-b11c-e50f5fa72e7f,CHECKING,USD,25315.36,ACTIVE,2025-06-02
7b1b1017-5383-4660-8138-5c5b318cc7f0,a550cc76-39d4-46bd-b25b-9f189b37e31f,BUSINESS,USD,38172.85,ACTIVE,2025-03-17
bd9bc93e-e903-40e0-9813-21facc4a2d87,ac1ba066-0f3d-4c08-8478-d15cb4c5a754,CHECKING,USD,23337.66,ACTIVE,2022-08-14
5bf59fc8-af8d-4976-a4da-08a6b9a9fbfd,83b80cf2-c4c2-45b5-bb1b-69a2387062a6,CHECKING,USD,22976.17,ACTIVE,2026-06-27
e9f263aa-1e93-4e29-877d-b1be88663027,f54112eb-d129-4e22-bb88-05e22c35eb9c,SAVINGS,USD,20507.13,ACTIVE,2024-01-29
cb40f5dd-6fa3-49a3-a2fd-fc7f88b22eee,cb5d7359-18e2-415c-9f3a-cfc783e3e1f3,BUSINESS,USD,26707.18,ACTIVE,2025-12-10
acd81719-9108-497f-bfdb-ffe970aa4cc8,39bd4464-70cc-4280-8c97-8ca6cb03bb29,SAVINGS,USD,49797.31,ACTIVE,2023-07-31
5026ecea-ec8f-4665-8d72-7186bfd0ee0b,fd6d45ad-d8df-4ef3-84d7-a612f1f21cd0,CHECKING,USD,32124.67,ACTIVE,2024-02-12
a8cc4f91-eac2-4e2e-bd7e-61f5f3cf7b3a,1d69ccc6-2cb7-43b6-91db-f73c5e35386e,CHECKING,USD,25473.71,ACTIVE,2025-01-31
174d7045-2034-4b06-8188-e806eadfc563,06dd8204-6d0c-429d-9cec-e46a1818ca7a,CHECKING,USD,21008.05,ACTIVE,2024-02-01
59811419-64cc-4b33-8053-8b252ca6f6f7,acbae09d-021e-4e99-bb45-20ffe3ee5c37,CHECKING,USD,1135.62,ACTIVE,2023-06-24
288ecb5e-20bf-4ad1-8711-abd9cacaec2f,3342abd7-4d09-4196-aea6-7247cea6794f,SAVINGS,USD,10467.6,ACTIVE,2026-03-09
132a355a-08a7-43ab-a10d-56e4fb05547d,f96d95e2-a5e7-41fa-8ac9-de04c53a16c6,CHECKING,USD,7501.45,ACTIVE,2026-01-26
38428ffa-b60a-42cb-8484-edd8d414a26c,0f9d3076-fc6b-49e3-809e-41c406d3ce12,SAVINGS,USD,7124.67,ACTIVE,2022-02-24
91a97fdd-71af-4ea2-9b9f-0d2d2393644a,bbc1bb6b-30dc-46b5-afdb-449f3feef3ec,SAVINGS,USD,31781.2,ACTIVE,2024-12-14
cebb8f0a-f2cc-416f-8b65-994d85df36b0,95e9c49f-00ac-40e7-a473-76e5634cc2a7,BUSINESS,USD,40439.98,ACTIVE,2025-04-13
aedf1b7b-2384-481b-830d-f70d02778471,d59f5d13-b8e4-4373-a522-e3e20cb89409,SAVINGS,USD,7040.52,ACTIVE,2025-01-30
34724aa5-422c-484b-8e1e-969f82d4820a,145d1321-64ba-4db2-8419-67c547ac9898,CHECKING,USD,48309.01,ACTIVE,2022-08-08
7ad511f3-2ab0-4ae7-bdd2-85032360da6d,fd9284b2-ea00-47a3-b405-8b483fb5cecf,CHECKING,USD,31888.5,ACTIVE,2024-11-04
8d113cab-d295-491f-b951-59f5f255e167,84115076-e07c-4d57-a73e-ae26632fc473,CHECKING,USD,17585.51,ACTIVE,2023-02-28
2917f23a-aa88-4d65-88eb-24a48cd6eab0,4c4dc641-13b6-4a4c-84fd-5330d6c588ed,BUSINESS,USD,35106.69,ACTIVE,2022-10-06
1d27c15e-5fc6-445b-af6c-a33ec59620c0,6673cc79-4fa2-443e-b2ae-b72a9dad180d,SAVINGS,USD,12442.53,ACTIVE,2025-10-07
530399ac-5475-414d-93d9-230645288ab1,4403a9fe-eb80-4602-8ad1-b275b3b1583f,SAVINGS,USD,18863.41,ACTIVE,2021-08-21
2ff35f9b-b9e1-4268-a3b0-1fe0c2728b10,dc0d4bf9-8eca-4d37-8346-1094a427f124,SAVINGS,USD,1903.31,ACTIVE,2022-11-25
23050822-3968-43bb-a3f8-cfc5ac3a76db,3f794c8f-5f8d-406b-91a2-f573b96f09c0,BUSINESS,USD,10974.11,ACTIVE,2024-03-31
b7c1c627-f7b8-4868-84d1-ffcd6f8222d8,f0682ef7-54d5-4331-9e9a-9c05a8219159,SAVINGS,USD,18551.24,ACTIVE,2025-11-07
589b89e9-3755-4966-b50e-fa053bd38c26,530700fc-4ca1-431d-b3a5-4c9b98df1ef7,SAVINGS,USD,22669.97,ACTIVE,2025-07-29
8b163822-e645-4332-bbdb-74c83eb54ce6,75a6ee3f-368a-4a9b-9786-2b534ff1369c,BUSINESS,USD,13064.67,ACTIVE,2022-05-16
70ab41d0-a82f-4f59-83ba-e8739cd38799,401dc418-6682-4745-9fa4-b637f281e2e5,SAVINGS,USD,47766.35,ACTIVE,2026-02-01
86939094-d5b0-423b-a85f-40892f3a864f,43abe97b-b519-400f-8305-5effe6fb752b,SAVINGS,USD,2071.24,ACTIVE,2024-09-11
189f4b9b-c719-44de-87e2-6c6e3fb84778,b1addaac-5b70-47ba-9cd4-952101f6fbd7,SAVINGS,USD,11943.11,ACTIVE,2022-02-02
50925109-058d-4608-a510-c01fdbc584a7,e5b74ebe-3912-4b58-8865-5084e080fd79,CHECKING,USD,47650.72,ACTIVE,2025-12-26
7f7c23a5-3d28-4ce8-b9d1-995f0255f69d,90defb67-d224-4ac7-b74d-6d78234c0990,CHECKING,USD,17770.36,ACTIVE,2025-02-27
8ed0688f-d6c0-4e3c-932d-554097209e64,976b9dce-0ddb-4eea-b509-3392bdb8d573,SAVINGS,USD,10278.58,ACTIVE,2026-03-24
22571e14-d019-4423-97c7-4fdcf549e55d,58147e99-1fb3-47cb-a0c6-02c22ec836ae,SAVINGS,USD,39393.45,ACTIVE,2024-06-27
5a2c00a8-9689-41f6-a26f-dc5e3ff631a5,9e710a61-4b8f-423c-9f6c-9f77b9af0679,BUSINESS,USD,47641.15,ACTIVE,2026-03-22
1c64917a-a5cc-4dcd-add6-11cf62f668ff,061b7b74-e2d4-47c6-8be9-b74825bff57e,BUSINESS,USD,25624.9,ACTIVE,2023-03-04
b6f685d0-11b6-44cd-b0e2-c7cc8cbb2b4a,bd6527cb-ab59-467b-9868-361ef806cec2,SAVINGS,USD,3679.23,ACTIVE,2023-08-31
464b546c-1e5e-47fb-8870-5ad0cd1fe900,b2296d27-c63e-471f-a5f3-98ca9fc68e7d,SAVINGS,USD,21645.81,ACTIVE,2025-04-05
69cb8552-aca3-4864-9d2f-2cd0a7752011,8cfde617-f1b5-4577-aae0-3b5fbaba47fe,CHECKING,USD,26329.94,ACTIVE,2024-09-07
6b853f9c-01a2-41be-a29e-0046b5ea7e36,fa1e8255-0675-455d-9368-7ad6315b49ec,BUSINESS,USD,23996.01,ACTIVE,2025-04-30
fbe0a08d-fcd1-40f3-a4c3-924f0fd5ab74,31bc0d03-2ff3-4ead-a715-a1649689836c,SAVINGS,USD,1010.37,ACTIVE,2021-10-10
a9bba33e-8db8-4cdd-aef2-cc7c786d45db,f1174e77-1066-42d2-adbc-88fb67db53c9,SAVINGS,USD,46620.64,ACTIVE,2023-08-22
02a71524-2c15-46ec-97f5-304c7e066dd0,28e569ea-c9d5-410d-b090-e14bd5e50ae2,SAVINGS,USD,33801.15,ACTIVE,2026-07-11
c066df7f-774d-46a8-ae4c-7a1ba51e1cc1,ef7f12f5-c873-42f7-9fca-cd797fbee503,SAVINGS,USD,12115.59,ACTIVE,2023-02-15
66e34511-28fe-4e8e-8546-cc8213e8d6c0,ce0b3adf-fe19-4a9e-8e52-7549235cebad,SAVINGS,USD,4582.12,ACTIVE,2024-09-14
0a35c7d0-86bf-497a-9c49-0d0ef01095cc,4315822e-ac3b-444d-9af9-307307644df0,SAVINGS,USD,13063.18,ACTIVE,2024-02-06
27fdd052-5343-407f-abcd-d2b9f806667e,03e1dcf6-340e-485e-b890-fc4bfb7fc6c7,CHECKING,USD,14179.14,ACTIVE,2022-06-18
e7b03087-46bb-454b-a0c7-abf915fa7e9f,67f117d5-1433-4fbf-b370-d467d3f86b00,CHECKING,USD,19859.89,ACTIVE,2025-05-12
e25692a0-f0a9-4b0f-9a07-d68848d856c8,eda608ed-ec09-48c8-a5d1-179d2dbd5aab,SAVINGS,USD,27612.39,ACTIVE,2021-08-10
f30d2333-6d2d-457e-8c87-d5fac1726fb5,0e09c862-a194-4c1f-bd6b-ff8e5ed36a15,BUSINESS,USD,27084.14,ACTIVE,2025-09-15
b466fd54-72f6-4137-83a5-387853afa00d,c654e0a5-6af8-4d5e-8b83-8094e94d342f,BUSINESS,USD,5298.11,ACTIVE,2025-06-08
5fa27172-3087-49f6-8617-f81be6823752,460f777d-420c-459a-8164-830382986f32,SAVINGS,USD,12649.82,ACTIVE,2023-09-30
c8b94195-c0aa-43ea-840e-37ea715f451a,7ac0de84-4a0b-477b-9996-e2a55dff44b1,BUSINESS,USD,32071.77,ACTIVE,2026-06-12
6cd3eb65-f69f-4d44-9555-38513ae3895b,c10ccceb-abfe-4fca-8b49-1ecc758c4e71,CHECKING,USD,12201.21,ACTIVE,2021-09-25
153d38ab-7ee3-4ae4-a786-a70386913aa0,f38d59bb-d5fa-4c2f-90d2-36429878bd1f,CHECKING,USD,9606.84,ACTIVE,2023-12-08
9fe33711-6d89-46ab-8dc9-bc04d6420488,c9070c40-c6b3-4f33-90f8-3a17d9fdd3c1,CHECKING,USD,15356.16,ACTIVE,2022-10-28
d236b7bd-d477-4ac9-912b-ec14dd2e2925,a944e39c-e713-459b-afac-c5653376ecd6,CHECKING,USD,38722.92,ACTIVE,2023-10-30
f284d904-aa78-4547-8050-37cd37600ac1,b29bda72-3ba9-4eb9-be8d-aa31aa94899a,BUSINESS,USD,37112.52,ACTIVE,2025-04-30
d87742f0-ced2-4cb9-b73e-5dd5dba908e7,4a5f2150-5693-45ab-ae73-97468b64c04b,BUSINESS,USD,2019.78,ACTIVE,2022-05-06
d9f30a49-0ae4-4253-a2ba-c9b528f9f6f3,b74422d0-9886-46ff-bd0e-74c94561fdc8,BUSINESS,USD,18171.26,ACTIVE,2024-01-29
e7918cac-e9c7-4d7a-806a-a1e10fa30594,295c8912-22ae-4a29-8049-d142359dac3b,SAVINGS,USD,44977.15,ACTIVE,2022-03-31
9228d63a-dbef-4275-a36c-e493fbe51834,4e2c05bc-059f-447c-b085-5ac9db827185,BUSINESS,USD,2087.47,ACTIVE,2023-03-19
0290e344-3d86-4ada-ae85-5f1b5fe5ed9d,74f0cb36-621a-4040-92ec-df7fd70241ab,SAVINGS,USD,22780.05,ACTIVE,2024-03-05
43b18dce-2dd3-4381-bcae-8ce915ba5021,80c98d8f-a1f8-4f9c-b2f7-3bf2aa7044e9,BUSINESS,USD,24085.6,ACTIVE,2022-01-04
06a4af8e-3239-4417-ae18-041324577938,a01e4eea-3f99-46a6-a6d6-9a6cc9f7eb32,BUSINESS,USD,7960.51,ACTIVE,2023-06-24
6816b76f-55b7-4d81-971e-ea20accbfc86,d704523f-ec2f-4d84-aebd-c5dab3c159a5,SAVINGS,USD,24518.81,ACTIVE,2022-07-01
e4f9c6d2-ff46-4afc-bb48-efecf1289d12,05e3557d-5fef-4dcf-8746-a63267a1dee1,CHECKING,USD,49437.83,ACTIVE,2023-09-29
3368e81f-3ebb-4c76-8dde-5e3de37dd933,b7b5f040-e84c-4137-be58-7abe2f0f57ad,SAVINGS,USD,23512.42,ACTIVE,2023-03-10
b723cf2c-049e-4593-9012-1f0acb1348b2,9a55cdfc-5e1d-4a8e-9c35-d314eeb55de2,SAVINGS,USD,18075.61,ACTIVE,2023-02-19
77266ec5-2cb7-49af-a969-42bd68730d5d,731c05d2-7cc6-46a4-a0dc-1531b223fa90,SAVINGS,USD,28927.34,ACTIVE,2024-09-03
af9a0e34-b12e-4123-98b8-e0fe8b500879,4e035537-7b2b-4927-8439-610656372a12,CHECKING,USD,30152.82,ACTIVE,2021-11-21
41fecb1d-b65c-4b07-9a1d-0fbeeef54c4c,c6758200-1d22-4fc7-b329-51b3e349d7b3,CHECKING,USD,22068.22,ACTIVE,2025-06-09
c7dc116f-d14f-484b-be56-34c80093a02c,74471c60-2baa-433f-b4cc-dc596785665c,BUSINESS,USD,6612.74,ACTIVE,2024-08-10
77ba8bb3-2bc7-49af-bc6a-3250edf04d2a,4092c689-5866-4242-ac41-41e003ebc9b7,BUSINESS,USD,12401.57,ACTIVE,2025-07-10
5d6ec3a2-a18f-4cd8-8193-f9bdfb7daff6,995d5118-d897-430b-90d0-ab6095de4244,SAVINGS,USD,28700.81,ACTIVE,2021-12-30
f4a08201-ff61-4ae4-a666-69a42077ce17,f1c6d98b-e4de-4906-b86c-677ae2076bf8,BUSINESS,USD,13448.19,ACTIVE,2025-05-25
582ba682-7986-47e4-bb41-9cc0fc716082,79eec8ff-1fcb-44d2-9fa7-e984127aea37,CHECKING,USD,38917.18,ACTIVE,2024-07-03
41860a00-7a00-4117-a80d-da8a66730b80,6bb4afbf-a23b-49e5-b4cf-4a2551f5d247,BUSINESS,USD,1034.26,ACTIVE,2026-03-05
43605453-fe8f-4217-ac1a-25d72fc5d1a7,7d678bd3-16e2-4f49-a110-afd3930905b8,CHECKING,USD,25107.25,ACTIVE,2022-04-10
4d709235-2bc5-4cd5-840b-9993a16bfaf3,9fe8cff6-99f9-4ba1-a389-bcfc2132673c,CHECKING,USD,14201.33,ACTIVE,2023-10-04
c2cf9851-251a-438e-819e-935a0f425ac9,38030b9a-d23d-4768-b53f-4c2968125f7e,BUSINESS,USD,12931.09,ACTIVE,2023-09-18
7bf862a9-915f-490b-a2bb-c5f121515f4e,3c6ddc1b-49b7-405b-9a05-501767261da5,BUSINESS,USD,30887.74,ACTIVE,2024-08-07
9d17ddce-8eda-4fba-8c99-89a8fbdb15ed,357273b1-88a9-490a-b4cd-2836698df95b,BUSINESS,USD,40461.05,ACTIVE,2026-02-02
218ddd57-4d1e-46c1-b977-f0cf3de69aeb,87ddad9f-e171-42ba-85df-a65dcaeff1e3,SAVINGS,USD,7744.92,ACTIVE,2024-10-13
d73719f6-bb1e-4496-bba7-8b28e83a9210,072f2f64-1258-4b7e-855d-b645f7a62bbc,CHECKING,USD,47078.14,ACTIVE,2025-05-17
9eb6dbed-c340-40a4-b3fb-175b70572981,a3d9f4fb-a83c-43ad-83ab-bb6b34be68ac,CHECKING,USD,48641.22,ACTIVE,2025-03-27
91628b9d-6330-473d-81b0-7e7d61aa3d24,00bec89f-2b7c-4de7-b4a9-df15e955b77a,CHECKING,USD,11196.68,ACTIVE,2025-11-25
85d302b1-bb2d-4ff1-bd3f-ece468366271,7e3211aa-0d8d-4f95-9a7b-37cbe5cc5e93,BUSINESS,USD,12381.71,ACTIVE,2025-07-27
0f92d255-6f43-45a3-a44a-4f89902ebbcf,fee1db13-b89e-443b-a1a7-de0d13189f50,SAVINGS,USD,3190.52,ACTIVE,2023-12-26
9ed2d7b6-ef4a-46f6-821d-99ac98a9ac6c,feba42c8-0781-49bf-bb91-b19d11d02c01,SAVINGS,USD,19210.65,ACTIVE,2024-10-31
d0b65628-54ae-4676-b933-f1cf0c4708eb,c76435d2-a807-451e-bbf4-3ff1ddbfeb30,CHECKING,USD,11419.72,ACTIVE,2025-12-18
e591b295-f2bd-43d1-8190-b73ebfd9458c,5448b873-9055-4fdb-a0c9-92d8957ccd53,SAVINGS,USD,32387.73,ACTIVE,2023-11-08
592d2d08-d0bc-484c-9e10-b94781a9e7c1,1034a9bb-e656-4bdb-a7bf-aae42e64edad,CHECKING,USD,17143.03,ACTIVE,2022-04-08
ebe436a9-a52e-415d-9709-5a6e37ca6b21,564be6f4-3f65-47ab-a6b3-f359e6061d71,SAVINGS,USD,7435.67,ACTIVE,2023-08-20
10bc4cb9-7049-497d-a004-0917b13b8031,7f742781-ee91-4625-be14-bf29f3974492,SAVINGS,USD,8460.45,ACTIVE,2024-07-21
a559e4f0-a56a-474c-b411-c985ec32de6a,f4b14602-b185-44c3-a44e-e95d66a60d87,BUSINESS,USD,27626.75,ACTIVE,2023-02-26
94d0c443-e612-4d6f-bb8c-52e9bc994312,350ea120-ca18-42d4-936c-99420ae08984,BUSINESS,USD,42942.69,ACTIVE,2022-11-01
e4909577-f7f1-4d8e-8c55-924ef8b77c17,4ac2c777-1e51-42ec-b9a7-77ac5c152f4a,CHECKING,USD,21594.57,ACTIVE,2024-06-09
c954454c-1e1f-4f36-94c8-ecc10ca8cefe,a0b0be13-e2b1-4434-bfd1-1c05647b198d,BUSINESS,USD,41672.07,ACTIVE,2024-03-01
c5444dbb-6ac7-4581-8c99-cf04f193ed7d,8b94f5d0-1d2e-48ce-968d-948b19f4a30a,BUSINESS,USD,35412.57,ACTIVE,2025-12-28
54e14019-9c7b-48b1-b0e6-70cbdcbc5a3e,37103f37-7fab-4c37-bba2-3b4496c9a26a,SAVINGS,USD,48998.92,ACTIVE,2024-03-10
280fad27-66ef-41e6-8bf7-227c9bfd3446,0d1b3e3c-a0d7-468f-9190-dc1d2b08153b,SAVINGS,USD,29969.15,ACTIVE,2025-04-03
8723bc0b-6232-4d6d-bbcb-9689e3a8ad00,623f15ff-df3d-4f57-8328-4bbb97a87806,BUSINESS,USD,3167.13,ACTIVE,2022-03-25
9a0d6bf9-35c2-4cd2-8c34-d4a79acd5402,972d336f-9695-40d2-ac18-d465f91d99b0,SAVINGS,USD,6909.73,ACTIVE,2023-02-18
c3648bec-7973-49af-88f6-7925b71c1c0d,f0897fdd-61e9-4872-92f1-91724777a827,SAVINGS,USD,31787.04,ACTIVE,2021-11-02
e5264591-86fa-4dd7-a9c0-1e1cfd7383ca,2f0c04b4-add1-44da-9469-1cb888e94151,BUSINESS,USD,23828.44,ACTIVE,2025-11-17
ba44da2b-b845-4b1c-b448-456603f074f0,23380e73-9f28-4db1-9dc5-71995691c816,SAVINGS,USD,18375.45,ACTIVE,2025-07-01
3c4ae764-2129-417d-bcf6-4520bd7411f8,f33a41c1-6aa4-476c-a5ae-ee3ee36439a0,BUSINESS,USD,14296.51,ACTIVE,2024-01-30
b73144ea-143d-4d3b-99e3-7ef82787d93b,73a73ef6-02ab-45c1-b5b1-3b4aa67d2940,SAVINGS,USD,5231.63,ACTIVE,2025-06-06
abba64d7-2027-41cd-b72d-029a16ad7ca5,a2933234-9310-4cd4-bdd5-72052f947973,CHECKING,USD,35566.28,ACTIVE,2022-10-19
9bfa5642-51c2-4f9a-b70f-b2f3c4663df4,00c1711d-f380-4fb6-81e6-6fa5f76eaab1,SAVINGS,USD,5388.61,ACTIVE,2021-10-07
f1c00845-dcc7-4a9c-b07b-0f3682e8bb74,ab88c239-58f1-44a4-8043-c160d71c9922,SAVINGS,USD,11792.54,ACTIVE,2026-07-07
e3cd4adf-94bd-4e53-8190-7ace4bc259ca,c55471a1-de3d-4de3-a6ed-6053e82725c5,BUSINESS,USD,14977.2,ACTIVE,2024-10-10
ebe28435-bced-42cc-b30d-b251f4209783,b862e99c-cebe-43fb-b09e-103b8ed00370,BUSINESS,USD,21470.72,ACTIVE,2026-06-22
1a0653c8-a4c5-48ce-8246-868abe8596f7,a8f9fe2e-666e-4b8f-84e6-58a4e915d407,BUSINESS,USD,30026.84,ACTIVE,2025-04-15
4c5f6d28-2e5f-4af3-abc6-41e5bcd5b3d4,430380b3-4123-486d-9e9c-891cb6b4a0cb,BUSINESS,USD,21182.89,ACTIVE,2025-01-30
eee5cf26-b4ba-4fc9-9348-60bda3a7225b,6ff40344-d734-4297-bfb5-7bf42de7f032,CHECKING,USD,17729.85,ACTIVE,2026-04-08
c01d8511-a9cf-492b-b7a1-20297b2c5453,c9863b65-3e2d-4367-b7fb-7b8c3df7033b,BUSINESS,USD,30786.95,ACTIVE,2026-05-11
188d6a34-7eb6-4383-b4a0-808455ad9127,ac2f1796-87bc-4059-89bc-947e3a05e23a,SAVINGS,USD,18557.46,ACTIVE,2022-04-05
e628af45-bed7-40dc-bce2-ac4600960159,30fb59b0-be8c-41ac-b76a-6ac137e42251,SAVINGS,USD,21636.4,ACTIVE,2022-05-21
5f85c0d3-2d02-4838-8b57-96aba3595e23,499d9082-7740-475a-a57f-1654fa7fdabd,CHECKING,USD,4217.93,ACTIVE,2023-07-07
6f6dfaff-acf5-41ac-af79-fbe03abb4cf2,6e05e24c-a4e1-4fc3-9424-5e20e282ef6a,BUSINESS,USD,7742.47,ACTIVE,2022-02-20
6f39a395-1b79-4868-9213-fb67c269df60,892d94e6-5a9b-4c1e-9f16-ecfe04566dbc,CHECKING,USD,25034.49,ACTIVE,2026-06-16
509701d8-78e1-4549-a442-02838303ece2,dce3f84f-245a-4e86-b008-4e6dd3c6a4f2,BUSINESS,USD,41135.29,ACTIVE,2021-09-02
ea298add-826d-4d54-a558-e9af3d9ee930,f9ab77f4-8867-4d08-aa7e-76c7c420cd91,CHECKING,USD,2497.61,ACTIVE,2025-04-13
4b0c5cb0-125d-44ae-81e2-2a1cea2dbcb1,0b164883-7000-4ac3-b504-d60640e538aa,CHECKING,USD,3018.87,ACTIVE,2025-10-02
64ffacdd-37ec-4b9c-9549-efe04488918d,6e9355c2-616e-4ef3-9be8-54b0fbefa9c8,SAVINGS,USD,26804.65,ACTIVE,2022-02-01
bbf94952-9ba9-49c5-aea2-23000a74d0a8,f4c88030-d20f-46b0-ab81-1cbe7ad45fee,BUSINESS,USD,8698.7,ACTIVE,2024-10-31
f623ef06-de0f-4b17-8691-1d605e9e065d,59efde41-cb36-4212-94af-b5b4e34c01c6,CHECKING,USD,9078.46,ACTIVE,2026-05-28
f39ad751-4b77-46cd-871f-aa15a86b1a63,b202c84d-d7d9-4810-b131-2889a282a307,SAVINGS,USD,14044.14,ACTIVE,2021-09-06
71a60577-b9af-4af9-8f83-13ac985ce79d,8c0aee52-afd5-49e4-82dd-41e489f9413a,SAVINGS,USD,46505.16,ACTIVE,2024-10-16
a7588087-21b0-4638-ba8f-d05733ba4b2b,facc582a-59fd-4935-842a-0fcdade49b46,SAVINGS,USD,6984.99,ACTIVE,2023-12-13
66ce88f1-1064-4af0-8aa9-af5762884e41,094bb0e8-7580-43b7-ab56-d8b687703549,CHECKING,USD,35978.55,ACTIVE,2023-08-27
f12ee75c-de70-4ba7-adaa-a2eddc949389,fefce371-6fa3-4b21-9440-ebf5fd78e9ea,SAVINGS,USD,20645.6,ACTIVE,2025-05-25
21dce0b8-7572-490b-9fb1-627f3b9542c0,61a83c4d-1113-4751-b191-aee126dd199c,SAVINGS,USD,19050.87,ACTIVE,2025-12-15
f7a99bae-7d51-47ef-91fe-f9b27f071338,8e1deecf-778f-4535-91f1-05fa638117a2,BUSINESS,USD,30100.15,ACTIVE,2026-07-10
286414fb-8b50-47d4-a45a-b04f496545a8,c9037da1-1faf-4dca-ba52-311982cd41b8,SAVINGS,USD,21349.61,ACTIVE,2023-07-20
496afda0-8ec2-444d-91b8-adb3d6365473,4339c49c-81e4-41e5-8efa-c1e88b1e8f69,SAVINGS,USD,18391.37,ACTIVE,2025-03-13
857d91d3-96bc-4056-8352-3fa253c24ba3,a7561e17-10b6-4b94-bfb3-ca00253ad263,BUSINESS,USD,34706.77,ACTIVE,2025-07-09
2e6529cb-abe0-4e3b-aad3-2834838638b4,1683381c-fab4-41dc-9f89-3cfb0e884caa,BUSINESS,USD,22812.56,ACTIVE,2025-06-29
f517f780-8533-4656-abc7-119e9dc13e4f,fa96da01-3c6d-401b-93ad-3af31591d12f,SAVINGS,USD,47622.43,ACTIVE,2025-10-02
ded0fb35-e9fd-4300-8e96-31aa8c3d6b55,1a1ea307-7781-4d5e-be44-55938102c092,SAVINGS,USD,3436.17,ACTIVE,2026-06-27
ad089791-090c-47c7-8c99-eaf6b694cfc1,523a03ad-0931-4f7d-a9d4-c3ae241ede5a,CHECKING,USD,33944.41,ACTIVE,2025-01-12
0bd9d543-5531-4514-8af7-dc4a495a71b9,bf0b0ca8-2c94-4250-a376-57d103baf1c9,BUSINESS,USD,16209.94,ACTIVE,2025-07-15
9804109a-e505-465d-9256-f8a34722209c,844fbdb9-112d-4783-8de0-7c7c836880fb,SAVINGS,USD,18405.82,ACTIVE,2025-07-29
15cd2ee6-97e1-4f7e-aa93-c7de280faa37,9d4f1c54-b698-4297-838f-29eb9a7fcf8d,BUSINESS,USD,45161.76,ACTIVE,2022-01-14
1b9d1c7c-aa04-4ae6-a573-894773c15ef7,ae8e5a0f-b11c-46c4-a22e-78cbde0e79f5,BUSINESS,USD,10249.37,ACTIVE,2023-06-02
1fb71b30-1035-4077-924f-623e60d3e5ec,b281a50a-999c-4650-b1d7-cb453dbb6a00,BUSINESS,USD,12555.45,ACTIVE,2021-12-05
8b867ddc-098a-420c-b85f-c769e583eb6d,13247c19-7d95-4e3a-9a6d-2e54ec0ad956,BUSINESS,USD,20033.18,ACTIVE,2023-08-08
3a130b67-241a-4eb8-a45e-df9e43744b0a,3b971e05-feb0-4058-9936-36604241eb07,SAVINGS,USD,33804.43,ACTIVE,2023-12-14
7f0bea2d-e2cf-4ac3-aeca-6c8f45aa0dd9,cb5bd24c-c5fa-422b-af25-961f11ca3eca,CHECKING,USD,5230.16,ACTIVE,2022-08-09
c656ba6b-21f4-498b-9547-4416cedb5815,5e2c7b52-5aa2-40ad-9656-d8701e7e70b0,BUSINESS,USD,22304.13,ACTIVE,2026-04-11
031285c6-c16a-4da1-9580-4560621cd8a5,7b74a009-5101-4ea7-8018-a5da6144a307,SAVINGS,USD,35216.64,ACTIVE,2023-09-27
8dbe84fb-3f00-4319-98c7-12e6c7bd6de5,4ce97b1d-27a0-4381-8e91-b46cd9e06068,SAVINGS,USD,46126.37,ACTIVE,2024-07-31
d73f4076-0dcd-487c-918a-797211152d28,4a5b2c98-e445-40fa-a314-423be8e3ab5b,SAVINGS,USD,14701.84,ACTIVE,2025-01-04
f77b9887-f514-4c55-95c5-872ef1a13998,4536a5d6-3001-4b4d-9e0e-b59cf51146ac,CHECKING,USD,44756.55,ACTIVE,2022-05-09
87f0957f-4e92-4d63-9b6b-7018bad717f5,d132c3e9-d26b-443b-b399-9e546afab500,CHECKING,USD,32594.48,ACTIVE,2025-01-29
e15b849d-9839-4213-8227-24e949b7fbfa,23058ab7-1f45-4897-ac14-5fdd729e3518,BUSINESS,USD,5358.42,ACTIVE,2024-03-03
cbeb49fc-e984-43f3-aa21-5a1e6651ff5c,e49fa4da-b748-4a0c-a40b-bec5718258ca,BUSINESS,USD,12880.88,ACTIVE,2025-10-17
3338cc4f-1901-4d0b-82a7-c6455564d030,83ae0b42-2049-49dd-8dc7-dd821d2ef135,BUSINESS,USD,38935.63,ACTIVE,2025-03-16
81f25a63-2996-49ea-ab7f-c57addbaee8a,78fe59ce-ed68-4eef-8169-259882ed5c85,BUSINESS,USD,2289.44,ACTIVE,2023-11-21
47e54bcf-124c-4ac5-93aa-14fb69986057,4f4e03d7-1c8c-48ab-946f-02911351086c,SAVINGS,USD,48451.67,ACTIVE,2023-11-02
51050863-6500-426c-9a3c-ff149207fe4f,299bc4d7-10cd-4cee-9629-2db5734a4220,SAVINGS,USD,11665.79,ACTIVE,2021-11-06
fa3ae4bd-6f34-47e7-bfd3-91b2b3e1faad,96599e92-3daa-4e79-b4a6-b23f30383668,CHECKING,USD,9760.35,ACTIVE,2022-05-20
cc69e12b-458f-4941-a1aa-92e8e856b81c,8e56e384-6780-4f19-a502-289d2e6e90cf,SAVINGS,USD,25420.21,ACTIVE,2025-08-14
aa9659e0-a132-4a96-a528-d2c4ca70161b,aa422359-0d26-4b49-9cf6-0d306176bdbc,SAVINGS,USD,35182.05,ACTIVE,2022-05-11
2337201a-c6b9-498f-b520-78a2104010bd,affe0daf-32ff-40cb-ab2c-9b8af944afe6,SAVINGS,USD,34591.73,ACTIVE,2022-07-14
a2fd3e59-043f-4304-b9fa-5783f577b5fa,6a07d261-742f-4a88-bccc-300bc2467d57,SAVINGS,USD,34758.46,ACTIVE,2022-05-24
a8cfc7df-7fe8-40e3-ac32-57fe57cc40e0,de4452a3-24a9-446d-a0f4-e4468148e7d6,SAVINGS,USD,44760.41,ACTIVE,2026-01-02
564427ec-e70c-4940-93b4-72bfc7b4b6d0,05151dc6-21ad-42be-bbec-36934817e247,CHECKING,USD,6572.01,ACTIVE,2026-04-12
37df0028-671a-44ca-8118-c51eb1e8fa8b,41172113-c054-4dda-9d88-6b103fc3ade5,SAVINGS,USD,14794.75,ACTIVE,2024-05-08
a1da09ad-7e0c-493f-98ed-ff16850fb27f,b017962c-61e4-4576-8474-a1d362eb1dbf,SAVINGS,USD,38183.85,ACTIVE,2024-10-22
841e1f45-d442-4918-b715-4590436ae04d,756a41df-824b-4af7-b33b-07b7da902bd2,BUSINESS,USD,27778.54,ACTIVE,2022-08-28
97b5168e-2d1a-4c2f-bfd3-3aacd91e94ba,715728bb-7101-49ea-87a7-173efd7c2db6,SAVINGS,USD,18789.88,ACTIVE,2023-06-08
253cd4af-34a7-4b79-b046-b09df7b1a252,70405802-d8a4-4786-b335-1b59acd89de2,CHECKING,USD,10023.94,ACTIVE,2021-12-18
26e836cb-601e-4661-bd9c-ebfb0d555a95,96120726-c404-4ab8-a92e-efa8d8fe3747,BUSINESS,USD,4550.25,ACTIVE,2025-08-30
6721a018-a63a-451b-8daf-f46e3398e19d,4d191017-d284-45ca-a079-beea36648be2,CHECKING,USD,44612.84,ACTIVE,2023-06-06
3b6ef1f9-cc27-4831-9955-30116ab2f254,07e87802-3880-4346-9c66-d40c61da43d6,BUSINESS,USD,47988.76,ACTIVE,2022-02-05
150e1c57-732f-4327-b0b1-96c61a443bc0,89356a1a-54e3-4556-bee7-1989bc67694f,SAVINGS,USD,16181.61,ACTIVE,2023-10-14
e5a8863e-45a5-4077-ab34-206d307b9669,af6a5a9a-21e0-4e38-8348-8a8ba675973c,SAVINGS,USD,28153.75,ACTIVE,2026-06-03
7007143e-0fcb-42cb-8aa4-0380168471e1,93322bcf-a49c-4345-bba9-0f5afdb1b20d,BUSINESS,USD,4662.95,ACTIVE,2022-10-16
92d6cbf8-9ea6-4ead-a980-884dfbb30053,ee780b27-4b01-42e6-b9f0-f9ec61d1f499,SAVINGS,USD,25632.75,ACTIVE,2023-05-15
cafa33f6-365e-459d-a50b-3a76d1a07009,02e6ae03-3fd8-4760-8013-26f8fd2270cb,BUSINESS,USD,43617.92,ACTIVE,2021-10-05
7dc4ecf3-54b5-42be-9d35-5c86edd43830,4851652d-c79c-433c-a7cf-9544db1ca40d,CHECKING,USD,26266.41,ACTIVE,2022-09-17
9c16f855-4772-4342-b0b4-735a279d6c20,f5631d34-4f47-4735-9b33-5751d69c3e14,SAVINGS,USD,45385.22,ACTIVE,2025-09-08
4bd302e9-6075-46fb-b2c9-9ac10e91547f,0fd22d25-9485-454a-8743-8295e7b7726b,CHECKING,USD,10282.11,ACTIVE,2024-04-17
1be46bcd-6f38-4879-808d-a9d9e5b69bbe,fdb418e5-6a5a-4059-a5b8-a242f6389534,SAVINGS,USD,37729.34,ACTIVE,2023-11-28
a05074f0-52f2-4aea-82a3-eeab96a49b95,9151d67d-2d5d-4e06-aae1-ef0cabffefa0,CHECKING,USD,16597.84,ACTIVE,2022-04-27
c64f8f32-f988-4157-ba48-cab5ecc1de39,edc6a2d7-b5ab-486f-9654-00f96eb82327,CHECKING,USD,18704.25,ACTIVE,2021-11-21
5fee30a9-1757-47d2-bdd0-b30d9a0162b0,a13343d1-9d52-4b6d-82a1-b6b9e4764840,SAVINGS,USD,15890.65,ACTIVE,2022-01-15
0d3dc6db-1a92-49b8-b843-b119e77b3a0d,c96b21a5-1dac-4ed1-9464-a3766831eb0b,BUSINESS,USD,8396.52,ACTIVE,2023-08-14
737f9ad7-d1a6-4279-9a75-dcdddc114831,2a1dd253-b447-4964-a180-bcc9d1cd97e2,SAVINGS,USD,13974.19,ACTIVE,2024-07-09
d0270e16-8741-44b0-84d4-2b5cacaeb3ec,2c3d156e-2c6f-472b-bc4e-43082843afa6,BUSINESS,USD,16115.16,ACTIVE,2026-02-20
47cb78e2-9830-4065-a1d7-9b6d1ea79533,9733eddd-cdfe-4217-a754-b2bc02e8e0dd,SAVINGS,USD,2207.17,ACTIVE,2023-04-03
878fcb3b-e72d-43f4-ad1b-78628192d8b3,4558abb6-dda6-42e6-8e9a-b6afb314c244,SAVINGS,USD,40083.62,ACTIVE,2025-12-21
774cbdca-3106-49ab-863b-f4ec0a97c9c8,bb1a8d88-75ac-4659-a523-433906f784d0,BUSINESS,USD,15539.22,ACTIVE,2026-04-07
aa18403e-6b90-454d-8f88-00ebd62258a0,bdd488e0-fbcb-4f5f-9675-1668ebca385d,BUSINESS,USD,40471.32,ACTIVE,2023-01-24
36b0f810-9c8c-4711-93cc-e5259f94ba7b,99d5ceaa-1cf6-40bf-87e7-781eed06d172,CHECKING,USD,43575.58,ACTIVE,2022-07-05
51cb1f94-693e-4b67-8603-149ad911fbca,e9275729-f098-4c47-97fb-6c2b58f8c8da,BUSINESS,USD,40085.4,ACTIVE,2026-06-30
258fe41f-0a83-45f1-9b4b-2f3a87c1410b,757af7c7-6d01-42e8-8300-5327c3d1bbb1,SAVINGS,USD,47230.34,ACTIVE,2024-05-08
b1a12f2d-e604-47f9-9772-493a272cd483,f9314ac4-2244-404d-8e62-c9b1fcdad248,SAVINGS,USD,7058.66,ACTIVE,2025-08-02
6aa59f19-ec4d-4818-8c35-1ab825bfea0d,8ccbabec-81e5-4092-a1fe-3701d5a49055,CHECKING,USD,29019.27,ACTIVE,2022-10-21
9804dd66-3485-4153-86db-943947e65c07,9c473a99-53b1-4b14-894c-454400fc25bb,SAVINGS,USD,15352.56,ACTIVE,2026-05-14
4d1d7407-f0da-4774-8b8e-34ee5c1cf0b8,c73138e3-1f93-43b0-a708-904bf369f946,SAVINGS,USD,41298.63,ACTIVE,2025-02-04
edb05440-8c9a-48a0-a5ef-9d3872e906ad,8046fae9-151d-4c47-9512-ad3c57430075,BUSINESS,USD,9086.16,ACTIVE,2022-11-27
ac905929-3659-411b-ab32-1ababd12e377,0915ce60-11c0-44ab-87b5-66f54f9c2b02,BUSINESS,USD,16226.78,ACTIVE,2025-09-09
729e57e4-0cc2-442c-ab08-9bb19793804d,0788fbf9-7805-4fee-9d69-e3b92a463d64,CHECKING,USD,3940.84,ACTIVE,2022-11-12
7b8e277a-1563-4f82-b73a-a592addb6de1,5731ad96-2f43-47cc-8326-ca542c8002e6,CHECKING,USD,1612.11,ACTIVE,2023-11-18
8a995236-4c6d-4973-97c6-40228c07ea9b,d74fbd0a-bac1-43a1-ba12-5d506d04f113,CHECKING,USD,26511.24,ACTIVE,2022-01-31
0176f4dd-e434-407b-9055-740fb7ac269c,a473c805-4ed2-4a2d-92df-9476984e5d98,BUSINESS,USD,28536.91,ACTIVE,2025-05-07
ddf67d64-da5a-45c1-819c-b6a0696d1173,0ba314b0-757e-47e1-a5a0-028279d53391,BUSINESS,USD,14522.25,ACTIVE,2022-08-06
da6da912-726e-4f42-81e0-941475d2318a,aa5aba93-85d1-4828-93f4-370616f9c928,SAVINGS,USD,45024.73,ACTIVE,2026-07-16
15ca507f-4a08-496e-b2cd-0e25c5a56bf6,bf93e2e6-6bb4-4377-b3d4-90ac945fc243,BUSINESS,USD,22639.61,ACTIVE,2022-05-02
cbb3b1d2-64b3-4409-870b-8ed7de2e38a9,97fbf781-328b-4f03-bf36-440c27552670,CHECKING,USD,23310.34,ACTIVE,2022-10-24
db967e6d-c755-47c1-ae27-719dbef9dbe9,85dfb518-a142-4d2c-88d9-5c1927fbd4f1,BUSINESS,USD,44755.43,ACTIVE,2022-01-25
9eb63ff4-7f0c-4206-afba-52ac53c20516,577c97a6-052b-4037-ad14-15b3489beb4f,BUSINESS,USD,13568.92,ACTIVE,2022-08-22
3e774998-cdc5-4520-8ad1-b5d05107d040,e95c6173-8690-418f-956f-e6f1dd1f572a,SAVINGS,USD,36658.51,ACTIVE,2025-03-13
d666f930-8e66-41ac-86cc-3668f01d30d4,7b74d603-f712-4275-b071-f91bbdd8a299,SAVINGS,USD,21167.72,ACTIVE,2023-04-22
acfc44c9-7490-4eb1-b023-d75838dddc88,c3202ec8-360f-4765-b701-6db381456318,BUSINESS,USD,30874.38,ACTIVE,2024-10-01
4efb0f2a-2c9f-4b61-a5d0-ffc844494d70,4860c08d-e326-426e-850c-27f7e4006dee,CHECKING,USD,38783.3,ACTIVE,2024-12-17
2e61c34f-4a94-4f2e-bab4-502568b992e0,c28348d3-3a4e-4038-b865-ff67dafe7969,SAVINGS,USD,47775.02,ACTIVE,2023-12-18
db13f112-1900-4c6b-be91-c7a7ca88cd77,16b92709-2c33-4bf6-aeeb-565a40194db2,SAVINGS,USD,17846.76,ACTIVE,2025-12-07
e89d51e9-4c64-4804-ae4d-135f3af16e2b,ad685bf6-012f-4ad8-a641-a96e4befa5f9,SAVINGS,USD,22499.14,ACTIVE,2025-07-26
212102dd-b9a0-4ba7-b039-0bc7c06a074e,9bc49cf8-a409-4d55-a5dc-e5937b4dca73,SAVINGS,USD,12987.22,ACTIVE,2022-02-05
da3e1122-0318-40e8-b20a-8a0a68b4f4fe,48142953-0eaf-4d54-ae15-2e2eda5abc8d,BUSINESS,USD,4090.94,ACTIVE,2023-02-22
1a53daf6-1e70-463c-bb63-48bb356e7f65,0aeb45f2-69de-4bb3-a247-017428c037b9,CHECKING,USD,40346.17,ACTIVE,2024-10-16
50cc04fe-985b-46d0-86a2-513f407d03d8,6cfe2834-3165-4aa5-910b-2b5456c50e95,SAVINGS,USD,29423.22,ACTIVE,2022-03-02
65591b3d-effc-4016-bbb3-75933892a49e,a85b2798-ff13-4a8e-a938-51100ca3afab,SAVINGS,USD,43032.41,ACTIVE,2024-09-23
ba2df7a8-9792-4859-8fae-40b9de66c772,111fef88-5458-48e2-a963-1dfcd42a1fac,BUSINESS,USD,11926.88,ACTIVE,2022-10-13
93a9d01d-9a5f-4918-8d15-ed25d9efc822,535b2305-ebed-4180-8b03-7bc8a841e44b,CHECKING,USD,13855.63,ACTIVE,2026-02-01
e61fa206-b3ca-4d42-9eb3-fd95cfdd0430,d01c2183-a819-480e-8d15-a96d19bb6a9a,BUSINESS,USD,42630.32,ACTIVE,2022-01-24
9b427cee-adb2-477c-8b3f-263487a8ea3e,06b427f0-68e1-4207-9f7c-0997e8fb8295,SAVINGS,USD,23748.88,ACTIVE,2023-11-21
33f109d5-de78-4432-9427-1faed8f1620a,1b1c6561-7765-432b-95b5-794a0fb5a71e,BUSINESS,USD,34472.0,ACTIVE,2022-09-15
926a043b-6c41-40b4-a658-19056f2daaba,f9ef82ed-6c90-4987-b354-a1587baec7dc,CHECKING,USD,43665.35,ACTIVE,2023-01-06
6a0432cd-465b-4659-8639-8b80d72741f5,477882f4-6fcb-4159-8eca-90ea124c592e,CHECKING,USD,47502.48,ACTIVE,2025-02-22
6cd3d546-ea6f-499a-aa03-c09a26741605,745e9eb6-d93a-4850-a9b8-1c5a1a80194c,CHECKING,USD,8104.14,ACTIVE,2022-05-02
4c124cf0-7b4f-4c0d-92e7-b07a5787a206,77df0ae9-0fe5-4f60-a310-6a28697f5870,BUSINESS,USD,5743.8,ACTIVE,2023-01-27
df39791b-76f1-4091-a9f5-3104e169da93,c9bd54d4-cbc7-4268-81eb-3aae168ef8e6,SAVINGS,USD,3414.79,ACTIVE,2023-06-07
6941d088-b150-4d8d-af88-176c629f06e5,a7cf0746-24a4-4f4f-ba23-b50e8a6a9574,CHECKING,USD,48020.44,ACTIVE,2025-04-05
2b2b5296-fd5a-427d-993f-7e7d055efea4,68ea0961-48d0-4fd0-9db5-f9c4688c60f3,CHECKING,USD,26584.98,ACTIVE,2023-09-05
a122291a-460d-4ac9-8063-93ca73668be0,ba5383ab-079f-4ac3-a1bc-ce6133d22d83,BUSINESS,USD,16727.42,ACTIVE,2022-12-07
b3e9d79b-afa8-4cde-80b1-8f25e98cda90,e4837b05-d972-4b3c-b949-a07ca9d76ceb,CHECKING,USD,10602.44,ACTIVE,2026-03-04
c2928dbc-e0cd-4570-a191-8247d9e7f3d1,b38610b3-b749-472b-a603-2dfe9ba521ae,CHECKING,USD,37767.81,ACTIVE,2023-10-05
a129c6b2-799a-4c8e-9a74-e6169e3fa8b0,6a75b39b-fb13-404f-afff-fa35d42622ab,BUSINESS,USD,38797.65,ACTIVE,2022-05-24
7d34cf6f-54e6-4f71-9886-f1cc0378ada2,dd46cc56-4da8-4682-aa0e-5f5c44cfe6c2,SAVINGS,USD,2662.7,ACTIVE,2023-05-12
a2551f01-90b5-49d8-bc86-b32e5bc61551,581b1170-74d8-4cc5-a812-158491698e0c,CHECKING,USD,37414.52,ACTIVE,2024-03-24
396f701e-2e8f-491a-b9e4-fa9778c6bdee,fea63498-f3b2-4916-bb87-5bc9b816497f,BUSINESS,USD,39531.67,ACTIVE,2024-01-03
80db29b3-8434-4079-b21f-acc04184d0ab,1d643f56-f578-4c21-bdf3-d90028c9f44c,SAVINGS,USD,42530.41,ACTIVE,2022-09-03
6265faf3-2ffa-458f-b1de-8de6dcb69520,e2be05b7-4420-40d3-9b09-7559f37cd149,CHECKING,USD,26680.23,ACTIVE,2021-11-29
7afd9991-4976-4877-8e10-e87ac6e9786e,e8cc4439-9387-4a76-8995-5bba3966d931,CHECKING,USD,246.32,ACTIVE,2026-07-13
7b85a657-2f90-49ef-a33b-4542565eb784,fa8cef67-3f77-4ca6-ab7e-dccaaff727ac,CHECKING,USD,40290.7,ACTIVE,2025-08-21
979aaa7d-383e-4c8e-a3f1-7b5f0b13cd4b,f8dd4c74-7683-4741-bb37-421c67842f9f,BUSINESS,USD,12950.02,ACTIVE,2023-11-04
61bf3237-be6f-49ad-bbf6-5993d4d124cb,4b1144a4-74ca-4187-96b4-0269f51a7950,BUSINESS,USD,36899.42,ACTIVE,2025-03-28
67cedd58-bcb5-483a-9b6d-150e2df20e1e,0b52ea83-41f8-44e4-8ac8-83f0f5844076,CHECKING,USD,32884.63,ACTIVE,2025-12-07
ac882c21-a438-4eec-b39e-30ce483195ba,79a4aa65-62fb-49a3-9c73-9c47bd6907ab,CHECKING,USD,39002.94,ACTIVE,2024-08-21
36b2fa8e-8331-4f60-9c25-2b1a74e01bb6,52f422ef-530b-4517-84ac-99066db94ab1,BUSINESS,USD,29963.39,ACTIVE,2025-08-17
f4d11c99-2f59-4799-8d3e-f25ea26adaeb,1da65a0a-da01-406f-ba1b-3521079f72c5,BUSINESS,USD,49200.85,ACTIVE,2022-12-11
b35b9dd2-33c1-4f46-8548-1a6812c0859a,e6aa85c3-93ab-4c0a-8321-4e6dc7d6a996,CHECKING,USD,2516.86,ACTIVE,2023-02-11
20f306fa-3662-4a6f-99e0-8f02c37436e9,1d06f85d-8e2e-42cf-88a3-425330afd0b3,BUSINESS,USD,10466.23,ACTIVE,2025-12-04
8263925c-48be-4ed5-94a7-032373e7fc58,22859faa-bd01-408f-ab70-ca86b8adf58f,SAVINGS,USD,24505.32,ACTIVE,2024-01-24
8f73e1cc-ee8f-4c0a-97a7-00826398d357,811cee06-d33b-45c7-ae0b-7a97652f4cc9,CHECKING,USD,43753.13,ACTIVE,2025-03-25
14cd1662-6b3e-4428-a104-6cc29eb81fd5,e2d3b8ed-2e9f-495f-a7ef-82ea4a1a1c38,CHECKING,USD,37253.38,ACTIVE,2021-10-03
b8e2a50f-67cd-4436-9488-ab4e3d7ed94c,c72d9275-23a9-4fdd-9932-54ebcc97dd7b,BUSINESS,USD,31125.94,ACTIVE,2024-09-26
7423cd23-036d-4399-8ff1-e7d65b0e5806,52754264-1fa6-4afb-81f7-ee42acc8ba0d,BUSINESS,USD,31197.33,ACTIVE,2024-10-14
e8651d72-8790-4d81-bf46-39d3d9d68171,7929e58f-ceb7-4a73-bd43-a6093fd8f85f,SAVINGS,USD,47607.63,ACTIVE,2025-05-31
f8202fcf-d115-465f-89fe-cfeba763ac0b,9ecef684-c76a-4163-8695-87fa02f8263d,CHECKING,USD,39557.94,ACTIVE,2025-07-20
949ab40a-7a97-42fe-b953-0e412df6144d,e96cb5f4-bf78-495e-aab1-6f2c5a140ea3,SAVINGS,USD,30013.2,ACTIVE,2023-04-22
7b263d7a-1f16-48ea-86d9-dd2550b02344,87828bc0-b6c7-4bad-a49d-132a08f6cbef,BUSINESS,USD,39602.25,ACTIVE,2021-11-29
5ea36464-e8f3-45b6-87f0-1adc034b245e,d583552e-671c-4a91-87a8-a0855e074e4b,BUSINESS,USD,49572.03,ACTIVE,2023-03-24
d8366a3b-ec90-4526-8878-72bac30e930f,ff753337-c29a-4843-b39a-02c77795c5aa,SAVINGS,USD,4121.08,ACTIVE,2023-12-02
37f8b131-bd52-4a01-b554-fcd1a8cde973,b9f20e7f-1f5d-4964-9129-9255fb85a752,SAVINGS,USD,32121.69,ACTIVE,2022-12-24
95cd09dd-6f3f-4868-953a-5a02c411a944,e834e531-0729-4a60-bb89-204b6f633207,CHECKING,USD,26574.23,ACTIVE,2023-02-20
ec7d4a06-025b-4f60-bab9-06341baa2658,1ab2a96d-7241-4173-9eb3-931fed475623,BUSINESS,USD,40736.92,ACTIVE,2023-07-26
ffde05a2-c90a-4c48-8038-f6f8b9d6b8d1,bf45c776-bc45-480b-a3cc-87a0d6dc947d,SAVINGS,USD,12648.7,ACTIVE,2022-03-10
9c3202d1-eb53-4891-bf71-a94663b3d316,143d1e55-cbd5-4825-8ed3-d14c81be6f37,SAVINGS,USD,26927.45,ACTIVE,2025-04-11
30ff34fe-9b85-4986-80bd-6e4fd8b1d5fb,efbf23cc-1f26-4a18-afcc-bd6197b104f7,CHECKING,USD,11545.31,ACTIVE,2025-02-22
9b17a9e1-3804-44d6-8cf7-7c117ee8e6e1,60c35083-8b95-427b-970e-39222e55d450,CHECKING,USD,32257.37,ACTIVE,2026-05-10
559bf941-34e0-49cf-b062-46b9a4b1792b,0fb14391-b221-4b56-b934-576fbbccb442,SAVINGS,USD,4090.9,ACTIVE,2026-02-04
26a38a3b-6a46-4d7d-ac5e-9c1ee76cc2f9,06e1c197-e4b1-4af4-8ae9-3b73fc195f20,BUSINESS,USD,25947.3,ACTIVE,2024-01-31
2d1b1be5-ba4b-4708-b95e-ea1c01d984d9,45f6746b-128d-4ee2-800c-e72a57d8af67,CHECKING,USD,16126.27,ACTIVE,2022-02-03
d7b34e8d-b78d-4dcb-b9c6-d512a734f171,0f98bc0c-b168-4998-8b61-f5fe53fbc287,BUSINESS,USD,40271.0,ACTIVE,2022-08-21
8e27c33c-795c-4f8d-befd-08bbd0398353,5b2e5e7f-2656-4d1e-aaa3-6bfa3cb8dd9e,CHECKING,USD,34340.06,ACTIVE,2023-03-28
0ca05e5d-7fba-416c-8df0-8f94b636e984,33ca0298-6745-4a54-a156-a90a1fd0402d,CHECKING,USD,43388.87,ACTIVE,2024-08-07
b75c1936-ff7a-4380-bc5e-f0e755262d06,3571f9e7-403a-427c-8eb8-c8d690954f99,CHECKING,USD,35355.97,ACTIVE,2025-10-19
baaabb21-a25e-495e-8aa4-90eebd4e5e32,e0948daa-ed36-4acf-8235-cc2ad1c28666,CHECKING,USD,42776.62,ACTIVE,2021-10-13
08a7bbf4-2d35-44cb-89ef-d114a68ab2a2,d28211db-f729-4858-8158-237bad24c404,BUSINESS,USD,18974.98,ACTIVE,2024-05-27
7e2c7eda-9d90-4447-9c0a-e8a7eb96e760,5e1e24dc-90e6-4ebd-b54f-d935044aa499,CHECKING,USD,26502.24,ACTIVE,2022-08-10
447368d3-5400-45fc-825c-49229d505c6b,234d2386-a734-4f14-b1fd-acdb48918069,CHECKING,USD,35941.9,ACTIVE,2025-10-23
a27bca18-9bf9-48b4-9191-7776c9f32bf0,94aaabd9-573c-4ed5-8436-4af2efab7c10,SAVINGS,USD,18650.29,ACTIVE,2021-09-01
880300c8-c394-447b-a89c-0fadf34361d3,27466eed-2a57-4dfb-bb93-d4d8b2f679c5,BUSINESS,USD,9397.24,ACTIVE,2022-04-26
516ba75d-c0e6-4628-a887-38a8451dc191,f8d24375-5957-42c5-8f1e-c25f22dd6203,BUSINESS,USD,43364.47,ACTIVE,2021-11-06
613d2879-f9f5-4d2b-9985-3d7640d56b9b,7c818aeb-8136-4412-82a1-a33e6a6cb6a5,BUSINESS,USD,45306.55,ACTIVE,2024-04-11
210d8ec1-fde9-4933-b10d-e1f1147f5ae7,212ab453-1a67-436c-8738-fc198c37d290,SAVINGS,USD,43131.94,ACTIVE,2022-01-01
706d14a9-801e-4cff-b9a5-68ebe0fb110a,43e75c96-62fb-41b0-b1b7-4b1b7149da4c,CHECKING,USD,17116.98,ACTIVE,2024-04-25
cf0543a0-74d9-4bf1-8493-a3df04b8b4ab,886894c7-ba58-4e92-8f15-6dd9123e2184,BUSINESS,USD,45378.11,ACTIVE,2023-06-12
82444cdb-d356-4ab3-90ac-3107835cf997,5c36e7c5-1b5d-4b84-bdb8-c12928a43059,CHECKING,USD,35346.48,ACTIVE,2025-01-27
870df2b0-6944-44d0-bab7-ecc2d5681259,146db068-72ca-48a4-8cc2-ea0ca4c815bb,SAVINGS,USD,28189.12,ACTIVE,2026-03-02
09aa38b1-c79e-4670-92b6-b95ae2c9c847,b3bb7bfd-720c-458d-9a7b-bf38269928ec,BUSINESS,USD,13845.64,ACTIVE,2023-08-13
f19f2603-99b3-41fa-aa9f-0ccb5504ed42,3e43c26a-09c3-41ec-a99d-9a3c6a161d2d,CHECKING,USD,32283.39,ACTIVE,2024-11-03
f776f8b0-0832-4355-9705-022e4361f0d4,08fda913-1b62-4bf5-a8d4-102c73e3d039,SAVINGS,USD,25407.1,ACTIVE,2025-10-13
44ad299f-5082-4767-85cd-eab47db8aa91,faec735c-4618-47f9-89da-9b8c878be7e3,BUSINESS,USD,26367.54,ACTIVE,2026-02-25
c0f7cd8a-9d83-4f2f-8730-95d34449d04b,e1cea7ed-0b65-4860-9b98-8728ae38c785,SAVINGS,USD,13901.74,ACTIVE,2025-02-15
3be30974-f4de-4790-8c28-18d9dd514a1a,5a784c16-5017-4eef-9cfd-07c524f8f736,SAVINGS,USD,27939.46,ACTIVE,2021-09-30
1d6884a8-c87f-4237-a042-fa56dbcc0b4e,353dc0b9-e990-4186-b15e-3c97dbe2c77b,BUSINESS,USD,14252.07,ACTIVE,2024-12-03
bbd57018-c69b-4e99-bd7a-924aa88bf767,d589a225-e53a-4476-9445-360d5bfc17f5,SAVINGS,USD,42771.04,ACTIVE,2024-03-29
cd594ec2-8116-448e-9b7e-be41b2609e0e,deadc13c-0341-4587-a524-b482c95851e7,SAVINGS,USD,48557.08,ACTIVE,2025-09-22
62992603-19f7-4322-9ea5-5f1e7ca4e5c8,176fdd05-5e95-48eb-8484-0ecd8457e1ac,SAVINGS,USD,4138.07,ACTIVE,2025-07-31
d3b61cc0-7604-48cb-9c16-8346d0dfd4be,fc2a9bbd-3862-4c14-b812-7ad3a6b8f518,BUSINESS,USD,22191.89,ACTIVE,2023-05-02
165440ca-77ca-4c8c-b2a9-1b19c5cab8f9,e21e8b66-1293-48a0-b106-149ba4424e2e,SAVINGS,USD,8658.96,ACTIVE,2025-05-20
0c7e2f79-42e1-4e31-ac2d-8e45d3681cb2,899592e1-2b3c-4c41-b535-9034267bf14e,SAVINGS,USD,34493.57,ACTIVE,2024-04-25
0e829b49-fd52-4065-bb27-d08f876d2dce,a90f95c4-caa2-43dc-88d3-54cac29ef0b5,CHECKING,USD,40134.28,ACTIVE,2024-06-08
8d3ec70a-c42a-4bd3-9c47-fc97cec1850e,6cc6d5bf-d0c1-4c2f-8076-00d0a43075fc,BUSINESS,USD,44432.38,ACTIVE,2025-04-11
3c3ec2c8-7bec-47b4-8494-3d612820484c,309514c5-bfa5-46f5-b3e2-26abe6e66029,BUSINESS,USD,24549.94,ACTIVE,2025-04-24
44f8f0a5-441d-4bb6-8c3e-dc32c22575eb,4dc5850f-7a88-4662-8640-1528c02e5515,BUSINESS,USD,47390.21,ACTIVE,2024-04-23
efe4e157-6c2a-4ed1-a2b3-fc7b270a1caf,263f28dd-bff2-4b55-ab64-d706b6aa8c23,SAVINGS,USD,26666.87,ACTIVE,2023-12-16
bb4cffa7-8834-40bd-b38e-3ab68696fd71,3baec90c-6337-40d7-925a-30235d1c1db8,SAVINGS,USD,22309.99,ACTIVE,2024-08-21
02ad1f67-dd30-436f-91c3-646b299a9f2b,ab0703f4-106f-4ef4-8af1-69d4e34a9227,BUSINESS,USD,39415.98,ACTIVE,2024-02-23
c8a3b08f-c5ee-4e57-8ba5-dd86c83ad574,553a9915-2f96-45be-b7f4-34cf0493f114,CHECKING,USD,43052.01,ACTIVE,2026-07-16
b58a0b29-fa71-4804-8feb-7b0440d5b465,98b75705-2612-4604-bf04-0950e1470233,BUSINESS,USD,12137.13,ACTIVE,2025-11-20
a0c0bc74-3623-4ece-bf57-b3522f4e6ec6,9221b722-fb7d-42cc-b3e7-b09339ac4fa8,BUSINESS,USD,21450.06,ACTIVE,2022-07-18
b686d83f-b4f2-4725-806a-e23e1bf57aa6,29fd7e70-dff9-4950-8de7-43249defe20d,BUSINESS,USD,13888.99,ACTIVE,2026-04-16
a17bf562-663e-4f45-b27a-a16be599d23b,0a331e46-2f4e-4b15-9e51-f4e3b4d24a91,CHECKING,USD,47490.18,ACTIVE,2022-12-06
897b096b-cdb7-45c8-abac-1567b63727b8,bd0082ba-67ae-4006-af6a-04afe59092bf,SAVINGS,USD,21294.94,ACTIVE,2025-06-14
9f08d500-f1bd-477d-908b-076c6b087aa9,c8da26f7-21bc-4006-bb93-41178d1deb1b,BUSINESS,USD,41051.85,ACTIVE,2022-09-13
596cf997-eee8-405f-9c83-8755ce54a629,dbaa7e5a-b0ab-4ddd-b2bc-17dff69ff81a,BUSINESS,USD,28958.07,ACTIVE,2021-10-26
d5a9f24f-9827-40d2-b4c9-986e15967d07,6bf6dc51-f269-4052-b60b-ef59bbeb040f,BUSINESS,USD,10364.6,ACTIVE,2024-09-12
62f075b4-17e9-46cc-91ce-938cf65730fe,2266a2bd-91d2-4fc5-acae-f8c49ace1eaa,CHECKING,USD,24037.55,ACTIVE,2024-06-02
3cd976a9-2577-4a02-9d9c-d5b16de3b2e7,6d838ce3-d7d9-4566-99ed-ba4f55a9c306,SAVINGS,USD,35990.99,ACTIVE,2024-03-12
1beada42-39f9-49a0-8b0a-c816c74785a9,7b7ca394-0e39-49af-b2ee-1db6ec5e4633,CHECKING,USD,36867.18,ACTIVE,2023-08-09
5a60ef24-64a9-4891-9445-9db43c1f2ce3,16af0da0-b5e8-48d5-8cff-eb2abee654d6,BUSINESS,USD,5508.94,ACTIVE,2022-01-20
9f3dfa74-e80b-407b-8e5c-38c5fe02a897,9ec6abff-93f6-42b9-89aa-7dc8410c1826,SAVINGS,USD,9090.1,ACTIVE,2025-08-23
e6d0c41e-7888-41ec-b4c0-2bf3499e50dc,4814bf24-336e-43f7-90c7-705ac2f54f8e,BUSINESS,USD,7766.24,ACTIVE,2022-11-05
d8561e50-5410-4dbf-b5d9-b0fb369e0bf8,59f8070c-1346-41f7-8204-e333e99ddc93,BUSINESS,USD,47805.6,ACTIVE,2025-05-23
f87590f2-4324-44ef-a459-3cbc22b63f51,8756b548-bd17-4ff9-9342-488e79dc3b20,BUSINESS,USD,31554.02,ACTIVE,2024-05-12
f91a0552-b96f-4fe1-8195-82fc0ca0cd36,415d8eac-6a89-484f-be05-b828f949fff1,BUSINESS,USD,39565.81,ACTIVE,2021-10-30
93abe3ff-030f-4c18-a065-dbcb1e2a052c,4f8bcb24-84aa-43dc-91d2-4d0a4396da47,CHECKING,USD,45438.17,ACTIVE,2022-07-07
8b8ee6c5-8e2c-4914-9989-ea9e99ed3160,dd7a7eae-6583-4999-a145-6f9b9e1f0424,BUSINESS,USD,15799.42,ACTIVE,2023-01-06
e5bc8c5e-1301-4318-b594-f9e9760c5cfa,7d529a1d-3464-4a65-a191-576dc29dc4b5,CHECKING,USD,25450.13,ACTIVE,2025-10-15
4212c84a-1ec7-4d09-ab22-9e3798775614,ce32e018-30bf-4222-b058-9e27d6edd3fe,SAVINGS,USD,37948.69,ACTIVE,2024-09-24
146c2277-e04a-444d-b442-ac44104c91a4,77312e98-912b-4005-8a81-af957b761496,BUSINESS,USD,24454.12,ACTIVE,2024-01-31
7be79fc1-9bd7-4743-82c0-99e7f69f3e06,c85541eb-3774-4d37-a483-2b0254da617e,SAVINGS,USD,36387.39,ACTIVE,2024-01-01
561d47a3-59b5-4cfd-a0d9-f6b14d0d5dc0,083215af-e7af-4686-92d7-9fdd1a23ca62,BUSINESS,USD,41979.18,ACTIVE,2024-08-04
b5701803-ec1f-40b2-98f4-e1fad580664d,0e943ab3-082c-4d5c-81e9-8c74768d6f6c,CHECKING,USD,29456.21,ACTIVE,2023-05-04
8db47fac-8059-44f7-9dc0-cc17a2391da1,ad87b333-303e-418d-9de7-944993f106a1,CHECKING,USD,714.01,ACTIVE,2022-03-08
5808fb9b-3eae-49e0-bbc1-df43789d3239,7e1991d0-ca5e-41fa-a23c-52c8c884130d,SAVINGS,USD,12569.78,ACTIVE,2023-05-01
17296555-361a-4be4-9177-119200836103,2f3b20b5-59c2-4de5-80ba-241cc0e55fa0,CHECKING,USD,41564.08,ACTIVE,2022-08-12
3ad5a229-655d-4cda-8fee-57be53424fa9,f50ce058-6995-464e-83c8-cccd5e049192,SAVINGS,USD,19886.98,ACTIVE,2024-04-11
5e4e5c59-05d5-4bdf-a549-33fc5f5d9cb6,40f28bc0-49de-40c4-aa36-94cc78cd821d,BUSINESS,USD,19559.04,ACTIVE,2026-01-24
dd257fc8-b73b-46e5-98ae-4992163d1b22,4265aa37-d248-496c-9cfd-c9586dc53b7c,CHECKING,USD,13864.04,ACTIVE,2025-02-15
57f57ab9-1341-41a4-b9b6-bc71d0a5a1a8,baca3ab2-32f8-4c34-b2fe-4e1033430515,SAVINGS,USD,6604.75,ACTIVE,2024-03-22
78cfd1fa-76c6-4467-bac4-7b06c6bf238b,f65da9e4-dc9a-43cf-827f-79ced84be79d,CHECKING,USD,43342.02,ACTIVE,2023-02-04
d2ce1397-fbf6-4e70-bc51-24be3d690ddf,2f7cddf5-14bc-49b4-a9fa-7cc933af46b4,CHECKING,USD,4246.87,ACTIVE,2024-01-18
3d55d319-9a5a-424e-bc9a-0f0d6c0c18bf,d103fda3-b3aa-4392-962f-be758bd1933f,SAVINGS,USD,18524.33,ACTIVE,2022-10-11
d02ee2d0-a731-456b-aec4-3f0f2871853b,a8887673-b1fb-4097-8a65-163d81449b3a,SAVINGS,USD,5239.83,ACTIVE,2022-08-29
94ab01f1-c622-4239-a37a-279cf54aadb8,d26110c4-982c-4dc5-a904-c35ed1624b07,BUSINESS,USD,38599.1,ACTIVE,2022-11-24
73b22974-ffcf-472d-939a-63e9d14e36ea,cad47b46-d3c7-4bd7-b756-8d59934169ff,BUSINESS,USD,44540.44,ACTIVE,2024-06-26
58a63579-bb0e-43a0-b3f8-b37df9710679,d554006e-9fa7-44f8-b3fb-11281e49686c,BUSINESS,USD,44501.34,ACTIVE,2023-10-04
695a1634-c9f8-4a93-ad0e-02ec9c795504,3052eb31-73ff-467c-9113-c5933818db7c,BUSINESS,USD,22500.9,ACTIVE,2021-11-10
b37661e8-9707-41c8-9701-2cb2303dab5c,c356c179-5b34-4eb4-8f7c-a8a4747f73fa,BUSINESS,USD,32374.37,ACTIVE,2025-09-23
e4a7625f-1fec-457b-a936-ce50c2847bcd,e1d34c6d-6977-418a-ab03-e57a44df22c4,CHECKING,USD,35645.94,ACTIVE,2025-06-08
feae1f0e-59af-4781-929f-d8900902facf,30187df1-6630-47e1-a550-13fc5eeb618a,BUSINESS,USD,42860.4,ACTIVE,2026-02-16
9f9b7fff-7daf-46b0-aaf5-4d9247996767,ec7dfc49-37c4-4860-ad3b-db32d1728162,CHECKING,USD,15989.2,ACTIVE,2023-04-01
4a0e45e2-e0c2-48be-83d6-4d53b8caf72d,19f83eb9-81dc-4dc0-a5eb-9e2a36c46ec1,BUSINESS,USD,3347.13,ACTIVE,2024-09-02
09621269-e4b0-4db0-9448-a74fa8495bb7,cc6e04fd-a011-4ad9-9308-02e4504d936a,BUSINESS,USD,37553.9,ACTIVE,2023-09-29
c7096c58-e5c1-425c-b12f-08bf1988beb6,1376cbc1-978f-4427-b4d3-b3756c7a2a9a,BUSINESS,USD,47774.71,ACTIVE,2024-11-15
02fd3e1d-dba4-4bb1-8611-3892e4e82717,d37c9f48-1f71-448b-ad8a-7ae35cd6a071,BUSINESS,USD,41598.74,ACTIVE,2023-01-18
33c6fb69-4d6c-433b-98a8-803aad878091,a9d28c21-2e89-4f77-a9ab-7e958d09c51e,BUSINESS,USD,17463.08,ACTIVE,2022-07-23
305f425e-21c3-4fbb-bcaa-85548e83969e,7ddcb4f8-007e-45c7-983b-69525e7f310e,BUSINESS,USD,30388.0,ACTIVE,2023-06-18
d989a1a0-67e0-41b4-9aa9-73fd47d9966b,71ac568b-03a7-47c3-abc3-e4b52665fa79,CHECKING,USD,25899.34,ACTIVE,2025-08-27
6d825c50-8547-4a04-8ef9-29d7b587219b,5910ca9b-6745-4759-8ca0-055834d11ca3,CHECKING,USD,29909.17,ACTIVE,2023-09-17
ee4151bd-8556-489c-93a0-be258710ca0d,0e512151-8b19-49ef-9444-03f96df6c43c,CHECKING,USD,6147.86,ACTIVE,2021-11-22
c956b9ec-dde9-4357-93d5-1b7ee6d1d3b7,3816c27b-afad-4ef1-87a8-79386cab2d76,SAVINGS,USD,2872.27,ACTIVE,2023-05-27
ac760a55-4b88-4298-916c-97959e9a17ab,cf5c618f-f505-4b0a-b7e0-ddf4e02c927b,SAVINGS,USD,47414.59,ACTIVE,2022-03-30
306740c1-ea76-4af2-906f-e52c0abb2af2,7d3318c4-4311-4286-ad1f-7d536bca113f,CHECKING,USD,18721.98,ACTIVE,2021-09-01
2a4bb097-0e7e-44e2-a270-03dc38928716,fe389fe0-34ee-436d-98b4-c909ab645234,SAVINGS,USD,1521.42,ACTIVE,2025-09-27
dcc8b274-ba74-41e1-90e2-e2b5f76c8347,47918508-d679-4c44-9af2-1f53d3cb2a93,CHECKING,USD,47178.0,ACTIVE,2025-10-27
1c529277-b576-424f-b3cd-13a22dde6c08,b8bf9daf-b592-4e1c-a5f6-9ffef802878d,CHECKING,USD,48539.44,ACTIVE,2021-11-06
dde601fb-cd87-46e4-aee3-5ade7728a18e,fd991480-95e7-42da-9946-5e6dc94eb957,CHECKING,USD,7997.26,ACTIVE,2022-03-31
0f00228e-2792-40d3-ba9e-9aa97ba915b6,29c1b620-8022-4fea-9d64-c89b3731141d,CHECKING,USD,14664.29,ACTIVE,2025-12-28
24b608e4-9c55-41f0-91dd-e5472e1e5c69,7c9d8008-fad9-4dc6-ad5f-9485b13d1a7f,CHECKING,USD,43523.24,ACTIVE,2024-01-03
8d153891-d1a5-456f-8f20-21823b64f8e9,5aef059e-92be-4063-afd3-25a59c2b8c04,SAVINGS,USD,27229.2,ACTIVE,2026-03-26
2eef79cb-3d86-4bcb-bfa7-3bd2cddc9c9b,31fe2990-2522-4bd0-9fa5-3f1a959ff0aa,BUSINESS,USD,44521.69,ACTIVE,2023-02-09
db666ea5-96cf-4469-acd9-7e4ef62febdb,e9e2552d-313d-499b-a4b6-3973bfb7f777,SAVINGS,USD,35322.97,ACTIVE,2021-12-03
cab31e00-8f36-4cf9-a9b5-b339254a87f0,52afdf37-972a-4fa0-9e1d-7992757c51f1,SAVINGS,USD,24085.62,ACTIVE,2022-08-10
02fce10a-7592-4c4e-8674-669a13a70df3,99cf3734-0e9c-48b3-bd0b-9c07b9b5affb,CHECKING,USD,38636.86,ACTIVE,2024-09-04
25b3390a-30cf-4fef-8693-e12d6b2df8f1,241b11e2-f04b-42d0-921a-5d6ea9575aa7,BUSINESS,USD,41837.15,ACTIVE,2023-06-25
49956998-ac97-4850-95b8-bb0a8c12f6b3,58da4aff-d631-4f08-b4db-309d019556d7,CHECKING,USD,41361.23,ACTIVE,2024-10-17
8b648ca2-558b-4011-8a41-197c5dcd49f5,2c68e15e-70db-4976-90ed-962ad5c6fca1,BUSINESS,USD,43720.32,ACTIVE,2026-01-20
d40a8e23-3d25-435b-b79f-bba4676eff12,0fcaad17-faf0-4f1d-a07c-0d02d6af847a,CHECKING,USD,35859.38,ACTIVE,2022-07-19
f4051da6-1d74-478a-a783-baafb0382868,35f827b8-63d7-4ffc-9aa8-0d18bae4303c,BUSINESS,USD,3706.52,ACTIVE,2026-07-24
735b18e8-9cf9-4d55-9dca-4000e09a96c1,9bdbb5f5-afaa-4022-a6b0-81f12efea436,SAVINGS,USD,27512.26,ACTIVE,2026-05-25
090b2e60-c324-4a6a-ae64-ba05ea7b875e,9a171372-dd2c-49f4-b23f-d7a27dc2e74d,BUSINESS,USD,21902.51,ACTIVE,2023-07-04
cb9a6ebe-e913-49ba-8349-5bd5f30699d6,3e7ec5a2-57ee-4f6d-a9a2-ecac4b983081,CHECKING,USD,36957.04,ACTIVE,2023-01-25
287982d8-4927-44a6-a387-e9c8f4437481,e744b57c-5bba-4777-81cb-7e76479d89ee,BUSINESS,USD,45080.65,ACTIVE,2024-11-21
c519e60c-bfbf-4ed3-826e-877ae9e1fc9e,6108ad89-2605-448d-aeb9-0026e93cacdb,CHECKING,USD,9606.42,ACTIVE,2025-12-28
7b329622-3870-4e9d-b598-f27f3583101d,cc1764fd-311a-44c7-9402-6eebd8354f9a,CHECKING,USD,8549.44,ACTIVE,2023-01-06
78b25519-d7e4-40be-89dc-71b90e81351e,cfbf56d2-efb7-4a01-9264-bdb044b75037,BUSINESS,USD,36554.24,ACTIVE,2025-02-14
b91d0cbe-c12a-4f3f-96b4-dec127f79bae,a109fa3c-0cf2-4311-a030-cc3acb55a0ab,BUSINESS,USD,23992.04,ACTIVE,2026-07-16
9be46715-63c8-4aba-9727-31e8bd06d4dc,7a9ebecb-04e7-4b63-874e-ea4935a25eff,SAVINGS,USD,14526.42,ACTIVE,2021-08-25
988744af-06e9-4eac-bac3-b1b2bba24a51,5d87e760-6ddd-43aa-a020-227a02d5e160,CHECKING,USD,45910.35,ACTIVE,2021-08-22
df73696c-fea4-4940-b843-1b260a55c004,073f44c2-002e-46d0-9da1-337eba3ca3e9,CHECKING,USD,49774.75,ACTIVE,2022-07-20
c8bfbf49-6fd5-422b-a5aa-13a3a0b783ca,098ef1a9-2be8-40b4-98de-5e859f86bd42,CHECKING,USD,14895.8,ACTIVE,2022-11-29
ce269ad5-4da1-4518-b226-d5f4bc8a458d,046edf06-d9c5-48dc-a8fb-0403ab5fc658,SAVINGS,USD,12003.58,ACTIVE,2026-02-24
8ddb19b7-c2c9-4b3f-bca9-1e044f199872,d9d4c528-6658-460a-907b-7c122a7a0487,SAVINGS,USD,21525.53,ACTIVE,2025-06-12
444d507d-b692-4df5-8963-9da587508f87,c3999eb8-73aa-49a6-b835-8fbe95522e3b,SAVINGS,USD,755.58,ACTIVE,2026-01-12
0e7628be-370f-4dfc-85bd-b5edfa6322d2,47a88b10-9d0e-42fd-9446-fa086e02d47e,CHECKING,USD,20838.82,ACTIVE,2022-07-29
fddec364-5e32-4383-9b34-05c51d91e353,cdc784fb-4ed0-4c38-84f8-5b8e8cf6e040,CHECKING,USD,23668.62,ACTIVE,2022-11-28
b6b4daa7-c075-45b4-8f1b-3255d6867f26,8130ac60-bebd-4eff-983d-ecca4046ce28,SAVINGS,USD,289.88,ACTIVE,2022-01-13
5fe85168-107f-42c8-8fd7-c03a4de1dada,5a8f9642-2d75-47f3-afc4-4a53343c1e7b,BUSINESS,USD,4650.23,ACTIVE,2021-09-19
1e2cf2dd-f75d-4147-a3c8-db36e52a129b,12a75b18-d240-4a0e-8103-6d4f92279fab,SAVINGS,USD,2920.25,ACTIVE,2025-12-11
541a68f1-ecaf-4182-a203-734a9636921a,83a60186-bd9f-4dae-8361-83fcd98563fe,CHECKING,USD,3118.13,ACTIVE,2021-11-22
55ee475c-8557-47f7-8468-1b664667b63e,ec5b72cb-4b4d-435a-b764-c3405f761623,CHECKING,USD,37774.87,ACTIVE,2025-04-12
54db239a-53bd-41d8-a25b-8a3b0dfbf45b,2566f9d9-6878-4c57-b54f-a8c467a7d352,CHECKING,USD,7451.43,ACTIVE,2025-06-19
c522813d-c632-49eb-a5d7-bc7fefc120f7,84e02888-8b55-4d65-93e2-f842444fb872,BUSINESS,USD,39171.77,ACTIVE,2025-02-23
2f1de16f-6b29-4008-941d-e0b38cb3ac39,e8e35c50-2611-4b27-91da-23a806684a43,CHECKING,USD,38360.15,ACTIVE,2025-04-29
dd468d6a-a345-43e9-aaab-181782dac778,74172668-d3d5-4197-8407-cd2ffaad595e,SAVINGS,USD,9068.97,ACTIVE,2022-07-18
0bb5db56-5f72-4c30-9719-e2362b46ddd3,164e2a09-ce25-4b82-9e95-8bc5484fd302,CHECKING,USD,21694.1,ACTIVE,2023-08-10
695ea91c-32a5-4077-9056-4b4132d37de7,bf10c5b8-51be-4416-b4b4-97d9d29c936f,CHECKING,USD,16981.42,ACTIVE,2023-05-08
4cb0391d-57fd-40f0-97ee-beb9cd7e5846,a453ae0d-4edf-4996-b872-a0939f827ba4,CHECKING,USD,5208.73,ACTIVE,2022-11-30
fa654b34-a71b-47fc-92eb-dccd07d662cb,a418a1c6-d0fb-4a3c-832d-a5cd7995e997,BUSINESS,USD,25036.33,ACTIVE,2023-02-27
e9d68c3a-84dc-4c89-ba88-5fec6954e821,57e30bcc-a683-47c0-ac28-b572f50f8430,CHECKING,USD,17193.76,ACTIVE,2025-10-14
4d866b3f-6f0d-4881-825f-a88de883df09,862e5aa5-a04f-4c72-9a21-a1d0cb4e1cd6,SAVINGS,USD,40701.11,ACTIVE,2026-07-20
d0da0ad5-b010-4b71-b973-92bb59a060f1,74b1a406-0ec4-4cb1-a2c6-8df1722b59fe,SAVINGS,USD,15589.58,ACTIVE,2021-12-06
fb7d7d64-82ce-4687-8fa8-fe45bbb64160,a4c2c618-ff24-4627-8a72-d2d96d20f6e4,BUSINESS,USD,10085.81,ACTIVE,2023-01-26
5f1442e4-11e2-4f69-876b-1d803bf18e8d,7cf5917b-78c2-4cc1-ace6-a9e5f0534c8a,SAVINGS,USD,11794.63,ACTIVE,2024-07-17
426ae58a-c046-4f9b-b062-a8fc15bea4d2,da951876-f14d-4a0c-b3c1-a72b1d884769,BUSINESS,USD,46952.55,ACTIVE,2025-06-01
061ba794-fd35-4cc2-a427-9e3a00037f77,31db40c1-c4c8-4f6d-8f82-8bdffcd8f5b4,SAVINGS,USD,32096.82,ACTIVE,2024-07-05
b8e28691-088c-49a9-8bad-afbb54f0f549,5acde0e1-8aec-4002-b8cf-81ffbcd8ba38,BUSINESS,USD,40776.63,ACTIVE,2026-02-06
e26bccd3-23d5-4620-9728-dcaf0100e9d0,8e808332-7423-4887-88ed-d9b6bcc57fc8,CHECKING,USD,20916.03,ACTIVE,2025-10-07
efecbbd7-5681-4fab-8d49-a4794a928dae,6d4c47ba-c0a1-4fc9-a51e-65066078f844,CHECKING,USD,1791.16,ACTIVE,2021-10-31
c031b0de-f7d1-41d1-a2f2-8435ea6d5c3f,4260dde5-4959-450e-bdaa-4db60fb01657,SAVINGS,USD,40256.3,ACTIVE,2025-06-06
0f80e3b2-446e-4d1a-886f-27796fb2f3bd,fa96da9a-bad0-439f-bd4c-ffba9ea38c64,SAVINGS,USD,42353.55,ACTIVE,2025-03-06
b4302ccb-5f63-4c42-943a-5b30f555cb04,9689fcc2-0719-45e6-9634-1c7e1993f74f,SAVINGS,USD,32202.32,ACTIVE,2023-12-20
c4d0dd95-bdb2-4139-a093-3cd3b5952d31,7435093b-570d-47e0-93c7-b0943a16bc32,BUSINESS,USD,24078.72,ACTIVE,2026-01-11
1dfc8a87-fe09-40cf-ab40-29013ca1d813,e61563e6-21a7-4820-99ac-86d7c97b1408,SAVINGS,USD,32211.12,ACTIVE,2024-03-08
b6553d61-aea0-40ec-be7e-6142cb6ecf74,9ec18eab-57d2-466c-b5e9-e9168d69b689,BUSINESS,USD,7283.72,ACTIVE,2024-10-10
6f844ab3-36b0-4b7d-9b78-fcd7f7963b87,3a0e1e18-a4ae-4836-a8b3-a3caaacf9a13,CHECKING,USD,2519.23,ACTIVE,2022-02-25
e867460c-2ec9-47fc-837a-5886a1a1b9a8,25ce1229-0d85-4662-92a2-8cc201d4b0cc,BUSINESS,USD,22419.82,ACTIVE,2026-05-27
bbae635f-f1cc-4494-9d00-3007faf90860,2d210103-3fd6-47c4-964b-8f8d8b1cdbbf,CHECKING,USD,19942.76,ACTIVE,2021-12-31
9ec7c125-6ca3-483e-9d92-b4ce9274f72e,2e5c11a9-efaf-4b87-aa56-00bbc86a70e6,BUSINESS,USD,23830.16,ACTIVE,2021-12-29
457a8074-090f-4044-a671-f3a3b608e850,3354d58c-a06f-4a8b-bafc-5ad3956a4157,BUSINESS,USD,13599.82,ACTIVE,2022-01-22
e72c2365-b37d-48a0-b297-d27f2691be7d,4c4284f4-c23e-4828-af1d-812c58ba6ffa,CHECKING,USD,20099.62,ACTIVE,2025-05-29
6cc1682c-5084-4910-881f-9e8d352d3d4a,08cee1b2-44df-4dcf-8c5e-a5870c48fa44,SAVINGS,USD,9132.58,ACTIVE,2026-02-11
60b3dc34-eb11-45a8-9abb-2f1b0927fd56,700805ca-a7d5-468e-b047-831371eb0f17,SAVINGS,USD,6459.62,ACTIVE,2024-04-18
a1c482ea-60ed-4a35-9887-70f0e5fb5197,296de809-82ae-4068-ba60-047e79fe7c97,BUSINESS,USD,49339.34,ACTIVE,2025-10-25
3c52f0fe-0345-466c-9836-1b6c9830e978,6447063b-a0ed-4c30-9bb7-f6ac28ee0aeb,BUSINESS,USD,18056.33,ACTIVE,2025-08-30
24143097-c924-4ae1-9954-99be3f8e4c0e,968543fc-7ae7-4939-9734-f43b1601f893,CHECKING,USD,1474.6,ACTIVE,2023-07-11
a4aab150-6f6b-4883-8479-810907f8abb0,8fa05e37-b35f-40f2-b9ed-4d69c5e521e0,BUSINESS,USD,32498.5,ACTIVE,2021-12-29
5923de75-9fc4-4446-8777-fe03c14b551f,7028d1e8-5886-435f-84f5-8dcb8e7c46a5,SAVINGS,USD,33263.59,ACTIVE,2021-11-07
fd668213-caa7-453d-a76c-6da44b932956,414706a7-f44c-4b8f-8330-0e828b43ff4a,BUSINESS,USD,867.65,ACTIVE,2025-01-02
52e53ffd-8587-42ef-9cec-42225982ca46,1a4a5782-6512-43ca-a941-fdce146ff035,CHECKING,USD,3641.48,ACTIVE,2025-05-20
75eb3be0-b991-493f-a1ff-64c469fb0d30,bc411599-e9de-4fcf-a164-01e09e45f649,CHECKING,USD,12221.06,ACTIVE,2023-07-18
7f32b324-11d8-4c1d-84ef-444ad6277453,c9341412-9e68-4726-b9ca-59d9d632005e,SAVINGS,USD,8411.17,ACTIVE,2021-12-18
14af0528-f6ec-46fa-98a2-60c11185b099,cc8da8fb-46a4-4ba0-b1e8-53985037fe83,BUSINESS,USD,29103.45,ACTIVE,2021-08-28
e86191eb-61de-4dc4-b01b-15d9d047efe5,b4cd57be-e45e-4d32-95ee-254f0f178589,SAVINGS,USD,39461.35,ACTIVE,2022-11-22
23940871-750a-4fe1-b4e3-2e7345c72285,32fbf55f-519a-4f61-ad6d-bb973ebeede3,BUSINESS,USD,13444.08,ACTIVE,2025-06-23
d32400c8-da99-48f6-95ac-c0f2a9c90a6b,90b2b634-673b-454e-ad5a-2c6a9ab67a8b,SAVINGS,USD,18082.43,ACTIVE,2022-12-09
99037f22-0fb0-49cb-85ce-c402c72b1072,aca18d05-d2a1-46b3-be97-8716737c47d5,SAVINGS,USD,24676.78,ACTIVE,2026-04-22
f195aad3-e2e0-4606-bb3a-784a5e217952,c8a9fcd6-a237-4674-8e2a-612111fb9c49,SAVINGS,USD,39356.57,ACTIVE,2023-10-25
25ad7ba2-0c1d-446e-b09f-fe293af2da29,f0fbebdf-48d3-4620-8261-e7f8f6c9b8ba,SAVINGS,USD,33084.41,ACTIVE,2022-09-29
dec4cfd0-1593-4185-a44f-52fe3e2d9a8c,e7ca4481-961f-43e2-817a-6aa09ba8be7d,CHECKING,USD,2133.92,ACTIVE,2024-01-16
957129b1-a5e4-4fbd-9c26-7063e780e1ea,6dab7898-7f71-4bd7-947b-0880a5c445aa,CHECKING,USD,6074.02,ACTIVE,2023-09-25
e7a961df-3e92-4f1e-8058-6868ec9c5b8a,2d7dc83c-88ea-40ec-b5a4-a895f43e36a6,SAVINGS,USD,3517.9,ACTIVE,2023-01-25
49bc5c49-9e37-45a5-895e-877375e52f36,3ec0b74c-b9e0-465f-b1d1-444fbe9ae0f5,BUSINESS,USD,23832.93,ACTIVE,2023-01-07
f8bf3dbd-ce4c-4f14-a86b-1b73f8b25ca0,cad7b4a9-329c-44d1-b8b9-67ab4b74997c,SAVINGS,USD,42005.07,ACTIVE,2023-08-07
9ea0fde6-8bfe-42f7-8f0d-2272b48bc950,aed48805-5464-4cc1-8d9a-aed792b6e69a,BUSINESS,USD,1480.44,ACTIVE,2023-08-04
7c9ef00c-be94-44f3-84e4-17cdfe695abc,0dd2b50a-f588-48fd-8f58-fef6a3958c03,CHECKING,USD,39631.93,ACTIVE,2024-04-22
2bb509b5-7ab6-4cb1-bb09-713b723d49bf,344de990-a8eb-4855-98b0-1b35051cea3c,CHECKING,USD,20933.17,ACTIVE,2026-05-31
dbfb7bb7-27d5-489d-9dd0-5b1dcc19d7eb,888f4446-fc0e-40a5-9e53-ce58719ae587,SAVINGS,USD,30012.71,ACTIVE,2022-01-12
229f11c6-2e11-46d3-97a2-af236b162aa3,77837b24-b8eb-43c4-942d-5027dfd632d6,CHECKING,USD,29726.69,ACTIVE,2025-10-30
47e8d1b3-0ce9-4f07-b36a-9f0a2e4e2a3a,9ac22c3f-a12d-4151-99f6-44e07cb2ff49,BUSINESS,USD,14652.22,ACTIVE,2024-09-17
2749f4a5-675f-4d90-9450-85c13ce42586,9ca89a95-07cc-44f8-b6f1-abea8255154a,CHECKING,USD,25551.54,ACTIVE,2022-06-27
b87b3a09-3587-454d-815f-d9d8779e667b,413d5785-02e1-4cd7-b54f-71d4cfae1247,BUSINESS,USD,12829.83,ACTIVE,2023-08-28
e869c241-f9bd-4c0b-916d-c66981efa545,40130d38-9297-4572-963e-6a4e641206a2,BUSINESS,USD,877.76,ACTIVE,2022-05-04
9587ca63-1c89-4152-a612-0dadea4e0b32,c37d9667-6ef0-4ad2-a0ac-45c5111c291a,CHECKING,USD,20014.37,ACTIVE,2022-09-01
8981c575-96e2-4f13-9da0-6d9f55b538bf,76864713-c24a-4ea3-ba8b-0502e0aa312a,CHECKING,USD,22364.47,ACTIVE,2024-02-29
01600919-c3c6-4711-ad0d-6b194e6c8250,7b50d029-968e-4ca0-b148-619a8b22851d,CHECKING,USD,48127.56,ACTIVE,2022-09-15
0ccc3eaf-1d0e-49ee-9b33-1efdc3cec6d1,a97cc6f4-c6df-41d2-b56d-dbe5284b5be3,SAVINGS,USD,47107.04,ACTIVE,2024-12-10
19c7eab5-9d63-4e2a-9ea0-7781c57550db,f064fb96-2534-4393-ad6d-c7c6f308d2f7,CHECKING,USD,8428.13,ACTIVE,2021-11-17
cd0c5994-629d-4aba-a7cf-f1fff9b4cb38,74b1e36b-5799-4563-a7ff-e0f839e6d9fb,CHECKING,USD,42127.11,ACTIVE,2025-10-22
b6c205cd-7fc2-4a18-90ef-0fe3aeb9afda,ad1161f3-3f7e-480b-8d81-c39e62ebdf79,SAVINGS,USD,3945.69,ACTIVE,2025-04-03
0d4a50c3-d31b-42f3-ab7b-ca08f6c56bf3,f349fab8-0030-483f-9f3c-1e36044951e2,SAVINGS,USD,25725.91,ACTIVE,2025-01-01
c1cb406e-0b2c-4b34-8be3-992eacb02db5,2adf34c9-156e-4f0e-be52-858446ac7546,CHECKING,USD,46137.97,ACTIVE,2025-12-13
938d0042-97ef-4a81-9fd3-08523d28d8ac,35c98e74-ea59-4bbe-a199-2e59a57ed7c6,CHECKING,USD,47918.08,ACTIVE,2021-09-02
dfe0d2f3-28da-4c42-af2b-dc30e8426ef9,e068f726-3b71-406c-afa3-1db14c9f344c,CHECKING,USD,33724.14,ACTIVE,2022-07-17
24b16b71-0a4a-4398-a081-1aa0a5bbd1f0,e504a68c-c489-42ff-bed4-d7fe78052ae2,BUSINESS,USD,16874.69,ACTIVE,2022-06-07
fbe43d5d-a8c7-4da5-8884-fc9cde2c5621,f6ee628c-2e5c-4a76-8912-e08c3fbbbaed,BUSINESS,USD,16481.17,ACTIVE,2025-04-29
06f318f0-c1a8-46e3-aa4b-8b3b9cc46aef,aef364a3-e19d-4f35-ae29-dd353a836f77,CHECKING,USD,12282.76,ACTIVE,2024-05-23
57542f93-e247-419e-98c5-235a1bca6f63,13e20c17-3877-46da-8b3a-8ea39c291c68,BUSINESS,USD,245.5,ACTIVE,2025-02-18
8b90ca9c-a39c-402d-bd23-77c03e57966d,b0b1feb9-f13e-48d1-a4ed-ddaceb2b4c5e,BUSINESS,USD,44020.54,ACTIVE,2024-01-09
ee10aa58-e8f5-4464-bdde-7a3d38e59029,412cd830-d8b4-4e6f-8d2a-af1188dcb181,BUSINESS,USD,28965.74,ACTIVE,2022-07-24
20ce69b1-bb7e-4133-8b3c-d06890d8cf0b,279ef22d-248f-4281-9c46-1f63d687a674,BUSINESS,USD,42462.19,ACTIVE,2023-03-29
540780fd-a093-47f3-9c98-4223d4296cc7,e2f7df2c-6b91-46e5-85a2-34f760bf9291,SAVINGS,USD,22585.37,ACTIVE,2024-11-27
823d1101-1f48-44fc-a244-b6f54ca98ba3,9599f6fb-3e1c-430b-9884-6afcb877bd6c,BUSINESS,USD,9648.65,ACTIVE,2026-03-14
385d9019-f3a8-409e-83ae-1b79ba21f80c,95ae8622-436c-4caa-a499-327cc00c8e31,SAVINGS,USD,49123.77,ACTIVE,2023-04-07
24ec6892-2581-4b17-af53-51209c2ef9a4,be44bb74-cb68-4260-a4d2-0d5ec8409f70,CHECKING,USD,37315.14,ACTIVE,2022-12-10
eba4dd2d-9932-46b3-b392-73748e2eee62,6d1f0ccd-99b8-4795-8973-ad9d9fb6a5a6,SAVINGS,USD,43860.75,ACTIVE,2023-09-26
cfec3c24-96e6-4149-bb27-da97fe7f0dc3,bb228eb3-d222-4e09-a975-d13cf3c80c2d,SAVINGS,USD,20233.34,ACTIVE,2026-01-23
aca01ace-e0c2-44d1-8283-4ef5fe3f31f9,6abab292-04bb-41b4-a516-f3f3101c679f,BUSINESS,USD,16835.07,ACTIVE,2022-11-27
95f939b4-01f8-4fed-8a50-8d179e4443f8,35df2c19-4186-4458-9534-7c21a77d8f20,SAVINGS,USD,43845.28,ACTIVE,2022-06-02
5e725c1a-4092-445e-99fc-f2fce77f598c,1963c069-2635-4ddc-9a61-c50f6e804173,SAVINGS,USD,21985.28,ACTIVE,2022-09-07
39fd4e1d-cc4b-42e1-a16d-ab013a87a812,4b924f8d-19e9-443c-a9fa-750f80337fa4,BUSINESS,USD,3226.86,ACTIVE,2023-03-18
42f89108-538c-4ace-9094-c224da78d04b,2e190949-9936-42c1-9c1a-2ecbe9313c7c,BUSINESS,USD,35589.84,ACTIVE,2026-05-07
d1a5740e-9bae-4489-99dc-a48eb4f79fd4,a985cb40-bfc9-476e-8929-3c9bd54b0754,BUSINESS,USD,9810.33,ACTIVE,2025-09-23
9ad63d04-a384-4ef8-9008-48301aa6c591,4333052b-b9b9-4bce-9e7b-926007f0ec8e,BUSINESS,USD,13861.84,ACTIVE,2022-05-01
b9f0523f-690b-42e1-af85-37f86a540997,ab71f506-7354-4b49-8b10-6eafac33b6cf,BUSINESS,USD,32705.74,ACTIVE,2025-11-28
1c8a4e7a-3eb7-4b5c-add0-f970ff0ad6d6,9d4c39e9-56d8-43f6-a320-6545a54765c4,SAVINGS,USD,39679.72,ACTIVE,2025-07-17
936cc275-ac96-4910-84da-f21ae1d3faa2,766366be-1c32-4dd0-a271-fe21b8993d1f,CHECKING,USD,35422.75,ACTIVE,2024-08-31
fe675229-55a3-40dd-8b08-2f4c9fb4d754,2d8474a2-6093-47dc-9140-6f11aecd5e8a,SAVINGS,USD,8225.72,ACTIVE,2022-05-09
50fe763b-dfee-4c20-aa94-dce3f91e84a2,87c54919-ca9e-4666-88ec-067fb0126e7e,SAVINGS,USD,34047.53,ACTIVE,2026-07-05
ff9ae4e5-f349-40c4-bca5-008a245e5cc5,29835e3a-bb3c-4f6f-83b4-9b0a945173b7,SAVINGS,USD,46328.67,ACTIVE,2025-02-16
b6d132a3-6ae1-44e5-8490-d234eeb139f9,4e226149-89e9-4f2a-8133-3e605d0a0f91,SAVINGS,USD,35359.0,ACTIVE,2021-10-29
cedc04b0-69c4-4822-a463-69ded0d07a4e,98f3bb31-5802-4ef3-9234-988a30ef3e3c,SAVINGS,USD,21567.51,ACTIVE,2023-09-17
17acc8ab-ebbe-4be4-a249-08b1d99507db,78b563e0-44f6-48be-b913-7f357efee0de,SAVINGS,USD,11157.39,ACTIVE,2024-02-22
b70ab6c3-484d-4342-b597-6453ec217bab,9a930cdf-9fe0-4e8f-94e1-d02dd78e8974,CHECKING,USD,15488.06,ACTIVE,2024-10-03
2160be2d-1bd0-4fa0-811f-66355ba7be1d,90178f0f-6d2c-4ce5-8791-1c374967056e,SAVINGS,USD,23506.23,ACTIVE,2025-04-29
4e215897-d500-45cf-9387-d0559af07f62,455eae2b-b4dd-403e-95b5-4655ffad80a6,SAVINGS,USD,37648.81,ACTIVE,2022-07-27
8486baf5-8e02-416d-9da3-7946e82b0639,101fa541-5a8c-4df6-900c-786832466878,SAVINGS,USD,26613.33,ACTIVE,2022-10-22
4c42eb13-6be6-401e-9118-ae9d170b7c82,830f46e6-aa56-46e5-abfc-033229f360a7,BUSINESS,USD,6318.52,ACTIVE,2023-10-14
eaf98cf1-80d6-413d-a51b-acc46adf9adc,c3f11a0d-6434-412c-ba7e-034bc527ad06,BUSINESS,USD,16330.54,ACTIVE,2023-04-07
be140f41-22fe-4aef-aa80-f91224342e0a,f3ce9e6e-d993-43a6-89d5-a30d078c941a,SAVINGS,USD,40877.91,ACTIVE,2023-05-14
90325e96-5141-4634-a277-ca2e3f9dda26,da7972e3-b764-4fe6-983c-31fa7f8bd2d6,BUSINESS,USD,49731.19,ACTIVE,2022-11-13
1466e197-5c7e-419a-a6cb-97baeab2aee6,d5dedda5-9d8d-4bc1-b48c-aeb3a46e86a9,SAVINGS,USD,27649.27,ACTIVE,2024-09-01
c0ee957d-b48d-4a85-876c-6139ee61a346,036d0064-4cb1-4ddd-8631-1eb8f74a59a4,CHECKING,USD,651.39,ACTIVE,2021-10-26
6b75df10-a346-47d0-84ae-521b553dbeb0,5903820c-dca0-4225-aafc-b3ccbddaedbc,BUSINESS,USD,18242.76,ACTIVE,2025-08-12
35874e8c-78f1-46df-a3db-11f4360a3f6a,09999077-400a-4e88-865e-3618ca8d5df2,BUSINESS,USD,1199.99,ACTIVE,2025-01-17
cad160f2-34a8-4677-a345-7b48cd5ac46c,76e47a00-f1c2-49bc-93ee-6d9eea211f7d,CHECKING,USD,41718.86,ACTIVE,2026-06-16
e0a4dbde-08f4-4622-b2ab-e306301dc6e6,9751b689-b49c-41f5-8644-7d1809e30cd6,SAVINGS,USD,36422.25,ACTIVE,2023-07-31
abe634ac-779f-4357-8e53-13fb2cf55a63,d51d8843-3570-444c-9895-469cfdcb63f5,CHECKING,USD,2902.57,ACTIVE,2025-04-11
9f921aa3-df1f-41d1-9f27-a921549dc58c,0038694e-46ba-4182-b46a-882920ecaa79,CHECKING,USD,10764.07,ACTIVE,2023-06-26
468f15cb-89e4-40d3-9f50-79b4a309a520,0e9f0b38-b78d-4426-ad1b-dd9b81758d91,SAVINGS,USD,46782.82,ACTIVE,2022-02-19
bfea349e-a58d-4f41-b034-70c0145c81bb,b53a3153-c336-4faf-82ec-194a6bff9e91,CHECKING,USD,35195.24,ACTIVE,2022-06-16
7511e1ed-df57-4af5-afe6-ba6dac9c474c,a97aab44-eb69-4263-a48b-5d4291cfe4ea,SAVINGS,USD,20200.64,ACTIVE,2026-05-02
319e36f0-fc12-444e-a07c-40a91f167da1,908cd102-7721-4114-920b-41bb92e33eb2,CHECKING,USD,10820.56,ACTIVE,2022-10-18
cbc2a867-7f7c-4c4b-ac38-f227e1ec4fc4,784e54b7-101b-461b-b0bf-1cc1446ecac7,BUSINESS,USD,46353.46,ACTIVE,2023-02-22
fb828243-eb50-466b-b1fd-43077fa41644,6206eb33-9ec6-424b-9d1e-9dad016b36cd,SAVINGS,USD,38824.67,ACTIVE,2024-07-24
f3b45ec2-332d-49dc-bd6f-e7b1835e2a06,abe4b8a9-aa5e-4fca-ac5b-cf7fa77f6c80,CHECKING,USD,14134.83,ACTIVE,2024-06-03
abf3dc85-4270-4f6f-b8e9-62ff8a61cab0,4556d31a-26a9-4131-8359-e04ea2838e88,SAVINGS,USD,38170.67,ACTIVE,2023-01-11
1ffc8bec-8cbd-474f-81ce-92f53db582d5,262a4d2c-a2ee-4e5c-b847-60c623b35112,SAVINGS,USD,17403.14,ACTIVE,2024-06-21
a9c21d69-ae3b-4bbf-b203-6f8a2ccc5aa1,a7071a31-9a76-42f2-938d-6340cda0144d,CHECKING,USD,5624.99,ACTIVE,2023-04-30
7d6c15dc-dcd0-46ab-a06d-0457e9872ed5,f2726a36-a8b7-433d-8664-5e7eb411a5c4,BUSINESS,USD,28897.42,ACTIVE,2024-01-24
913a5fde-f17e-4ad9-bcfe-37a8f9c11f82,b7807294-e857-460c-ab87-78deb1ef1450,CHECKING,USD,24295.87,ACTIVE,2026-02-18
7d4fd293-1441-4f2b-82ec-0b08b1b1532f,040b23d2-e216-47cd-9eae-74e98168353d,BUSINESS,USD,32130.65,ACTIVE,2026-02-15
167e1a22-e4e3-479a-b44c-e6f139b56c2b,d9bb58e1-1aa9-4d4a-8287-d931395e5eca,BUSINESS,USD,29166.6,ACTIVE,2024-06-14
a18b2b44-6961-4ede-84d2-1856c327a916,c7caef5d-82aa-4653-a696-bb5b003da0ae,SAVINGS,USD,46890.65,ACTIVE,2022-08-02
b38bc1a4-48b9-40dd-bf6c-0b0517b78cdb,e447736b-949f-4172-9012-6701b374cdc6,BUSINESS,USD,2882.68,ACTIVE,2023-08-23
300d7a4f-fd5f-4eaf-9471-fe4cbaf2e166,97435893-81d3-4677-b8f9-5c1d6ff69dc2,CHECKING,USD,20277.37,ACTIVE,2022-12-31
422cbd08-ef77-4c03-9c39-5f712dbea4e3,fd32925d-739c-4dbf-a0cb-ed8ddb321a20,SAVINGS,USD,35393.89,ACTIVE,2022-02-03
d6b7dfeb-740b-4043-b3d8-f243f1c11604,02e2867a-6d4f-484d-83a6-ffe6b0c2e3ee,SAVINGS,USD,19674.33,ACTIVE,2022-10-21
151c78ad-3dcd-4b7c-9cfb-255d8bde9a77,454264c2-f0ca-417b-b7b1-997f9be07a0d,CHECKING,USD,49099.86,ACTIVE,2025-10-31
aaa407ea-c6b7-4be2-809b-2ad7be2857ac,a50c2c4a-ee27-478e-964c-fb929dea929f,CHECKING,USD,18880.31,ACTIVE,2021-11-29
91fad288-6618-48a5-a073-74bf5b16905a,d76b6bab-86fd-401f-934c-682d1dcd771b,BUSINESS,USD,8471.92,ACTIVE,2026-01-03
9e976596-62de-43f8-8f93-22bba05e393d,2b93da32-8680-4ef4-bda3-870062cdc2fc,BUSINESS,USD,24399.32,ACTIVE,2024-07-29
4358aa36-05b8-4aa4-9d8a-4092cdfba225,b29782df-1e5d-4fda-9247-77ac933474e1,SAVINGS,USD,43719.55,ACTIVE,2021-12-14
ce82a396-66f8-4403-ae6e-7d0cc8ca1d3a,1e7638d3-9858-444d-8fb8-c2a3a967bf7d,CHECKING,USD,40250.14,ACTIVE,2025-04-26
b397eafd-a8aa-46ff-bfd2-3c61fa892586,e1067feb-a294-4fe5-94b0-73ec700f9737,SAVINGS,USD,12498.48,ACTIVE,2025-09-01
7d4f5f9c-d0a4-4fb6-9e93-20127912182a,ba1e024b-eeaf-4005-b06a-a3f230beb3ae,CHECKING,USD,7052.23,ACTIVE,2025-05-20
87fbfb0e-2617-42b9-8ef9-95b6aece6a99,0a298ad7-68f7-43fa-b7d4-258f842e87b5,SAVINGS,USD,46309.36,ACTIVE,2023-12-22
24099f81-d013-4d3f-a79a-43be3e01ee03,d6f4f902-be48-42e9-a64e-7bf2c3923e7b,BUSINESS,USD,3008.46,ACTIVE,2022-11-18
e18637f4-f14b-420e-8b40-2d1bdaf953bc,30c8b400-d95c-4550-9c97-5ca90fe53bb1,BUSINESS,USD,43634.24,ACTIVE,2021-09-11
9406bd16-158e-4c7c-a427-edc6d7621a99,76c149b7-e168-45fa-aab0-84564cdaab0a,CHECKING,USD,3847.29,ACTIVE,2026-03-17
a6755be5-aade-4b13-93f5-fb5b60b9eff7,457cffeb-edb6-4b70-800f-77e879bb4648,BUSINESS,USD,1986.56,ACTIVE,2025-09-09
a409b5c5-9ce0-4a8f-b659-a5ad55b50e5c,e3805638-f8ed-46df-afb2-06db62b3730d,CHECKING,USD,42677.13,ACTIVE,2022-08-18
6648fa07-7124-407e-9c7d-f03cd2ccceec,3c013ea9-65e4-4bd1-9ad4-c68eae529072,BUSINESS,USD,26711.95,ACTIVE,2022-06-27
3a92461c-ace8-4edd-ae8c-fefa72eabdd5,e07862ae-6118-4c18-8112-92408f46a22a,SAVINGS,USD,17480.66,ACTIVE,2025-08-31
78581c6c-87f1-466f-9484-acb9dd60dd8b,0c4285ce-d0a0-4e10-b34d-4b50915ae6c8,BUSINESS,USD,33052.02,ACTIVE,2022-12-19
1b7b048d-f179-4668-be9e-fa96d3890c12,e2d366da-8f93-4068-b4fa-0f394315228f,BUSINESS,USD,20680.87,ACTIVE,2026-03-23
8ec69dba-fd96-46f5-b56d-6cd4059433c3,96ad9dd4-fe61-44f7-8c9e-9a9611b9ed81,BUSINESS,USD,6696.26,ACTIVE,2023-11-14
bff21dcc-0eed-4af1-a5ed-707db0015ef5,d96bd3ce-9e6e-4462-baee-736272e7775d,BUSINESS,USD,41632.36,ACTIVE,2024-02-23
2de7dfd3-7cd1-466f-a2e2-f211fd3a3806,b6512536-c0b6-4fa7-8422-0d54b97a0b2c,CHECKING,USD,24715.08,ACTIVE,2021-11-04
6fb33402-1ea9-4457-8f8f-9781c3dad40e,b0259291-730c-4544-b9b9-894ffbb766ad,SAVINGS,USD,49563.94,ACTIVE,2024-03-30
d060f9f2-f638-491b-9bfa-c5f442a099a7,4e881de2-ef58-4cf4-af66-d68451eaa00d,CHECKING,USD,37647.22,ACTIVE,2024-09-18
187e4c68-ba08-4c97-bb04-b4b21c3a11d4,9864a368-b2ba-439c-b084-f8fe70ed7cb6,CHECKING,USD,7862.2,ACTIVE,2024-06-08
73a65e9a-111c-41fe-bec3-b984672af470,0a9cebb1-26fb-4a4f-9f42-bb10f86a8540,SAVINGS,USD,16631.91,ACTIVE,2026-03-28
513ac590-34f6-4fe4-8253-e6e18a5f45e7,ffeb20a7-973a-4a4d-9ef6-9489b465ee15,SAVINGS,USD,38004.53,ACTIVE,2023-01-26
ca8c2c30-c921-46d7-9924-6879b0b36b76,627f625a-898a-480e-bfde-db0f6aa21d27,BUSINESS,USD,8544.37,ACTIVE,2025-06-22
e50a3522-b0d2-4d39-9c20-8f4443fdb61a,a266a209-2d88-4ff5-a584-7f8c2bbe3fbe,BUSINESS,USD,9639.77,ACTIVE,2023-01-27
b541a8af-6e4d-4643-ab26-169d0e544b20,9b9998ef-e009-4a24-8d8d-b0bbefc573b7,CHECKING,USD,22292.71,ACTIVE,2022-12-02
7d79a5f2-ed8a-42f2-970a-14f74fb54401,534d3d30-a9ea-426f-846c-1682b19d5df7,CHECKING,USD,25103.78,ACTIVE,2025-10-11
ec8c2cae-5737-4447-948d-d9e5ac2e6abb,5557500f-9c59-4480-b5cf-342ac9fe965b,CHECKING,USD,44411.78,ACTIVE,2025-07-20
719a8514-f00a-4f57-ad43-8f6aff8ec7ca,d67a4bdc-cb60-4fe3-95a4-46b5759cf639,CHECKING,USD,18621.61,ACTIVE,2024-11-06
a3b361de-1dab-4913-9217-cfccaa39f469,3d1be3c3-055a-4648-939d-f9f4c1e7278d,CHECKING,USD,47620.73,ACTIVE,2026-03-16
f12a0d0f-ad43-4a0e-aa99-eeef27265dce,d3991466-a3b2-424b-b1c6-693f2fb169b2,SAVINGS,USD,33568.06,ACTIVE,2025-07-14
24bf40f7-bf86-48c2-9685-3f8de5129a54,1740628a-bece-4a54-9fcd-d70c625d4d6e,CHECKING,USD,33157.73,ACTIVE,2025-02-08
1982b951-95a9-40ea-95f8-f25e229ad112,600f5281-d189-40df-b603-44ddbe4c4863,CHECKING,USD,35208.5,ACTIVE,2025-03-28
5a77b237-71f6-4601-82a2-d9f16f1fa34e,2bc2092b-c83b-4de6-81b8-d2e1fa31826d,BUSINESS,USD,19819.55,ACTIVE,2025-04-20
4be11f45-85fc-422d-b446-a53f1b2b2b60,ab1500ac-3dd0-4b2a-85ba-df2287c0dc92,SAVINGS,USD,45007.6,ACTIVE,2022-09-18
6ed8741a-6f9e-4e8d-9bf7-5342bddc922c,66a7d7b3-2f5c-4367-9f46-8ef6a0ef710b,SAVINGS,USD,37156.59,ACTIVE,2023-12-09
51788490-8fff-4e58-b8c4-ee8791c2c6d2,f1edce57-4212-48aa-9242-4e528b8442d0,BUSINESS,USD,27516.88,ACTIVE,2024-11-15
e9054c32-80ce-4c25-81e4-99fca7ef775e,7b39ffff-b11f-453f-82f2-94386f217f09,SAVINGS,USD,40803.59,ACTIVE,2026-06-24
e582af6a-ef63-45bd-acef-bfc05744acfd,df6a9971-d961-4aa6-9e0e-9ec818c192d1,SAVINGS,USD,26067.5,ACTIVE,2022-07-02
ebb394b3-c087-464d-be0a-51b68d34eec3,0f8f4594-73b2-429c-b010-57e59a09d35c,BUSINESS,USD,9135.1,ACTIVE,2022-01-16
afb9fadb-74f5-440b-b124-2587882e4c1b,7225aeeb-fc76-4840-867d-1e94ac6aa627,SAVINGS,USD,17789.84,ACTIVE,2023-01-24
e2d01a53-33ed-4ab4-9a9c-0ddad88a719e,121d3d85-f722-40b6-870e-09f884caddb3,CHECKING,USD,42118.34,ACTIVE,2021-09-30
0a0b8ef7-ea86-4799-a3f8-90715699a1a8,b96b1471-c45f-44b9-a0cd-c61a8e85f4a0,CHECKING,USD,11362.87,ACTIVE,2022-07-31
205e5f4e-2c32-40b0-8e0c-aba94f522c41,cc8199f0-b427-48fb-ad36-0239827de635,SAVINGS,USD,12000.62,ACTIVE,2022-09-20
f76d184d-b907-4b85-82cf-6584ca64e729,5149df71-97e4-44b7-adc0-ab3f05505bf3,BUSINESS,USD,25118.55,ACTIVE,2021-12-06
aecd4a3b-8cb7-4f42-bd50-37c2dc2fac99,8f94827c-f4e2-45f5-b307-a31801730b3e,BUSINESS,USD,14866.9,ACTIVE,2025-11-29
2e69df77-2537-47b7-9ab1-ba72623fee27,507398a5-ced6-4a6a-80ac-a74492afe1e4,CHECKING,USD,10816.09,ACTIVE,2024-02-22
93d16b88-70a6-4453-8cd1-91c36fcd62f1,ec5a43b5-19b6-40b6-a252-4a15859b3a6c,SAVINGS,USD,6038.58,ACTIVE,2024-05-27
dfbbde1d-461c-4a4d-a196-b39f3f7ef0f1,4a2b63cc-b68d-4e2c-8aa9-87b4c1c6e1b0,BUSINESS,USD,21838.97,ACTIVE,2026-03-12
cef3c471-e18e-4c62-a3a4-40982d97470f,658aaa85-edfb-4bcd-a282-691493cabb58,BUSINESS,USD,29247.59,ACTIVE,2023-08-02
56345001-fa18-4127-aa8c-298b98a3f827,2a192380-852d-4206-9358-a22d9b82b1a9,CHECKING,USD,2667.8,ACTIVE,2021-10-05
c75667aa-1cba-4c8b-9528-def21009adb1,67c90075-8ae7-4c2f-82a2-47967c74e1ec,CHECKING,USD,11326.49,ACTIVE,2024-05-03
b37088ba-f7e7-45c0-a517-7a3b272aa428,da55c29c-2eb9-4db7-a387-53d635f33f7b,BUSINESS,USD,35257.79,ACTIVE,2021-11-03
d574a702-fe2a-4421-8f5e-2e94b230087b,c7e030ea-c2f6-481a-84cb-4f2d3401c636,SAVINGS,USD,23989.67,ACTIVE,2022-06-02
44b55378-c361-4002-938e-8d73e958c3fd,9a1173cd-adff-4a95-b133-86fd41f946b7,SAVINGS,USD,43769.59,ACTIVE,2024-07-01
48e0e0a6-dcad-4cec-9e5a-7cfd98c1f876,5aca0401-1cec-417f-9c11-0cc71c6debd9,CHECKING,USD,4859.83,ACTIVE,2024-06-16
7547c227-3cae-4d67-ac4b-995f8e8c3db3,4f260bdf-ff8e-499d-b553-e39e1a436b47,BUSINESS,USD,32978.85,ACTIVE,2026-05-07
f5737e39-ff25-43f5-9d3d-cec641fe9fcc,e972fa15-94c6-4fe2-b7e2-12f56032a6e9,SAVINGS,USD,47695.45,ACTIVE,2023-01-17
1c7f69c0-bee9-4940-9379-6e2f00285af7,50247493-b403-4fbb-b0f2-62089075c142,CHECKING,USD,26668.93,ACTIVE,2025-01-01
aff1927d-5422-4af5-93c9-d4482dea8edd,2e4fc624-1322-490f-9600-27b9aa232aa3,BUSINESS,USD,7618.14,ACTIVE,2023-11-22
05d61347-191f-43dd-acdf-5496bfe75141,93c24458-6c47-413f-9903-952cf1d32279,SAVINGS,USD,6541.19,ACTIVE,2026-03-16
5ac5bf84-5255-43b8-85cc-068745ec163e,c996919c-fa3a-4e6a-aa4d-7a53c4c99e97,SAVINGS,USD,9850.52,ACTIVE,2023-05-21
c0f1ad75-bba0-46b6-82cd-e739a2cc5bb6,4ce595d7-8fa2-492f-a4da-a85f482c8b94,CHECKING,USD,43451.41,ACTIVE,2024-03-01
1f8d3840-9b45-417d-b316-789521d11a9b,48aafc4b-05ed-4dcf-aa49-40917e178dcf,CHECKING,USD,27079.4,ACTIVE,2025-04-10
112915b4-42c7-4ec8-bfb3-51424d344727,bc620658-9cc2-46a0-885b-99d8ee567f84,SAVINGS,USD,27955.09,ACTIVE,2021-10-12
f845de86-9780-4060-adc8-c134f86d7111,5763b343-8806-4168-8f03-584d14e3c79a,CHECKING,USD,49546.93,ACTIVE,2026-01-10
82b057be-526f-4e75-863d-b400d120f602,40a8102d-ddcb-4852-8ba4-a7f4874835f2,SAVINGS,USD,37331.62,ACTIVE,2022-05-19
565b98ed-8c2e-4506-970f-4be2285a9f1b,0d128d53-ee41-4fea-9ffb-e18145dd5d2d,SAVINGS,USD,15605.38,ACTIVE,2025-01-19
5b9f1bcb-375b-4d3e-b852-2bac66533562,a12f50ee-4ffd-4799-99d2-2741e55f2cee,CHECKING,USD,23975.73,ACTIVE,2021-11-17
1c14d21f-ca14-4745-8938-df5e1057aeb1,3a79df99-a5c0-4366-af54-42f9c31b99e4,CHECKING,USD,15173.15,ACTIVE,2022-07-29
c006c66c-faaf-425a-be97-5391563ab910,35e84889-cf9a-462c-9b46-156c0f82979a,CHECKING,USD,27313.1,ACTIVE,2022-10-20
b30a0a5f-87af-4be0-ab17-e0d7a1f639ce,9b133e9a-bcac-4e81-aa24-e87beb076220,SAVINGS,USD,41590.97,ACTIVE,2025-06-14
5c2f0ae4-dd1c-42ce-86af-0d14f8c5e6aa,81296d46-45e0-47d6-bcd0-1f2a2cd20e17,CHECKING,USD,16755.69,ACTIVE,2024-11-20
ccf684e5-0ae9-469f-923c-7febef23c407,e36bbfcd-53b0-490e-96bc-71153fbb85a1,SAVINGS,USD,49521.94,ACTIVE,2024-07-06
a12d7e52-48ae-4eff-a2ee-d05bea04e8a8,6a58aba1-c37e-40e1-ad9b-ea09c55352f0,BUSINESS,USD,26222.28,ACTIVE,2025-07-08
08c77711-b14a-401d-bbc5-f328728fa473,d5c64c1e-a6c9-48e6-bd24-4e1a5b26540b,CHECKING,USD,31180.13,ACTIVE,2025-12-29
74ce549b-28e4-4b70-bc38-bd2c12d3afe8,2abcf165-ff57-43a3-9ca8-faaaed4f132b,CHECKING,USD,41144.67,ACTIVE,2023-06-14
950bb379-ad9b-4e18-9a27-43487d726a61,c787fc8c-539a-4492-bc9a-b1775370dc2b,CHECKING,USD,29357.42,ACTIVE,2022-01-29
45260af6-7adf-4066-84c0-1a3c2515722d,eb8e2fd5-52ca-49a0-9249-a5d07ffbb718,CHECKING,USD,405.53,ACTIVE,2025-05-30
4c610f53-bd44-4d5f-9aab-91e2c4546ca5,8dd59415-1724-4d25-a75a-7b4f3111bd80,SAVINGS,USD,26875.1,ACTIVE,2022-08-17
496eab64-054e-4388-94c7-1026c2e45a4c,e706f87c-050f-45d3-b396-8d924cfa106e,BUSINESS,USD,34063.98,ACTIVE,2022-08-02
2ce28f47-0f96-40ad-819a-06fa9269e356,774d3660-74af-4686-b29d-3afa49dcae10,SAVINGS,USD,14731.05,ACTIVE,2021-08-03
1ca41704-92ca-4665-b8a8-74dd03357358,487cdf68-9627-40ec-b9e5-4102e066a772,SAVINGS,USD,10206.96,ACTIVE,2026-05-22
edbfd35f-5c48-455b-906f-9629e50e73aa,c7259f1a-02df-439d-a83b-c38583666354,CHECKING,USD,7217.03,ACTIVE,2025-05-19
880b2a96-34c6-4dc8-bcdc-bc4e883064d1,2feff2e6-809c-4710-af1e-c35ff9f2ef72,CHECKING,USD,47227.76,ACTIVE,2022-01-04
cb4214c5-d322-4a6d-a595-2d98518c4b00,237d7782-c139-4239-9cde-b9efe1d869ad,SAVINGS,USD,38043.74,ACTIVE,2022-08-05
3d30e2a4-1d13-4176-8ee4-e5df7dce400f,e6921f1e-f98f-4aea-b339-ce226ab4448f,BUSINESS,USD,42441.47,ACTIVE,2023-09-30
c62e8d5b-41f1-4a26-9908-dd371fddde3a,94a84edd-a293-48ef-8b23-98a5248e9d02,BUSINESS,USD,11978.51,ACTIVE,2022-06-18
47c43b16-13bf-4326-873e-951f9aaa4ec5,ce504a05-ddac-412b-827d-adf84e51703f,CHECKING,USD,42300.84,ACTIVE,2021-10-21
eb270221-ca16-4a3b-80df-14fd8072f3e2,f288a587-0f80-4fdb-9ce6-fd27f2eb0db7,SAVINGS,USD,1429.34,ACTIVE,2026-04-05
9df6ca20-c848-46af-8576-b49cf24fdea2,1aa7499b-85d3-499b-92cc-50e8ddd3b61f,BUSINESS,USD,49163.02,ACTIVE,2023-11-26
6c17b303-b4f5-42db-b53b-cfe2e5188e4a,64451294-02ac-487b-89e4-daa6b305d8ea,CHECKING,USD,21794.56,ACTIVE,2022-02-19
60b72ac9-35fe-4b38-a4aa-07363db2cf82,7d90a7bb-fffa-490f-b87a-f1ee2633bb9c,SAVINGS,USD,27594.86,ACTIVE,2022-06-01
01c3210f-9b70-48a4-bc22-c614b90f56c1,e9fa9a1a-22e3-4071-a179-8557c51babdf,SAVINGS,USD,18109.58,ACTIVE,2024-09-09
ff07b95f-4f4d-4962-b172-1b9ff9187646,f4ec5a39-5068-4144-a2aa-2d26900d3d37,CHECKING,USD,48926.63,ACTIVE,2024-10-24
ded9ceb7-854c-4c05-af24-5550a3029153,8c673c04-38e9-4e28-889d-550f3a7e4e4e,CHECKING,USD,2028.71,ACTIVE,2022-07-26
4914ed42-eb8d-4d19-8bd2-829da96ac1e0,bd43f2ee-6a18-4df2-9071-2ef896460dbc,BUSINESS,USD,12727.35,ACTIVE,2022-04-21
fbef3140-9dd8-4344-b727-9ba044841fc3,210bb1da-eed7-4da5-aa2e-f0932f0c42c8,BUSINESS,USD,20472.09,ACTIVE,2022-05-23
9c6696c6-981b-481a-bdd1-7b849644d36d,2b918981-764f-4af8-8dc2-8982e0a103d7,BUSINESS,USD,7510.88,ACTIVE,2023-12-17
dba3a26c-f020-4695-bd63-6e383d380aeb,d4c359f2-1a3b-4bce-a0dd-11bee4f15d6d,BUSINESS,USD,42246.89,ACTIVE,2023-11-29
fd9f160e-9354-4c09-86da-24b753c4cdaa,deec87a3-e4ae-47ca-9446-62970b07888d,SAVINGS,USD,13507.98,ACTIVE,2025-06-30
b3964a80-3584-4696-8c96-abd9bfd54164,dca1b853-6e83-4817-8c65-0fcbfb379404,SAVINGS,USD,13860.19,ACTIVE,2021-11-03
3f5d5dee-e1aa-4772-8d6b-8d1202c13139,a6e02467-d1ba-4a86-8be0-a02f88b19aaa,CHECKING,USD,22427.16,ACTIVE,2025-09-04
80682f3a-12e7-47c3-9559-f32ec20eff0d,e1bc258e-d36d-4dba-84a4-3bb1ddf2e946,SAVINGS,USD,23783.75,ACTIVE,2024-01-06
dfe5cb4b-e594-4add-ab08-d67f8ec30285,ea4fe215-62f2-4310-9e60-ee331bfb47fe,CHECKING,USD,49843.71,ACTIVE,2023-08-11
74610664-c971-42d9-9dec-7311eda14130,a2f6dafe-9a41-4920-98ae-4f632d5469ab,BUSINESS,USD,8482.45,ACTIVE,2023-03-11
dcfca3f5-9518-4d16-ba76-a901d5f9db18,48248a29-a0a9-40a8-8a10-fd91c4904a52,CHECKING,USD,44443.81,ACTIVE,2026-02-18
fd7ee8e3-2804-47ce-9100-2bd7dde66afa,a2660c45-6d07-4900-9d57-418e6b21d951,CHECKING,USD,32111.11,ACTIVE,2023-01-26
7df01a5d-db50-4346-8c39-e9a470b78486,0cc99d98-eb7b-4dcd-a0bb-e1947e38cfcf,SAVINGS,USD,18309.46,ACTIVE,2025-03-04
83680e9a-649e-476a-92d2-bfcd72cbf058,bb2d34dc-b2c1-4f69-a641-92b77a28aa88,SAVINGS,USD,830.52,ACTIVE,2025-02-02
2ffd059f-aecb-444b-93db-83489c882285,d6439b17-6b1b-4745-b6a9-0fafa3117410,SAVINGS,USD,48818.57,ACTIVE,2023-01-25
4b27905e-0909-4114-b306-fcfb0974f2d8,43a6eeab-9f4c-478e-90aa-a991e46e0fb7,BUSINESS,USD,44339.79,ACTIVE,2025-12-13
72ce3d4a-cedf-468b-bbe8-db4c857b66dd,c01fde66-9551-45ff-a40b-38c7345f7662,BUSINESS,USD,32034.63,ACTIVE,2026-04-30
d6f3c214-44a9-4dfe-9358-4dab9e9d55b6,da36d389-d05b-4dfc-9736-40a48d30eb4b,BUSINESS,USD,48473.64,ACTIVE,2022-03-04
0ac2263d-021a-4e08-915d-0baf4aaf7e1c,d91eab05-70a4-43fd-ad58-c1f6cdca3498,BUSINESS,USD,45512.5,ACTIVE,2025-06-05
d327c655-7249-4830-a597-030289e0066c,c19a4103-a9d1-49a2-970a-862a0c5529e7,BUSINESS,USD,19643.02,ACTIVE,2024-04-07
780bc980-7fad-4b8d-8a31-d07782150777,6649531f-6566-468f-8cba-762a58b4367e,CHECKING,USD,7400.75,ACTIVE,2022-12-27
9c5d04ed-c8dc-4581-8930-2621759fb87f,02c7c098-40b1-46d0-8a2b-853e7940d8da,SAVINGS,USD,1761.01,ACTIVE,2025-08-22
007580de-b929-433f-a29a-1b947ed61bae,4b7794d3-00aa-4853-9b8b-0942959fcf1b,SAVINGS,USD,20369.7,ACTIVE,2023-11-12
b8504b4d-ca9c-4689-9924-af8ae640ecc8,58a30478-3aa7-4194-87db-ce05d11c1390,BUSINESS,USD,20539.25,ACTIVE,2026-05-16
b4d4d25b-930a-436d-918b-d5d040e3c89e,67e802ad-a973-45a5-bcdc-1141607f0bf2,BUSINESS,USD,45862.72,ACTIVE,2026-05-08
dafcc941-37f5-47fa-8e9e-190b3d7e3ea0,d92f1069-0965-4836-99a0-887856dde731,SAVINGS,USD,9835.22,ACTIVE,2023-12-31
2165a8f2-1587-4ef6-92f4-9937cca10b34,47e51e35-9f57-4db4-8b69-67055db933f9,CHECKING,USD,38366.32,ACTIVE,2023-11-09
23d6d455-fd09-4233-a427-a720e07376d2,8562e6eb-92e0-415d-b930-f19a0b30293f,SAVINGS,USD,26069.24,ACTIVE,2025-09-21
33029940-e5e9-4ac8-98f7-800a77333894,db134671-4abb-489f-a2ae-ab77383c8109,CHECKING,USD,22653.99,ACTIVE,2022-01-28
ecd12556-4dd0-4f24-805e-2debcbc34cb5,9f5badf5-7bed-4c4d-beb6-d8d8d02980c9,SAVINGS,USD,32861.96,ACTIVE,2023-09-27
f17a3b6c-4968-4886-b439-0c64245750d2,cdfabc16-3604-4598-82fc-89c63cb5ed68,CHECKING,USD,29610.02,ACTIVE,2025-03-22
6e851d61-69a4-4719-9b40-69fb63aeb11c,e30642ae-e497-4ab5-a334-ce6b222585cf,SAVINGS,USD,1111.05,ACTIVE,2025-10-29
1aca036d-3bd4-48dc-a0d7-0d34ab205528,c6d4db28-d91e-4ab9-99ee-5c8bf1fba7a0,SAVINGS,USD,39256.07,ACTIVE,2024-05-01
b77dc578-4f8c-4017-a789-2022955ce08d,ff758e0a-7716-4f58-8d5d-b25580063e41,SAVINGS,USD,42735.6,ACTIVE,2022-07-09
cc53ebce-85d2-49f8-9eea-939427e7632c,36b62b2e-2ed9-40bc-88c5-57829b2cac96,SAVINGS,USD,33806.95,ACTIVE,2024-12-14
d92e0d6f-5d50-442c-afb1-a2b90e0cd788,72c02483-3cf6-402f-9eae-3c09dc8b0b6b,SAVINGS,USD,34061.23,ACTIVE,2022-10-13
fc0e03ba-776a-4639-904f-97b66d6aef86,1f44f083-475c-4417-b9d3-4e647966ceac,CHECKING,USD,39047.58,ACTIVE,2023-08-12
db5be3a5-ed84-43b4-ab15-efb56dbd42d4,3de20ac7-b010-4a72-8eae-f787d582344f,CHECKING,USD,14764.94,ACTIVE,2021-08-05
ebb02111-d660-438b-914f-592d8ef88e7d,e6428fb8-7d3d-488f-8a5c-6c25b61849c3,BUSINESS,USD,18138.69,ACTIVE,2023-04-11
4cd52cf2-a155-4e2f-a52b-e6ba75551a10,413576b5-1967-4d67-805d-8ce35c0ab604,CHECKING,USD,19670.11,ACTIVE,2026-01-22
7fc51eb7-d3ec-44e9-b700-94fb0359c093,5284d407-40d0-4c0d-b70b-805d1e152401,BUSINESS,USD,46844.09,ACTIVE,2024-06-09
bbfcc607-d70e-4b1a-9f33-8f2aac372002,13b0fd05-67ef-421b-8370-dcc7d09f86a0,BUSINESS,USD,34340.53,ACTIVE,2021-12-27
c0d1bd5b-17f5-4305-acce-462d6b2b32b5,3a1b0fd9-2dff-428c-b180-000903f530ec,BUSINESS,USD,16511.85,ACTIVE,2025-03-12
d6434d66-e5da-48fb-bfb9-d1f69a36b48f,53cf27dc-bb6a-4650-877d-efab38dfbb40,BUSINESS,USD,17216.01,ACTIVE,2023-04-29
4308bf4e-7dda-43c4-a510-bdd4536a9bc9,814dad96-2c8f-4289-b590-2962689470f1,CHECKING,USD,46791.02,ACTIVE,2024-02-29
06a3d612-da74-47da-953b-6012773555f4,a667fcf8-02ce-4db1-b0bb-5ae91bbf2faa,SAVINGS,USD,12501.0,ACTIVE,2024-10-15
f155fa63-7b98-46d3-b77a-d704940126db,7e72d632-9fc1-425c-881b-fad8ae47f193,SAVINGS,USD,5361.81,ACTIVE,2021-12-11
8e81d35f-f402-4743-b4ad-544e72336109,68c7e5b2-49a7-4025-9236-1404894348c9,CHECKING,USD,38082.47,ACTIVE,2023-05-06
b3f84acd-a0c4-44f4-b26b-e78392194681,c96dbd97-dd75-4a89-b98b-432ccb196a99,SAVINGS,USD,1802.25,ACTIVE,2026-06-07
ac942624-1416-4540-9167-649dd0eabd00,76116204-82d5-49bb-b4ff-1253c625a1e6,SAVINGS,USD,5969.29,ACTIVE,2025-03-09
64c14402-d73e-491a-830f-7c50cd3f266b,f0f3369e-15a9-42e7-9986-721cd9567445,CHECKING,USD,47335.48,ACTIVE,2022-02-25
c38d4604-967e-414e-b8b0-17f724724858,fd8ddec6-4239-4065-94e0-c0a91e076f2f,SAVINGS,USD,48460.01,ACTIVE,2021-11-07
38f49652-73a2-4280-af36-27d8c5ac1ce3,2191df4a-9c78-447d-8dcd-ec700df45d87,BUSINESS,USD,26027.19,ACTIVE,2026-07-20
eebca889-ac9a-4ff2-9863-337de6c48e17,aeb88bbd-2d53-4c80-a321-24d0c7868764,SAVINGS,USD,45080.24,ACTIVE,2025-03-13
c95f42a6-21a2-4e3b-a011-1cec4c7eda4d,263c53a4-f7dc-41b8-b3aa-6d7a4e18700d,CHECKING,USD,24663.14,ACTIVE,2023-07-30
85a93b4e-56f2-4ee2-a750-a2382d1a0e91,8ae5fe66-dcc3-424d-9b64-48a774599961,SAVINGS,USD,39016.12,ACTIVE,2022-11-05
89c7ea91-8222-465c-a42b-502fab93c0de,2bd8554e-d627-4883-9038-79dc0ba07771,BUSINESS,USD,27533.88,ACTIVE,2024-05-19
5335994e-14f2-41bf-b568-6cac033a2f25,8035d683-7fc1-45de-b98b-8a1b431cfbba,BUSINESS,USD,4756.55,ACTIVE,2023-12-25
e9c4d30f-11b7-45f0-a1b9-4a6463b29831,a8baa104-4aca-4f70-b526-6248b3536b8d,SAVINGS,USD,15130.24,ACTIVE,2023-11-18
731ba5b8-e986-419d-a9b5-ff9613d2f329,3d13233d-60f4-485e-9012-a1dd616e2652,BUSINESS,USD,1177.43,ACTIVE,2022-01-28
98d55f34-0388-4f5d-9ee0-f02bb620ba14,fdeef7e1-f4a2-4c43-ace7-2db0250dcb3e,SAVINGS,USD,5888.5,ACTIVE,2024-10-30
ad765074-ddf5-4923-9b1b-8c998e26faf9,5d2b23ef-a502-4b33-a88d-ec74011a3c6e,SAVINGS,USD,48453.61,ACTIVE,2023-08-15
49d12fe0-14c2-4671-8629-d055e25480e3,bd7996e6-fa42-481d-aaa7-b2ce34f9180a,CHECKING,USD,25235.83,ACTIVE,2022-01-30
092b974d-475b-4376-b19d-d717acbd8ccb,8b395acb-e337-459e-aa87-fae226f785a3,CHECKING,USD,16626.66,ACTIVE,2022-03-18
c56c55be-8170-41c4-af3e-7f1ed1d96fb4,28720d83-1109-47a4-ae83-3746aea5851b,CHECKING,USD,45298.65,ACTIVE,2025-04-14
49d7e9fa-d256-46f7-b144-81f796393be7,eb56b1e2-5ac6-4116-93dd-e5811c5662be,BUSINESS,USD,28689.22,ACTIVE,2025-08-15
2ab587e4-65b6-4602-8716-75f8bf192299,d0cadd82-c60f-429c-95ec-5365ad337a65,SAVINGS,USD,922.9,ACTIVE,2024-08-13
f335e450-1d87-4a10-ab39-c38d47f5f068,199c063e-2096-48ce-887b-56f3253556e9,CHECKING,USD,12069.92,ACTIVE,2021-08-20
7cb2c88b-2dbf-44a4-a970-d1f5df09fe2a,0107f3eb-ca72-430f-85c0-3d03f7edc4df,SAVINGS,USD,14972.36,ACTIVE,2025-06-23
2ca348e6-719f-4aea-8ac0-2012a20f673c,5f590acf-2590-4e82-8860-0b564f62980b,SAVINGS,USD,30148.83,ACTIVE,2023-04-22
fff43440-3b33-44f4-88a3-362f9542076b,be8ce94e-6ab1-4638-b09e-77f5d09e7db0,BUSINESS,USD,45194.96,ACTIVE,2024-04-14
68494997-812d-403b-9faf-081b64bb31ca,ff73809e-beaa-47ce-a998-51c56fd67295,BUSINESS,USD,9489.98,ACTIVE,2025-10-11
acaed3dd-f4d9-44cf-99a4-c0313cb69156,fce17ec7-526d-4363-9590-95394d10e07e,SAVINGS,USD,13513.34,ACTIVE,2025-01-29
9f3083ba-8f77-4ade-bdd2-c1837100501e,47c3b441-7849-4517-9a54-e11259e09d1f,BUSINESS,USD,14034.61,ACTIVE,2024-11-18
05916494-fc46-416e-b4e1-aa6a53449f08,cebe4b0f-462f-4e9d-98e1-5b8e62926dd7,SAVINGS,USD,32420.76,ACTIVE,2025-03-24
9692faa3-310b-4932-b6b3-e15aa4ad6d4a,5194eef5-fe54-4480-a9bc-0a110629e292,CHECKING,USD,30087.93,ACTIVE,2022-06-15
d7938ffb-9ee1-4570-87ee-e6260cb38a63,8e80df0d-fa7a-4a7e-9b69-a69fa31a8718,BUSINESS,USD,22811.03,ACTIVE,2025-06-13
b55353eb-bfb8-4fc0-8756-2e02c644473f,265875d8-c9be-412a-8d8f-6e6424447780,SAVINGS,USD,14736.91,ACTIVE,2025-10-03
c44a1839-d8a4-4b9e-9744-2932e4dc92d3,5e721508-50e2-4500-b9ab-d8a8dbcc0cbb,BUSINESS,USD,48871.16,ACTIVE,2022-09-05
e48f1b0b-80df-4f10-8ffe-7784492504ee,f80a1549-a22c-4acd-8db3-304e6daf4054,BUSINESS,USD,29652.86,ACTIVE,2023-05-18
99577db6-be1d-49df-9d87-6b24448ae063,ea602547-5e8c-4d4f-9e3a-91d1d282863d,BUSINESS,USD,17804.34,ACTIVE,2024-08-11
6871e096-c68c-415f-9c73-1bf50fef4528,f9b211f0-cfe0-4abe-9e4a-068616275ce0,SAVINGS,USD,25359.52,ACTIVE,2024-03-07
9c673c81-d4b0-4f4a-a057-346fe6635da4,d67226f8-8ae1-4861-87d8-72927e1d3cf2,CHECKING,USD,16599.39,ACTIVE,2025-04-20
56d9ec01-e04b-42ec-b245-74ef24aa26ed,1564013c-deb0-4f27-83a3-71b63ab57379,SAVINGS,USD,16589.0,ACTIVE,2024-05-04
c52696b0-93f3-4b22-ad8b-1b8b97e097c3,9a540266-402c-4e41-b937-f18db6f4944a,CHECKING,USD,25182.02,ACTIVE,2025-02-28
4499f51b-92b7-4db9-9dcb-39684c20601e,16aeba31-153e-414c-a49a-e1d6f066717f,BUSINESS,USD,3578.87,ACTIVE,2024-10-02
fc539d63-dfef-4456-b022-022a983cd50e,9443edab-d6d7-4f48-9a9c-c17293a3f0ab,BUSINESS,USD,31023.5,ACTIVE,2023-02-17
1302139d-448a-415c-98c7-62ed06a4c073,ffb24692-3593-4f35-9cdc-6d6a7f43d106,BUSINESS,USD,41984.52,ACTIVE,2026-05-07
75c53645-3bfb-407d-b4d0-bc1f5fbd2dbc,32d018cd-3871-4327-a746-81c51ce8afd9,CHECKING,USD,5611.22,ACTIVE,2026-06-20
821542b0-f76c-4da6-810f-c7eb514f1e5e,ae26fb4d-8bed-45fc-981a-9e157a490404,BUSINESS,USD,6437.94,ACTIVE,2026-03-24
119903b7-cf6e-4d59-a51b-a12b8822668d,df2ac08b-541e-4b9f-a630-e52d704b335a,BUSINESS,USD,4890.43,ACTIVE,2023-06-07
0df8e799-98bc-450d-a386-7173a48c50b9,544ad8e4-bcab-4750-bc8b-65e102aabb0b,SAVINGS,USD,47615.64,ACTIVE,2021-11-08
ef138001-1f18-480f-8238-cf0df9ee4971,b0969326-c340-4d57-862e-67abcceab6e3,CHECKING,USD,15223.2,ACTIVE,2025-09-19
e8d8504e-d03b-47f8-9cb8-44ce0340fcc9,09729d39-b1f6-48ec-b4df-bf8bf85475ef,SAVINGS,USD,44202.08,ACTIVE,2023-03-21
3a19716f-bf20-421c-b01a-ff57797198e7,3f63211a-8804-4dc3-869b-78611954ceea,BUSINESS,USD,29486.44,ACTIVE,2022-12-05
f6c619ab-854b-4c58-bf53-feab2f303147,2e1875fe-bdbc-497c-8358-b648f63b1df2,CHECKING,USD,20502.44,ACTIVE,2023-04-24
005fc55e-fd39-459c-9573-846c03a766c7,974d5862-7860-487f-88cf-7c2b7299e619,BUSINESS,USD,3064.93,ACTIVE,2024-08-23
0e1fd87b-50e1-4788-9a55-ce3d692ca02b,7c1fbcff-13a2-489e-8b01-937fd851c5aa,CHECKING,USD,969.29,ACTIVE,2024-02-14
908f473c-6972-4e0a-a42d-78242c38bac6,d7380ba5-4e7a-4931-9cae-fb6ba4729d4c,CHECKING,USD,6516.44,ACTIVE,2021-12-01
2b70e81b-cd97-47fb-9a8f-4712b34e46a9,f24a1764-f9f9-4fb2-b1c2-4ed6e2e4f937,CHECKING,USD,19753.66,ACTIVE,2022-10-19
b48ae14b-c46c-44bb-9a7d-98e1ba878318,ba0c75ff-c38b-4b7a-8fd4-2d8132438c7c,BUSINESS,USD,36686.37,ACTIVE,2026-03-24
7a345704-b45e-4e49-88f7-6d3cc232f5c1,1bf2547a-02df-40ea-abe1-3d34d21a6569,CHECKING,USD,39017.57,ACTIVE,2026-01-20
e883b3f5-b325-4350-ad0c-cc6bc28f9944,ccd2d9f1-8abf-4109-ac56-611edb915323,BUSINESS,USD,23064.24,ACTIVE,2026-02-11
95f243c6-6fc3-4464-8761-fdc060a4528d,62e579b1-a0b1-4d25-bd44-60d5c3f06c3e,SAVINGS,USD,2716.34,ACTIVE,2025-09-09
e99c049c-9b20-4742-bafa-d0d71e602146,9102ea8f-a0a0-4922-a03f-fc877389ce65,BUSINESS,USD,13068.84,ACTIVE,2024-05-20
cc98c742-3ef5-45d9-aacd-646c1bcbb037,033baaa7-5597-46e8-af6e-b06724c32347,CHECKING,USD,17656.76,ACTIVE,2025-12-21
360c2665-3ee7-42f2-9aab-fdcc430d8acb,1ee33984-12e5-4d49-91be-13ade593be44,BUSINESS,USD,38615.15,ACTIVE,2022-02-23
3210c46e-697c-4de4-804a-3c7268e5f083,0ad3ccb0-56e2-488d-a882-84c2229b3925,CHECKING,USD,36413.17,ACTIVE,2026-02-08
2dcedbf2-ef6c-4b76-81f8-b587ff86a497,5ff90e87-bf94-4105-b9c8-cfe1e3f6c9c9,BUSINESS,USD,39196.04,ACTIVE,2024-11-08
4d171eb9-d562-4f9d-960f-61f4b3b8192a,df9225ae-da7e-46d4-9bba-4c1420d06f42,BUSINESS,USD,23916.14,ACTIVE,2023-07-06
d3a6abea-a049-4104-85bd-3f6e555f70f5,4c05359d-1c5d-4bff-af30-2bd275ad04ac,BUSINESS,USD,26060.88,ACTIVE,2023-09-10
78fd7eac-0213-4bc4-9d37-3e85211c41ce,e1125c4b-6362-4919-a8a4-530a197d5d5f,SAVINGS,USD,33715.43,ACTIVE,2024-10-19
ec24789e-c6af-455a-9e3d-65e147fd8ff0,07746822-1eb2-4a0b-a168-9d2b52b2f2e8,CHECKING,USD,11974.66,ACTIVE,2024-11-17
f1f9d1c4-4080-4b91-b094-20b68865e1ca,fbea50fa-5191-4353-847b-4723e1117ffa,CHECKING,USD,11767.64,ACTIVE,2026-03-10
d5f15043-4618-426a-a8f5-26db593b7257,02b3cb18-4c4a-4f24-9419-7fd953379856,SAVINGS,USD,4094.42,ACTIVE,2022-08-10
8cef0d45-ef2d-4c34-acaf-4d2851dbec33,d51d908b-3a9c-4daf-8fcd-290040d8971c,BUSINESS,USD,14272.42,ACTIVE,2023-10-23
f9d31201-f083-441f-9346-0e181d563ecf,e5657ff0-716e-4aba-bdeb-4230ecee0831,SAVINGS,USD,2079.49,ACTIVE,2026-01-12
866bfa92-6b35-415d-951d-1316aba7037f,77601570-e8ed-4c19-87c6-b413a54a97e5,BUSINESS,USD,11898.88,ACTIVE,2023-04-08
f47be68c-3261-464d-a2fd-54beb8091351,64ed8a58-27ad-42da-89c8-e5d2c79a1516,BUSINESS,USD,30775.61,ACTIVE,2024-06-02
7f9b6c11-fade-4f7a-8868-f134c642ab0b,8b21f77d-4f10-48e5-9999-c112099f4079,CHECKING,USD,13534.63,ACTIVE,2025-08-21
db1251c3-d497-4818-8d9b-e668ccb7a686,243e2945-5b87-4c1a-b3d5-691368c11065,BUSINESS,USD,16119.9,ACTIVE,2021-09-21
a3eef536-9ec1-4d15-9a86-0ad426959207,69e32615-f5d4-49ae-9d81-12ffd4d1a208,SAVINGS,USD,23511.7,ACTIVE,2022-10-31
0f94fb15-9f36-4c91-ad2e-c7580de59aa6,ac972e2f-a8ca-4490-9394-69b6ed999dbc,SAVINGS,USD,6540.09,ACTIVE,2024-03-22
eced2d4a-2cbe-4fb9-b417-ec0cfc5694f8,c44bdf95-f00e-4154-a068-0be921f20f03,BUSINESS,USD,26918.95,ACTIVE,2025-06-25
342bd318-cf3d-4043-9fb5-15e886586389,9f601a8b-53b3-45b8-8645-e9c90ef03327,SAVINGS,USD,47273.24,ACTIVE,2021-11-26
285d2ecb-1c5d-44a4-8a82-aa6b97e1b020,eb984ee5-a5cc-4820-967a-af0c4e3aeb87,SAVINGS,USD,35281.54,ACTIVE,2023-11-27
0dcb2e89-0d75-4085-a599-f7a7cd75de12,b05bbf29-61e2-4def-8766-14d2f5170d90,BUSINESS,USD,35610.34,ACTIVE,2025-12-20
ee76cddd-bf29-4495-88ed-a5fc993a5c7c,60461055-8a1b-47d7-bdda-6eeca3eba0e1,CHECKING,USD,14149.11,ACTIVE,2025-06-23
9f3d8b64-c8b1-4375-88c9-68b35c548907,bc86242b-14e1-4509-b302-5e21f8bfaa52,BUSINESS,USD,19174.02,ACTIVE,2022-06-05
7a76ff29-90cc-4a75-81fd-ee74503222d2,2337c799-b96b-4020-8325-4d86df47f141,SAVINGS,USD,34703.94,ACTIVE,2023-08-15
2937037d-bdab-432d-a633-749f61b2d346,1db7c3d3-72cb-448e-ba0f-cf093f244b1e,SAVINGS,USD,6346.83,ACTIVE,2024-05-28
e6c10a58-3cb2-4fd5-b54b-22b7b4bc50c6,ebc936c9-6ad3-4d6e-833f-a316a64b12d0,CHECKING,USD,37629.99,ACTIVE,2022-11-28
5e56aa5d-3265-4bf2-8b3f-8c334ab1c52c,0b4ea442-eade-4344-a8b5-4f4e8fc51425,CHECKING,USD,20345.44,ACTIVE,2026-03-04
09e56ee7-6f53-4f65-ba3f-0915b78b0a42,2fc96c9b-bfbc-42fd-9169-88c5670fcb71,BUSINESS,USD,21442.23,ACTIVE,2026-04-01
e61dd769-93f5-4391-9418-19c17a733689,9ab55f1e-4f9a-4210-9f14-87c3f7f76427,BUSINESS,USD,17349.37,ACTIVE,2026-05-01
a555458c-c1d5-450b-9d80-5e66f6cc9b7f,a67aace9-9e52-45ef-aa15-d3f858a966d2,BUSINESS,USD,9186.06,ACTIVE,2022-07-20
2ec10e29-35af-412c-9819-d281ac380a04,d7de7b52-25f3-4210-a6ea-cac8109a3645,CHECKING,USD,22614.63,ACTIVE,2024-12-31
bac9ad2d-620a-482f-b240-cfe0299167f1,d1576fe1-4473-4fb6-8495-f62d5b72768c,BUSINESS,USD,31222.09,ACTIVE,2023-03-26
34657cfa-8e9c-4f38-8c15-76aa2d8f1e0c,84c3810b-1651-4cf5-abee-780f539076d8,CHECKING,USD,24939.61,ACTIVE,2026-05-29
c0b4f505-2b45-4002-b9f6-d875194a721e,ed98acc0-cb43-4fa1-a4ec-6d02e543371e,BUSINESS,USD,25497.87,ACTIVE,2021-11-14
d32319ae-9bc7-4fc1-a603-6060f17ffa8b,9c16eb0c-66b7-4046-a291-d40a1adddc4b,SAVINGS,USD,27945.58,ACTIVE,2022-04-30
6e3d1140-6451-4373-b769-417f6a3735cc,cedd1911-32a8-4dfe-8307-62ee38685061,BUSINESS,USD,26250.43,ACTIVE,2025-12-05
a889cfe8-27cf-49b7-88a8-064828d3647c,3579caa2-b85a-445e-9772-279e0664ab3e,CHECKING,USD,13108.22,ACTIVE,2023-11-18
e8c13cbc-b8de-496f-9ab9-81319f03b58e,f285761b-f562-480b-b331-370ad5f9b97a,SAVINGS,USD,45511.82,ACTIVE,2026-02-02
9725983f-f33c-45d3-a860-c267832a7e2c,55632f6b-117b-4d4f-b231-dc31412a489b,BUSINESS,USD,41401.23,ACTIVE,2026-04-27
7349600b-0184-42e1-984d-57093e78fe01,8cd5cd64-b694-4ea8-bbb4-1ae6553a33ce,SAVINGS,USD,5838.45,ACTIVE,2024-09-04
72518b15-69d7-4564-b1eb-caab08f2c2f9,da36c223-56e2-4c60-9a54-91ec897da4c1,BUSINESS,USD,5683.73,ACTIVE,2023-01-28
73c03f5d-f7ad-4f4f-8c42-c9c99ec8ac4c,e32d376c-ac89-41c9-b3fd-3cdd57befa04,BUSINESS,USD,41706.31,ACTIVE,2024-09-06
d9bccc9a-71df-42f4-87dc-8ddf39a41036,37f728b8-d0bd-47f6-a498-418dedfc401b,CHECKING,USD,19573.34,ACTIVE,2023-09-21
801504d2-1f19-444b-a24f-5928039a42d2,fba0b71d-ffad-4009-8b62-ca809e570d0b,CHECKING,USD,15540.14,ACTIVE,2021-11-07
1119f104-db7f-4df2-bb30-e62ddf8183cc,cc72d002-31e3-40a1-994d-d16018bfd5be,BUSINESS,USD,16947.54,ACTIVE,2026-06-10
e4b26c35-2b74-459c-8dfa-48756a666935,8718adcf-35b7-40f5-ac45-4700fed0f17e,CHECKING,USD,49840.38,ACTIVE,2022-10-22
0b328d59-0491-49a5-a8d3-dcb9270e217c,871ced8d-cd63-4949-90ae-8d65440ac359,CHECKING,USD,14262.14,ACTIVE,2023-04-28
ef9c9b1d-2328-47d5-aacb-baa1baac653e,3f417539-2da8-4f08-a251-f6626efe7eba,CHECKING,USD,20001.92,ACTIVE,2025-01-15
b2a852c9-9043-4563-9371-ddcbbf6187f2,c0047b39-6a80-4e49-a453-e30a1066e296,CHECKING,USD,37031.31,ACTIVE,2025-11-19
8f668918-3685-4ce6-97f8-1e8c62ca26fe,47ab19b6-dc14-46de-a065-6680da154aa1,SAVINGS,USD,15616.07,ACTIVE,2022-10-06
150f9eb9-4d81-4ec8-ab83-77fab6f34ff8,c13cca27-f28a-4561-b589-8fcc694b9726,CHECKING,USD,13400.84,ACTIVE,2021-09-19
d3f27f2c-e827-4e31-8c78-57ced83e4fbd,978fe43a-f86b-4644-bf3b-c6ec09ea6a04,CHECKING,USD,18950.16,ACTIVE,2025-07-11
f6ba5390-5c21-43fc-8729-ef947284a4bd,7acefaec-05e5-4281-b0c8-df3d8e4ffa55,BUSINESS,USD,42431.03,ACTIVE,2025-04-24
3d2951c7-202d-4870-b7ff-a20b7a3d61c8,d7156ac8-a582-48d3-bc5e-1f5089404471,BUSINESS,USD,45667.97,ACTIVE,2024-11-07
b5982374-d0c1-46bb-a5b0-1236c4e79450,f6617f9b-1d8f-49aa-839c-04cbb4fa9750,CHECKING,USD,18533.76,ACTIVE,2025-04-19
ef2f3882-c0bd-4866-8f5e-a923efeff3af,b484a13e-44e5-4cb5-9f9a-caa2a7828177,CHECKING,USD,28491.03,ACTIVE,2024-10-25
852fbb7c-5f11-42d5-a9d3-06b14b794819,2e3b6045-7171-4e8e-898e-1989a11ce9da,CHECKING,USD,8522.78,ACTIVE,2022-01-21
6e6585b4-ec87-4a82-927b-712f3b151af4,ba2573ed-1bf2-41cd-a056-15d6e0707ecc,CHECKING,USD,15638.53,ACTIVE,2022-07-29
3cc5e823-45c7-4a7d-b6c2-efa94c72a326,c57eae48-e9e6-4a67-babe-9770ba33eaea,CHECKING,USD,37516.88,ACTIVE,2022-06-10
d7496965-a18c-489f-9d3c-6256bd10c4c5,ccc1a31c-bc2d-4fee-9b7a-ddb1799fba59,SAVINGS,USD,26538.56,ACTIVE,2023-10-16
85e79dc8-fbe8-4d7f-93cd-c8700957f67e,bbc5f7d6-cf8f-4944-abce-2cfddac6e65a,SAVINGS,USD,27375.61,ACTIVE,2025-02-07
82b3d1ff-b0c9-424a-9fd0-e1444327d398,2ee4cd4e-6cbf-4e3d-950f-7a3ebad7baaa,SAVINGS,USD,33467.91,ACTIVE,2023-04-14
5be5ef91-6fef-4923-b931-f8f57e5b2f54,746e601a-497a-4759-84bd-fcc0b61b0624,SAVINGS,USD,13557.85,ACTIVE,2025-11-19
ee62fb53-452f-4750-8cab-943c6bf326b0,02a92620-9acf-4255-a5d9-a9fcba566bf7,CHECKING,USD,47915.11,ACTIVE,2023-06-10
e2a615e7-5e82-494d-8ff4-cd142db58ec1,aaf0a85f-f2de-4059-92ae-9829da564bf1,CHECKING,USD,31564.17,ACTIVE,2023-07-11
a7a1ebe7-830f-428d-adb0-b73d933334e2,7efaf2e9-e301-4894-9163-c7f470ffdbbe,BUSINESS,USD,13074.45,ACTIVE,2024-03-18
e66c484d-d400-4067-a953-7ded8f4d996f,abb3a1a5-b27b-4986-a732-3a6285643e76,CHECKING,USD,26195.99,ACTIVE,2023-04-17
6edb88d8-e4b6-4204-8e3a-80847bcfeabe,8112affd-24bc-4df8-bbf8-7f6ddd19f30c,SAVINGS,USD,17597.47,ACTIVE,2022-01-29
1e606fcc-d6c3-4971-84e5-4b39254f6ac4,001b17ab-7f7d-41f7-b81e-0fdd051e4abb,CHECKING,USD,43394.63,ACTIVE,2023-01-12
7b257c45-2438-406e-9fe7-b6798f7cb4f0,e265e3dc-ae75-4914-a254-a78c16046199,BUSINESS,USD,37425.31,ACTIVE,2026-04-23
3295a3d1-2968-4a3a-b57f-0f0314aaa3b3,1addac9f-9712-4320-8e1c-e39861779754,CHECKING,USD,7031.91,ACTIVE,2022-06-28
cba93113-53a8-4725-92cd-a4f15636d283,c0bbd58d-439e-4b23-afb2-bf50f4755572,BUSINESS,USD,2436.37,ACTIVE,2022-06-08
5bcc6498-b031-49c7-9ee4-673014c6befb,8302aa82-a9bf-48cb-8e6d-fa2294c3d478,SAVINGS,USD,12068.91,ACTIVE,2022-03-28
fa79e74f-8cfb-439b-9511-8de6edc67ba3,c4d0ee26-ea06-438e-9334-b7d5efdd78da,BUSINESS,USD,49072.07,ACTIVE,2021-09-04
f480b3ab-e2a4-4bf1-bf50-622ea7b65272,96c5153c-a96c-4294-9e5f-47c8e75644c0,CHECKING,USD,14296.71,ACTIVE,2023-10-18
7c4ae1b3-efab-4226-b86e-96f899d984b3,839d9145-a638-4a5e-9232-00623d42d84a,CHECKING,USD,37652.22,ACTIVE,2022-05-24
25866d19-c2d0-452d-942b-1d9985a6e04e,828fdc6f-0756-48d2-ab1b-9dd7a3fbbbe1,BUSINESS,USD,28540.18,ACTIVE,2023-08-30
f3ee0aa1-7b2b-47ea-b3f6-1279a4d00576,e398dba6-1d2c-4438-8309-8e82c68784cf,CHECKING,USD,35923.9,ACTIVE,2024-08-25
67818865-c8f4-4aaa-9d7a-0a9b8a4d28c6,d4d71204-76a7-4850-b863-140800d2b1bb,SAVINGS,USD,12007.26,ACTIVE,2022-05-15
58a4c978-8f2c-49de-be1d-45ebebf9d81d,d9d51ef6-2fa5-42af-b537-621eb7eef0e1,BUSINESS,USD,49143.92,ACTIVE,2022-08-16
0fb05bea-56ff-4efc-8830-eab0fc08c469,00ed6050-ae54-4c55-b435-419f00ef1ea0,BUSINESS,USD,20351.22,ACTIVE,2023-01-20
a7c50342-2343-4ad3-863f-d59323dc280b,f490c715-5095-4788-a543-bf3a396bc4a6,BUSINESS,USD,27807.58,ACTIVE,2025-02-15
c256fe74-b7d9-45ad-a84a-9b92de4c6a26,06ee2d5e-768a-40a9-b6ce-f1a132650072,CHECKING,USD,45586.89,ACTIVE,2023-05-10
353be51f-a928-44c8-bbba-de7222eab16b,b6f64b69-4172-4c03-be94-0556c62d6c2d,BUSINESS,USD,34356.92,ACTIVE,2026-03-07
c66d891f-8fda-4d0a-9951-4fd9c88063c1,fa5e845d-08a7-445a-b55d-64f97aaf8f6c,BUSINESS,USD,49871.92,ACTIVE,2024-12-16
e25df99e-9f27-4d1b-8ced-c59ee94a4ade,3d88f0d4-8e2b-435e-b3f1-2e313276a172,CHECKING,USD,29756.85,ACTIVE,2023-06-14
9b1ddd92-a329-4f9c-ba87-70fc1b73beea,42b61473-b3d9-4eee-a4ad-cc6564814ba4,BUSINESS,USD,10431.8,ACTIVE,2025-06-03
27aea9cb-c8a1-4fab-91d3-7d496abf0976,32ec5146-ff57-46a9-a06a-c9a94de8a914,SAVINGS,USD,47805.93,ACTIVE,2024-04-16
08ac12f6-1a2a-439a-b82d-cfbee7c935ed,67f36c74-0b7a-4c43-a5f7-b87c5089b61a,BUSINESS,USD,39899.77,ACTIVE,2026-01-20
e26eadaa-4ac9-4daa-8f9a-173a44c2f8f4,ba268ac3-c0b4-4179-82e5-70cff1e134b6,BUSINESS,USD,46897.42,ACTIVE,2025-05-20
8d180eb7-8cda-4708-9c3e-8d72a23fcfca,5913d4f1-5661-46ec-b4e4-ede72d2941a3,CHECKING,USD,4060.58,ACTIVE,2024-02-25
7600f21f-b583-4f1f-94dc-99921676669d,5422783b-65db-4bab-bc31-aa0a1b7263bc,SAVINGS,USD,10024.93,ACTIVE,2025-11-05
d8906038-eae2-4dce-a6a5-5537d41c7cc8,609aff79-26ed-4785-9d11-4a73da9d2f3e,CHECKING,USD,47001.41,ACTIVE,2026-01-14
a85e48e1-918b-4bfb-b485-3e79347ff044,ba8b7c1c-9c54-4004-9b0f-7bbbea10ede0,BUSINESS,USD,33290.95,ACTIVE,2025-08-03
3d4a6732-fac0-4f33-949b-c0d339fce69b,0db60b55-1b84-4885-9739-d023863542e7,BUSINESS,USD,4952.39,ACTIVE,2021-11-05
3ba262e4-e2fe-42bb-b58c-3a3b9d204f2f,0dcea2ac-ee81-4943-94e7-47e5441fc805,BUSINESS,USD,31270.33,ACTIVE,2021-08-17
1d85018c-8a1a-4270-a65e-e06699dc440e,71c7f80b-0331-4e1d-84ca-4c33ac066e2a,CHECKING,USD,18892.38,ACTIVE,2025-07-07
1b48674f-f697-4210-ac6b-7ec731e5f647,4b2a28c9-f01a-4166-993e-3fcf36dedb53,SAVINGS,USD,46405.05,ACTIVE,2023-04-26
8b494b4d-71bf-4d9a-afaa-582747d04e88,23666672-3bde-4a12-bb22-2a4ca5f65e65,CHECKING,USD,29731.75,ACTIVE,2026-03-27
52b41fbf-0f23-4aae-bc20-5a41b0d51ca8,c314affe-49f9-474f-86cc-625c6a0503a5,CHECKING,USD,38740.17,ACTIVE,2023-01-25
121eaa63-9155-411c-bba3-6e5a06b75e91,b6428f1a-a7b3-4742-ba08-0176cc065d36,CHECKING,USD,42199.2,ACTIVE,2024-11-07
adf3c297-4a85-445e-8908-232f85fb2716,989954c1-3682-40f5-bd98-c54a27267942,BUSINESS,USD,7527.46,ACTIVE,2021-08-27
b6079bd2-cdfb-4d4c-b923-b0c39cdf27a5,7e13bba3-d667-4e1d-b07e-6b34a17567b4,CHECKING,USD,19083.51,ACTIVE,2022-06-23
09030d47-c868-4f1b-825e-8ac5171cc834,954aa79c-d025-4cef-9503-3a0a055cd8cd,SAVINGS,USD,13408.82,ACTIVE,2024-04-01
7b63b7a8-0d20-4c08-97e3-9bca1b496984,4b1efb63-29d7-4145-a60d-053dd7a56dfe,SAVINGS,USD,20494.82,ACTIVE,2021-07-27
dd20a4a9-6a79-4a24-8df3-b9271eda88e5,34aa0198-d246-4d85-aa5a-1e2b62d99996,CHECKING,USD,38948.0,ACTIVE,2026-07-09
bff8fe04-65ad-492f-b29d-06eb14f8aa5a,41387b1c-7dec-44b5-8f82-14d3c16226e6,BUSINESS,USD,29669.03,ACTIVE,2024-04-02
b3ba2bf0-2caf-4ad6-bc18-f8e18ef9a8a0,3ec8a003-2525-4d44-b728-e34f4562f2b2,BUSINESS,USD,35981.88,ACTIVE,2022-04-09
dd46c228-4598-40d5-b04a-143d7226d64d,66f69979-4a9f-4e7a-baa6-4c6091c52c0d,BUSINESS,USD,44460.1,ACTIVE,2024-06-13
1a4636ce-f19a-4b94-9d1c-4790cc2a5293,b8c35d0a-f631-439f-bd53-9c75158d6c73,SAVINGS,USD,34607.27,ACTIVE,2022-12-03
d4e4b576-b938-4617-bbfb-4977d3d98d7c,5856aefe-46cb-44fd-b728-eb758359ef09,SAVINGS,USD,42973.14,ACTIVE,2026-06-28
a500f26b-87b2-44cd-aca6-7d2ebebce405,60729abf-058d-4993-aad3-63325b334465,SAVINGS,USD,42820.9,ACTIVE,2023-02-22
f951154d-944b-4c9b-b1ae-6773a8ca0e51,afbd3131-fbbe-4b90-8706-06833b1fe1b2,CHECKING,USD,8919.31,ACTIVE,2025-10-14
27cc7fe6-befa-4136-932c-aae6483158d1,20baef6e-db09-4212-a96f-a85fe77bc9f6,BUSINESS,USD,3931.91,ACTIVE,2023-08-23
6261d0c0-9722-4edc-9c4a-419c6f3829fc,c040ec0d-76fa-441b-8b7c-d3e307f26fd1,CHECKING,USD,18349.05,ACTIVE,2022-08-25
dce33393-174a-417a-b707-9db1a01f1912,e0c7ee7f-cd7c-4bcb-a835-3ee5e49841c6,BUSINESS,USD,46424.69,ACTIVE,2024-10-22
03bf0d30-60a8-4137-b104-99dd590ebfab,0949432c-cfc5-4165-9139-9bd5d8991f97,SAVINGS,USD,41827.61,ACTIVE,2024-06-17
2d50f41f-b8d4-47e5-a790-6b0e4922412f,ea7474e3-e1bc-423e-ad8a-c3d3056dfb3e,CHECKING,USD,43836.39,ACTIVE,2026-07-22
0190855f-c453-4f9d-84e1-fbcc97515c4e,5e4c78d7-38ba-4154-825f-55d5e8460eaa,CHECKING,USD,31524.98,ACTIVE,2024-01-17
2db0a736-6e49-466a-ab5a-096735ecc876,a8bf125e-b82f-4904-917a-417e3b208290,CHECKING,USD,30016.94,ACTIVE,2024-01-31
42a0de77-efa2-4ead-96ca-b549b6ea2b39,a2f609f0-e157-47e0-90f1-2e5194e4d0de,CHECKING,USD,10112.4,ACTIVE,2023-12-07
cc2d2710-fffc-46aa-a8a1-84ac726701d4,417c51c6-e982-4ac9-ac88-8b4ca9294a96,CHECKING,USD,5708.33,ACTIVE,2023-09-14
6ae1a4f9-cdbe-49a0-ad64-176fd8e1f721,1b6823a6-a3f3-4a09-ab05-e8b44529a746,SAVINGS,USD,32561.28,ACTIVE,2023-03-21
c8850a40-a375-4382-b106-65a88375669b,ecc81d8f-f48a-4039-b5ba-e8588abe0b6a,BUSINESS,USD,37223.72,ACTIVE,2026-01-28
12f88fc3-ccc7-46d8-901a-5b304b3bbb67,5b2913d2-b8da-436d-beaf-1054a8b247b5,SAVINGS,USD,49509.03,ACTIVE,2025-07-18
8a63a8b7-824d-4e73-a9d1-a0064d728d63,f2892937-a118-414b-a934-144b77fe2213,CHECKING,USD,18741.96,ACTIVE,2023-03-19
8125a16a-3ebb-476d-9060-c11d67c286c9,8f55b580-c303-4410-b4bc-4ca232e08453,CHECKING,USD,19182.39,ACTIVE,2021-12-26
1b4ee518-5735-4ca7-9b0d-b6d546ff88ab,78ddf8b4-c87e-4e61-9e24-7424966b3351,CHECKING,USD,6280.91,ACTIVE,2026-02-06
4ee38981-6bfa-425b-b141-3ca1a8fb2e4d,85cdd5fd-dbb4-48ee-ac44-44c01422c7ad,SAVINGS,USD,7874.56,ACTIVE,2023-07-25
17076ae5-1805-43fd-b6ff-43a5f13c807c,f5f29405-3da5-4987-9d72-2315a360bd98,CHECKING,USD,30641.17,ACTIVE,2024-08-22
1cc3ce07-db84-4993-b7f8-5c1af25d4274,e101a07b-3f04-4fdb-bf09-f0809ddec513,CHECKING,USD,20766.69,ACTIVE,2026-06-20
224bed06-225d-4719-a5af-76ab6fc370f0,73fb480b-1cf7-4fd6-a31e-29e0424f23ae,CHECKING,USD,36909.3,ACTIVE,2025-06-16
dfbc9f7d-dd9b-4207-8ab1-b2687b1db3ef,43b1be75-1b74-473f-8fac-231f5bda6ed7,CHECKING,USD,23630.4,ACTIVE,2024-09-16
b486a8e0-bf34-4592-a278-ed6451dc2423,a42da2ba-6f52-4b4c-a38b-aa1755982868,BUSINESS,USD,38515.53,ACTIVE,2022-09-15
c6dfdc1f-df5f-4af9-921f-ae2f9b53d23c,521b1297-4fac-42ce-a62b-620109bfa11d,SAVINGS,USD,12284.4,ACTIVE,2025-09-12
ef82c43e-60f4-4db6-876b-8cd9c88b7d37,73199b0d-11db-4520-ac8e-507494bb4806,SAVINGS,USD,35789.7,ACTIVE,2025-02-27
55bd3f19-2dd0-4036-889f-079d8b4fff72,0412d275-6851-4552-a781-2f76221f5ef0,BUSINESS,USD,44570.02,ACTIVE,2022-08-28
b2c1e541-90b5-4f6c-bbd3-77a704f16b0c,475bdac3-eb17-4cc7-9991-c468686d95d6,SAVINGS,USD,42588.96,ACTIVE,2022-09-02
5097db9f-e0aa-4a36-9eb4-82b92db08362,4de64559-b60f-4606-8a2f-3fb85bb9280d,CHECKING,USD,41022.73,ACTIVE,2022-07-14
06d86614-7584-4f37-b809-ad655a037816,3def3427-1a60-48a2-bea0-c85fe6ec8c68,CHECKING,USD,1108.94,ACTIVE,2024-10-26
78fb7b6a-3c90-4ffc-9107-4842d975c380,40ba6157-0f38-4fc6-be92-2428b1f4c530,CHECKING,USD,9423.47,ACTIVE,2025-05-20
d781c64a-9079-4046-9ee5-02f285af061f,977c6324-a789-4adc-8b5b-ea0313a4115b,BUSINESS,USD,12555.77,ACTIVE,2025-07-02
4563d6a8-34c0-44ec-82e1-c5bd98157df7,a8c34ded-c85c-4a79-981d-8938e7b584dc,SAVINGS,USD,20097.22,ACTIVE,2022-06-26
302d176b-092b-443f-9970-64dc0a76ada9,93100d06-5530-4975-8c3c-978f3c9bc570,CHECKING,USD,44977.67,ACTIVE,2023-01-15
73ffe5a5-a10e-4ad9-99cb-cb8fd80305b2,20baa6a8-92dd-4f4a-8dd9-0d8a6bb3a441,SAVINGS,USD,24497.08,ACTIVE,2021-08-06
5f0e78c0-96b0-4a1a-8202-7293d40e25a2,cdc2d416-bd2a-4f28-b090-7f98f0df8f17,CHECKING,USD,3326.12,ACTIVE,2023-03-21
d5be1b10-1552-4521-b020-f6214c2f6e83,299c5ed4-3ac6-49cb-bb83-6d3f1890456a,BUSINESS,USD,24031.54,ACTIVE,2023-07-15
7d6a5043-0a50-4ef7-881b-42c9c2225f6f,444b33d0-bd9b-4ed9-a0ef-8803506493f4,BUSINESS,USD,4335.9,ACTIVE,2022-03-14
bf7bb12f-73f4-4530-a4aa-66cbcaaf7481,5f8c0ebf-5298-4477-9edc-7d5514978ec6,CHECKING,USD,27177.25,ACTIVE,2025-03-26
5b6cc567-26e9-44c4-a392-9918b90f2533,30850d3b-5604-46cc-98e8-d0d1dc68c64a,BUSINESS,USD,2245.88,ACTIVE,2026-04-02
b1f66bb3-a8e2-46a1-adb6-c857f2236407,31dd3b3f-f0f2-44ea-81d8-8bde6251c03d,BUSINESS,USD,48061.58,ACTIVE,2022-08-11
e932390e-c54f-44d7-86d5-6d71f8bef69d,15221016-8245-46fa-b00a-8bef3952ce1a,SAVINGS,USD,20870.22,ACTIVE,2026-03-20
78c1fe8b-038a-4afb-8f64-a589b7ce71ce,c4f9d467-fb9d-46c2-b910-ccc3156e4514,BUSINESS,USD,14771.33,ACTIVE,2023-06-03
f2669678-6ab9-4aa5-b9df-a372cf60a5ad,a7b23600-c69b-4e98-88c8-1e2e6c161b5a,BUSINESS,USD,34493.2,ACTIVE,2022-11-24
5f99c8d6-8d60-4d98-be85-0ecb5ba4d3f2,7a73a118-967b-4db2-a481-8220fe6d597e,BUSINESS,USD,15213.61,ACTIVE,2025-06-28
e15d2392-b76d-4345-a52c-7b68eda82efa,ca58b021-fb8b-4f5a-8b85-4c704032aeae,SAVINGS,USD,24396.87,ACTIVE,2024-11-26
8352fd74-5643-45a5-aeb9-a6c0d8279964,ffbc64f0-4d13-41c3-85ca-b6585b3d1305,CHECKING,USD,20255.91,ACTIVE,2023-02-20
e6c76481-98af-4daf-b6bf-17de47efd8af,751293b8-9f94-442f-9601-e52222e3f2ad,BUSINESS,USD,41292.85,ACTIVE,2025-09-16
1a6b3889-8598-4d19-92ac-dec35f3a37cc,288571ab-f25e-4c86-b654-b5a50c7d7758,BUSINESS,USD,27662.75,ACTIVE,2024-10-19
f5529e40-0e1a-49c7-840f-be4becaa7674,ab589603-4fba-4442-8a2c-d1c4970ff9db,SAVINGS,USD,49865.44,ACTIVE,2022-11-16
afa6c629-4b6d-4287-9175-074d3f84a7b8,92aa6d6c-87f5-4763-9f57-2ed38b73bfdc,SAVINGS,USD,5918.68,ACTIVE,2024-07-27
7bda2c90-8cd4-4d7f-9517-2548ad1fff67,3e7acac8-d2dc-48c8-b849-3fbd6f336eb3,SAVINGS,USD,1421.48,ACTIVE,2023-01-22
7a61ae22-117e-480a-8df9-830e0a5d1ffc,61a0b641-6967-4d26-8f1b-e9bf6bc4f26e,BUSINESS,USD,10198.6,ACTIVE,2022-08-13
bc98f154-a323-4ae0-a427-48d029c04b35,eb899649-5875-4fdc-8817-15b2b90af885,BUSINESS,USD,40002.01,ACTIVE,2023-04-19
fcbbca39-e477-4be6-a139-7246f4a8582e,cc6e4573-7f08-4da1-a5d2-3de061c4c561,SAVINGS,USD,25858.2,ACTIVE,2026-01-03
240ed128-b146-478c-96c5-30fd613e7734,869949f7-a818-437d-8ef8-b8cde954bb36,SAVINGS,USD,43173.17,ACTIVE,2022-08-04
a4332b13-1cba-41c0-b592-db1f1a6c75ca,700fa19d-4758-46d5-a1e3-d3f134ca8da9,BUSINESS,USD,2210.88,ACTIVE,2025-03-25
0083de99-e89d-4265-8eac-e690628e8c60,ea9ce6ba-8e8e-46fd-bd95-c485652410d6,CHECKING,USD,28041.57,ACTIVE,2023-11-22
af6f2abe-54d9-4ca6-bbc9-5b1138254496,14f5066b-768c-46ed-9c58-499db637ebf6,SAVINGS,USD,7758.47,ACTIVE,2025-03-14
81c5202e-e6c3-4060-b701-6c21f54dbcbf,0f985693-07a0-47da-8ae9-c70591ad83a2,BUSINESS,USD,15654.75,ACTIVE,2026-07-04
f8e2c13f-a5e3-4808-b32c-77a48d438bc6,30f28db3-5ec3-4448-9e44-4b21a3817404,SAVINGS,USD,35528.25,ACTIVE,2025-04-29
edbb69f5-7a5f-43a8-af1b-4600d8c30246,7d284955-c82a-4134-8020-524b78efa387,CHECKING,USD,16344.91,ACTIVE,2023-04-08
0070d12e-7b5c-4bfb-839c-b8dbc2b93c56,966287f3-59ea-42ae-a7c8-40e4d178a70e,BUSINESS,USD,34417.99,ACTIVE,2022-01-02
0eb3d771-42b4-44b5-832e-79da856ae374,07b72d37-8ef3-4509-afd9-d0495a326d15,CHECKING,USD,45668.29,ACTIVE,2025-09-14
629561cc-b9a3-468f-8947-ec223ceef50d,7e3c75f5-4d05-484d-bd15-a759ce4b82ff,SAVINGS,USD,14453.67,ACTIVE,2024-09-22
5e89da08-54d1-43f7-9fd1-ea3becf32667,c40ab606-95ce-4d5b-83a1-dc6e2717f9a1,CHECKING,USD,23838.07,ACTIVE,2022-02-04
f479834f-b441-4470-95d4-bfb4b2ffeb52,5908f60b-13b3-4d56-bf92-f8132e26914b,BUSINESS,USD,25526.73,ACTIVE,2026-07-16
19aacdb4-8433-43d4-bfc0-9380e7d0302d,9ad65ca1-0bd5-4ee6-8c48-12c58bc055b1,BUSINESS,USD,7599.13,ACTIVE,2022-12-01
7ccffb0e-5eea-4f1e-b8b6-e44337a48dec,eadcf7b1-4835-4086-afd9-6615a41e2cc8,BUSINESS,USD,31168.75,ACTIVE,2024-04-09
0a3038b4-ffa1-4b1b-8cad-ae89d7293532,44bc6113-c8b5-4e55-82f5-3c53a957c1b6,SAVINGS,USD,48995.88,ACTIVE,2024-11-21
027c1981-8fd8-4dfa-8a26-022f3e290075,9e166c18-c93e-4b57-8b61-a2024a34e709,CHECKING,USD,34067.61,ACTIVE,2022-01-03
fa76ad02-a1e6-46c7-abd6-905a771eef51,647c885c-f174-4429-bef0-8585c1e81c20,SAVINGS,USD,24892.06,ACTIVE,2026-03-26
bff93a5e-9432-4835-a871-50df853d9100,c3422db5-4f10-4629-a2a4-e642777a5863,SAVINGS,USD,49357.01,ACTIVE,2026-04-05
a5440e3e-0429-4fae-89b9-cec927fc4b22,36e002b2-5cea-4af1-a315-5982bf415662,CHECKING,USD,33185.64,ACTIVE,2023-06-16
8981ff4f-9141-4e97-bf9b-676de4774712,93cf95c4-1538-45b5-a277-4f36c826add5,BUSINESS,USD,12448.1,ACTIVE,2024-03-03
08ecfc91-1269-4ef2-904d-6f030f6689af,d9c38cb2-b65d-41a7-8c5e-577692de6694,CHECKING,USD,37627.66,ACTIVE,2025-12-26
6288bddd-3134-4de6-817a-8bc84aa4e17b,b8b3a3fa-a9f5-4eed-bcf6-390bf539390b,CHECKING,USD,15588.56,ACTIVE,2023-06-30
4c3bd6e1-e02e-465a-b6dd-4b2529f8890b,ae4dff83-ed2c-4664-9be6-058c6db6ccc7,BUSINESS,USD,40585.91,ACTIVE,2023-08-23
500d6d9b-4df7-4801-9022-4dcb62486f50,b3350c01-43a9-40f0-8109-6e6bf5ad8055,CHECKING,USD,15026.26,ACTIVE,2024-03-20
daed5319-76ec-4301-8727-65ca6298c6ef,e5a72a6d-2978-4940-93fd-1e44debd072f,BUSINESS,USD,33553.25,ACTIVE,2023-01-09
b46753f0-3188-42f9-a535-12594426c1a1,0a450a81-f42c-4030-8686-edfb50f7df35,CHECKING,USD,16268.14,ACTIVE,2023-10-08
5a78c8ac-3c6d-426c-aa8d-1647bdc848fd,190572c4-561e-471e-bf03-a5330cafefc2,SAVINGS,USD,30079.66,ACTIVE,2024-08-31
cdf9463a-507f-4360-b213-880090db9f76,275eff28-0841-4496-8a5d-260ab86b4e7f,CHECKING,USD,29831.86,ACTIVE,2024-02-18
a62d7c35-387c-4bde-ac5a-d2720cefb85a,adb88e22-bce4-4fca-839c-47289c1a965a,BUSINESS,USD,31204.75,ACTIVE,2024-01-17
b2549166-7bfb-46dd-b150-9b531d08dff9,f71180b6-c14f-44a7-b7cf-a6e3b0b5761d,CHECKING,USD,49833.51,ACTIVE,2022-04-02
3a289271-c0f9-4839-b4a0-056ff0c2dcb7,f65ce9ac-5cf4-4779-8823-e10f200e7e19,SAVINGS,USD,36810.29,ACTIVE,2024-07-21
f63a5697-4f39-48c5-88e9-b127d22dfaae,620ee49c-9f9a-4bf6-9bc0-5166c49665de,SAVINGS,USD,46039.03,ACTIVE,2023-09-18
14091bce-53c6-4449-a522-303220e6b06c,1d8cf31a-00f9-46fe-a1e8-acd4a5f8f79b,BUSINESS,USD,31330.9,ACTIVE,2025-02-26
316691c0-d8d9-4a10-aa2c-248d6171b52e,19de7d6f-6472-40b8-9186-3b325913b3e5,BUSINESS,USD,29910.11,ACTIVE,2022-12-07
50108dc6-7c97-488c-ae0d-8e117778d1de,b1eef04a-0a41-4e3a-9b4c-f07bc096ce4f,SAVINGS,USD,41238.17,ACTIVE,2025-10-09
a8c96730-689a-414e-9dfa-2414730ad3ad,741bd9a5-59ca-49ae-9ed8-3e89659a394b,CHECKING,USD,43454.27,ACTIVE,2024-03-12
2a1e1dd4-23f3-4e20-8a74-aabcb9d92409,ac47c01d-78e2-4f55-b756-bc2e705aa47c,CHECKING,USD,35801.03,ACTIVE,2022-05-11
0d1dcbcc-fec7-45f0-8e6e-69a634edad4c,7ba715d2-d425-49d4-856f-6c49558cc022,BUSINESS,USD,1240.34,ACTIVE,2024-07-05
f5a9ad06-f311-4c49-b3d0-c599c8723723,e48c57fe-01ee-47be-9745-dff10f174ea3,SAVINGS,USD,31614.34,ACTIVE,2022-05-03
241a21c8-b99e-4630-bc4c-f683cfab4322,a8a75ae2-61e9-4298-b85c-893b19c45122,BUSINESS,USD,9142.02,ACTIVE,2023-12-23
31d57213-b707-4740-90cb-0658e4a4606f,f8a4b853-87fc-497e-81aa-f8ca22095119,CHECKING,USD,1262.26,ACTIVE,2024-07-04
2c041275-0864-4956-87f4-b5c8bd734cd5,63f88864-3e72-4652-b627-113bf6d73e31,BUSINESS,USD,14293.06,ACTIVE,2023-01-15
532f2199-5a6e-49e6-9269-9dd2410135c9,5b8a3e6f-7b58-49d3-a2c9-158b5cbe17c8,CHECKING,USD,35494.88,ACTIVE,2025-03-03
3af98b8d-9ab2-4b6a-94f3-5534f3cbd165,3920b3e6-ef3d-4175-9104-9c5141567b15,BUSINESS,USD,3213.72,ACTIVE,2023-03-31
a0b0bedb-f851-48d8-a995-39b127aa27bc,76a956e5-e961-4f07-a3d6-66f9b7f6ac92,SAVINGS,USD,6759.94,ACTIVE,2026-04-01
9dbf4e01-45d7-470c-b381-cd824c692a70,aba0684b-8cdb-4c7a-87b8-1f0bc4e79855,BUSINESS,USD,1206.85,ACTIVE,2024-10-20
3c44819f-1509-4f23-80ff-d7cb3a9359e1,040fb4ac-a084-471d-a323-828ba68290bf,BUSINESS,USD,49561.51,ACTIVE,2026-01-27
b8e071cc-dc6f-442b-b846-3f1a6666e494,cb0cd897-471d-4d4e-b9b8-8d36eb142129,CHECKING,USD,29911.7,ACTIVE,2026-07-24
00d418bc-605b-4553-8561-8dd1755eb4c7,4632a58c-de68-445f-ad82-10b41622cd64,CHECKING,USD,10015.41,ACTIVE,2024-08-24
4f353dbc-aaf3-451d-8035-33ea47f694d9,7b42ffe4-8618-464e-bd8b-eabbc5655a35,SAVINGS,USD,23804.78,ACTIVE,2021-12-25
3a9faca6-3c19-4d15-8fbf-e0d12c7ebf16,4acfab08-cfcd-4a61-a02b-b3edd91c0078,SAVINGS,USD,1938.78,ACTIVE,2024-09-03
8fbe1610-1cdb-46a5-a8d0-074be9c4e972,0fc27af4-0b44-4cb6-802a-988f77182dc5,SAVINGS,USD,16374.93,ACTIVE,2026-06-22
833d8446-7849-43d8-af58-e3618b2273db,d55d9e99-603c-41ef-9e2b-cfe8aa64d7e5,BUSINESS,USD,10045.1,ACTIVE,2022-07-23
131f1636-7b58-4e43-ae46-44f40f7b93cb,3c3fd593-24b7-4fe0-badf-a158abfdc356,SAVINGS,USD,33811.26,ACTIVE,2024-02-13
34693c26-db5a-4734-82d1-c74a164a7825,7885e035-cdf5-40af-add1-af12d8f9cc2c,CHECKING,USD,7272.24,ACTIVE,2024-04-25
e0096321-fffa-4326-a7aa-dd2f651caa6c,e9278b5a-5815-4be2-bbff-f5c929d01ddf,CHECKING,USD,35787.03,ACTIVE,2024-03-20
7b96b928-da47-487c-8513-8b3c57456b61,9e55b706-e342-42c6-99d5-faca010ff4f8,BUSINESS,USD,40428.46,ACTIVE,2022-07-19
692ed043-3fd1-4d9c-aa7f-60d3594d0cdb,4cdeaccf-3bcc-4f9b-95d0-a25fe97137cf,CHECKING,USD,2962.81,ACTIVE,2023-02-07
b12b9822-e801-4398-8325-548b485a6eef,10be6fbf-c911-4f25-b235-5c9d88a0fba9,CHECKING,USD,3277.91,ACTIVE,2026-07-01
9aade818-ddbc-46bc-b8d8-eb93fbdab368,b9f8a457-8b1e-452f-8f0e-166547d6d315,BUSINESS,USD,34454.08,ACTIVE,2022-10-02
f0cb8646-6047-452b-af5d-598c27e2f825,c8d06ce1-551c-4391-b9af-8129e7de98fb,BUSINESS,USD,37805.32,ACTIVE,2023-04-15
fd9385f8-6feb-4993-b933-776d366fdeb5,dc9df843-1245-46b2-a02e-1efa49fdfe68,BUSINESS,USD,5833.4,ACTIVE,2024-04-14
408629ab-261a-4eaa-8536-c51e06fe81bd,1eef0b2e-0077-4baa-981c-0f8f578523fa,SAVINGS,USD,46196.08,ACTIVE,2026-03-31
1196ed13-66b6-48aa-9f97-b35a9ba2bbc7,31186c93-756d-4843-ab38-5223c099897d,SAVINGS,USD,40579.17,ACTIVE,2026-06-11
d1575aeb-f16f-4fcf-9172-66f3b06e1fb6,7786106a-0967-4d60-b5ad-f9fb7479d975,BUSINESS,USD,3804.06,ACTIVE,2022-12-12
b719338c-cfb1-4ab5-84f2-72ddc8c6fcca,71b4dcb9-51ae-4772-917f-ea805ceff5d7,BUSINESS,USD,19936.62,ACTIVE,2025-07-01
fc43097b-e6c3-4b15-8c37-2ac54f93d77c,4af952d0-9255-477f-9b9b-b0c54a9038fa,CHECKING,USD,44352.17,ACTIVE,2023-06-20
f18a96b9-c201-4151-8fea-5622b94b851d,a1ecb9fb-47be-4a52-a387-fcb1c45556c6,BUSINESS,USD,20602.7,ACTIVE,2022-11-03
037c99cf-3f32-422f-a14f-eb3ff7181a28,efe9f8dd-3a98-44c0-b3bc-336039ebf426,SAVINGS,USD,7162.71,ACTIVE,2026-05-31
15c68f5a-f357-4ee6-9d14-5d9d06d51d35,57c23a70-fca6-400e-8a96-357038f8631f,BUSINESS,USD,11820.57,ACTIVE,2023-10-13
c35125e0-b5f4-4d87-a986-fb72f350ee13,266e6064-f2b2-470e-9b1f-31419d65e3f2,SAVINGS,USD,6787.05,ACTIVE,2022-06-28
e6eecba1-9310-494a-8d74-e028659a8468,68de6bfe-420f-4ad0-95f1-f3672351bded,BUSINESS,USD,43021.74,ACTIVE,2024-06-16
bd0d0215-eb37-4fea-b7c4-14add887e443,3069a508-3759-4051-bca3-3b5b625643ac,CHECKING,USD,21436.23,ACTIVE,2024-09-06
bbf910f8-b824-4fe3-bf63-e7c3d3e19c89,e0c7d8d8-31bd-4761-9cc6-5c3449e69e6c,BUSINESS,USD,14708.81,ACTIVE,2023-06-03
bc3d9540-0722-44ac-b40f-91e3bd87e129,dac77af0-7f6c-4909-95ce-2a47c657301f,CHECKING,USD,4188.97,ACTIVE,2024-08-10
d345f541-3be5-47bf-b08c-50ea529008b8,5349d583-1f51-4ce6-8135-196d3907dd15,BUSINESS,USD,5391.28,ACTIVE,2021-11-09
76ab0a0f-1f45-4ba6-a1cb-79062e5347ee,5ac35266-04e7-4a21-9d37-9d9dd79f6a42,SAVINGS,USD,6165.78,ACTIVE,2026-04-23
1ec345da-3684-4668-a3ab-8fb1b9b94cf1,12159019-d898-4c88-890b-527b0de36f1d,CHECKING,USD,7400.32,ACTIVE,2022-05-30
3c4a67be-a4f0-4204-a271-6eb557048b86,ac819786-aa1e-4718-8a55-988bb49ead81,SAVINGS,USD,3340.9,ACTIVE,2022-10-03
662ad832-808d-4326-bcc5-95d35af36b8c,349dae51-df27-4766-9f08-ece210e69436,SAVINGS,USD,42450.31,ACTIVE,2025-07-18
73d92aab-00fa-43d5-84a0-818caf55d545,e34f3f00-c39b-453b-ae82-db6d1c57d88e,BUSINESS,USD,43712.78,ACTIVE,2022-05-15
f598b16f-0b5f-4984-aa47-91656ca5602e,068a336e-03a0-42a1-af44-e5e8fb3b3a76,CHECKING,USD,14879.99,ACTIVE,2021-08-17
39ca1941-4fd8-48c6-89a5-a1152a43055f,73ef92b4-002c-424e-951a-a3a246f85782,SAVINGS,USD,23103.5,ACTIVE,2022-05-14
dca24edc-24fc-46d1-bc11-1120bdcd6d44,f2a26fa0-2562-441c-9e2e-5f77f5ad4542,BUSINESS,USD,35889.65,ACTIVE,2023-11-25
696e098d-c150-4a24-bf39-6ebdffa280b1,d072786f-8da3-46e1-bf50-c1032d131b60,SAVINGS,USD,29658.05,ACTIVE,2021-10-05
7eec2c27-ccd6-4a48-b5af-002b6ff9c3a7,e1bcb057-36be-4f8a-832e-37d9268baf20,BUSINESS,USD,43681.77,ACTIVE,2024-11-13
67c37f2a-8bc6-4b80-bf7b-eb40fd654533,38ea6421-6c64-4e51-bbe9-31f4bfcece16,CHECKING,USD,21369.02,ACTIVE,2022-10-23
cebcfe1c-70f0-4aab-8eff-90fa7b189477,8220496b-098a-4216-9199-1233c3538eb7,CHECKING,USD,21735.09,ACTIVE,2024-07-24
a37229a6-84a0-4f5e-81af-e17c21b64924,e1f64e88-b275-4072-827d-31360cf055a1,BUSINESS,USD,10101.59,ACTIVE,2026-03-03
1d581dcd-817f-4367-bdcd-15c5f25946bb,7eb8e518-049d-47e3-969c-f82c21e6c54b,BUSINESS,USD,17380.19,ACTIVE,2021-07-31
42c064d9-6766-4c16-87a6-1e23e7b38990,155a4df2-57cb-40cb-9482-1ab3cba14346,CHECKING,USD,26081.2,ACTIVE,2023-06-22
527d7d7c-47a6-4263-930b-d0edba825115,cf487650-95a6-4173-a6b0-4d82e609868a,BUSINESS,USD,20223.1,ACTIVE,2025-12-07
84e94b2a-14f3-40ca-a4cd-f7d53d04e8cb,c737c45b-f090-4cae-a3bc-82aa696c2386,CHECKING,USD,9164.27,ACTIVE,2024-12-11
14e13f12-1516-4a7e-9d06-79cfceba0a0e,ff3498b8-97fe-42ea-adc7-8842f71be24c,CHECKING,USD,18135.24,ACTIVE,2022-12-25
6a911344-c2be-48d1-9391-23013969ccb5,81f67627-5830-4b6b-893d-6d75761006b5,CHECKING,USD,29258.02,ACTIVE,2023-11-09
748c3d07-672c-4bb9-9eab-2d86001d8f15,ede4ee00-f868-4bc7-a335-2c38604773b9,CHECKING,USD,30571.03,ACTIVE,2025-09-25
b0b0251a-bd8d-48f4-a75b-a8c0bcd682bd,b069fd38-00d9-417a-a997-b6272681a29f,BUSINESS,USD,46235.04,ACTIVE,2025-03-09
d4ab8aee-e833-476b-a0e4-7ceac51a6d9f,f4d75a4c-698b-4ddb-b360-06e7839fb748,SAVINGS,USD,18962.5,ACTIVE,2022-02-25
c8cf28c3-ffdd-4d01-b6af-04cb392ce024,0fe8cd37-8bcf-4fc7-aa53-7cc9f4c3d045,SAVINGS,USD,45886.01,ACTIVE,2026-03-05
25702763-f8fa-4523-bd7e-a57405a1883b,5129aa24-8e22-4ffe-a177-ddc9d9b04728,BUSINESS,USD,10167.72,ACTIVE,2026-03-09
ed2ae556-c0ba-49a6-8df7-8d436b5db593,bf63cf46-9c57-411f-9304-d95eb86c6bfd,SAVINGS,USD,32098.15,ACTIVE,2022-08-26
a9c27abc-5158-4ab3-95ba-c55984cad0c7,fa80ef23-31c8-4d44-946c-6ee575bf2ca1,BUSINESS,USD,7017.91,ACTIVE,2024-01-02
2eab9448-1ae3-4a21-95db-c4085cec3a01,19e65dd3-7e0f-4a95-b765-8712873cb82c,CHECKING,USD,22448.85,ACTIVE,2025-07-05
7aa4d387-3af4-433f-8b32-94ee4834acab,b0385cc0-aeec-432e-b1a1-3990ea1dd91f,SAVINGS,USD,48057.9,ACTIVE,2025-05-31
8f9c3644-988b-40a2-8de4-b6eceac6a5af,31fcbb5c-aaa1-4026-a0d4-5152bff3200b,SAVINGS,USD,30104.99,ACTIVE,2023-10-25
8f189a92-1f06-448d-9b2f-e71598d33a62,bc0fad5f-2109-4913-8346-68c4cf81e877,SAVINGS,USD,23026.56,ACTIVE,2022-02-18
74417a85-001c-4fc4-ae23-a32d2e6063d9,1c7d321c-0bd9-4bf3-ad6e-2fe5a8ab6f85,CHECKING,USD,36565.54,ACTIVE,2025-09-05
83185458-5eee-4ff5-824e-6fd6b9ef791c,00ef920f-afe1-48fc-84e9-f4237e66313d,CHECKING,USD,40044.75,ACTIVE,2026-01-25
b98991f0-a10f-418c-b0b0-2bb23ad358f2,0875f73e-fd2f-42f7-b910-2290e1246dc1,CHECKING,USD,39927.42,ACTIVE,2022-05-11
48462379-2e27-4cbf-83eb-b7a393fecfcc,fcc4b07a-712f-4e98-ac63-16c7efaa5fc6,SAVINGS,USD,16884.54,ACTIVE,2022-06-20
90e18dd8-761d-4ae5-be72-f3a51d01678f,df4e6b4c-a48b-472a-a83f-c62db5b7aec0,SAVINGS,USD,21384.0,ACTIVE,2023-08-12
18d7b3d0-8502-403e-84e1-20359a960b50,ad1c5236-fd77-428c-a90c-dede0fceb5e8,BUSINESS,USD,35983.41,ACTIVE,2026-02-10
a9d781be-b51e-4dc2-90be-bdc05c8d510b,fb20b616-ec45-41f6-ad13-34e4290dee9d,BUSINESS,USD,46728.82,ACTIVE,2021-11-01
662084f7-95b8-430e-b617-0ec172bb3202,8ea85e74-dc6b-4b76-9adf-df6fa548c545,BUSINESS,USD,27473.04,ACTIVE,2024-09-28
98dc4e81-8cbd-4df8-9abc-1977440f7beb,547b8b23-3bf8-4a51-ac0c-61785c865af3,SAVINGS,USD,28203.09,ACTIVE,2022-11-09
3bb7c24c-f0d8-41b1-b656-3637e4175bb2,712f41a3-0c05-47ab-86f4-70f59d9c88b2,SAVINGS,USD,42824.45,ACTIVE,2026-03-27
5306c580-3511-42ee-b0eb-f48eaae334e7,576f55dd-5f1a-4c1c-a9f2-5c3740c15c51,BUSINESS,USD,3526.91,ACTIVE,2022-11-22
648c7e05-43e9-4bf0-a3b1-cc33625991cd,21387fe0-75fa-4b48-9c56-87272f46651c,CHECKING,USD,40839.16,ACTIVE,2025-01-12
e5416c1f-7974-4793-b15d-dd0cfc224de9,2735fdf0-5e75-443d-9ad3-8f10f343bdb4,SAVINGS,USD,30516.78,ACTIVE,2024-07-07
a629c7d7-63cf-4489-afef-a7fb974631de,aaec6fc5-e96f-4da2-8fa0-be6cbb09b60e,BUSINESS,USD,4084.34,ACTIVE,2023-09-15
0d4e201a-0612-4944-a409-d9cee4c516bd,1c4563ce-bf36-476f-a1ad-4149924e5bbd,CHECKING,USD,48581.0,ACTIVE,2026-03-18
cb1587ce-b65a-48de-859b-91e4bd790012,352ef1b0-4100-4839-9ff1-b57796fae5ca,CHECKING,USD,33374.15,ACTIVE,2023-05-10
21792524-eef1-4c1d-8db8-d1f83a6a6042,2262e159-6cfd-4ba4-9453-ee0a5a33f27c,SAVINGS,USD,47392.41,ACTIVE,2022-11-23
f3ee9940-f140-4e8e-8fe4-43c42a22dace,c8376dbe-b5b3-4671-9dd9-c69e771fb08f,SAVINGS,USD,40203.09,ACTIVE,2023-11-09
b5631170-0c48-40c2-a58f-e75d204eb1da,75e5e23f-e6f4-487d-820f-37f013709931,SAVINGS,USD,10638.01,ACTIVE,2025-09-06
71d61ea0-6592-49f2-bb4f-94863b355b0c,7d48a68f-0e6e-4ce3-a98e-3c00d1a4f064,SAVINGS,USD,34240.69,ACTIVE,2024-06-07
0e6e5c54-6658-4256-aebb-4eb4b21a9acc,7a8e3298-eeb5-4daa-98c3-6be5232ce456,BUSINESS,USD,20026.76,ACTIVE,2021-10-16
b62a11f7-efc0-4613-bfc9-333d9fc4b3b2,7820146c-e417-47bd-8040-ecc6581ce3a8,BUSINESS,USD,43370.12,ACTIVE,2026-05-29
c819da89-9e6f-4bb7-807c-ad4ee4767f75,78a62b17-42fb-4c97-8c65-d2dcfc646ece,SAVINGS,USD,43618.61,ACTIVE,2025-11-23
70c88b44-70cc-4daf-89a1-5779e803df8e,7f25e15c-1c02-4158-b47d-64f80c7d31e3,SAVINGS,USD,13343.1,ACTIVE,2024-01-10
e616ee56-892b-4b90-a3d7-cb868b82dbba,8045218e-a772-4849-b4aa-4a4f757744a6,SAVINGS,USD,20164.94,ACTIVE,2025-10-27
c8589112-7b13-4d12-a87b-3c2f5a8b7500,e1701dbd-b90b-4bed-8ff5-d1f28c5a62fc,BUSINESS,USD,14035.26,ACTIVE,2023-09-19
add23091-66cb-4bce-ba67-1bbe46e29817,58804e8c-caa6-48c2-b999-f594dc5b6de9,BUSINESS,USD,17901.21,ACTIVE,2025-04-17
c19420ad-21a8-4c76-8baf-3e9b0c033e22,ca019e16-c875-4521-936b-3b7c87797a7d,SAVINGS,USD,36337.0,ACTIVE,2022-10-27
79b11fca-e1b4-4286-a23d-a14df1ada9df,7a598fdb-4f98-4846-bc71-b34d1b6ae2ee,SAVINGS,USD,6573.59,ACTIVE,2025-02-14
62e5792c-4bcf-4ecf-bf57-b027dd77adb6,3a8ee7a7-c014-410d-98d0-eecac69889ac,CHECKING,USD,19341.04,ACTIVE,2022-09-21
c2b0d534-dd01-40fa-b0ae-d6080b7537be,2e8a24b1-2d35-4b92-a8d1-5ce8b2f19cf4,SAVINGS,USD,35204.43,ACTIVE,2025-09-15
c6360da0-6ea9-4e22-8329-4412a9ebc8bd,b5ac2f71-4b79-4e05-9474-7b6abf236992,BUSINESS,USD,1912.16,ACTIVE,2021-11-28
26fd8278-755b-4989-bc86-74827a9f2397,2eccebe0-d7ae-4e58-b172-cbe3f8b92ed9,SAVINGS,USD,44355.42,ACTIVE,2025-02-10
d7942164-0e36-48f1-9c53-ac37f7e9df50,2f1ffbcf-a52a-44ab-9b7c-79edcd11634d,BUSINESS,USD,25186.24,ACTIVE,2025-09-27
d682435f-480b-4dc4-a7b9-f198b6008026,9eee7cc9-6ef1-4213-beab-bb35ae67785f,SAVINGS,USD,48579.14,ACTIVE,2024-08-06
d400590e-b649-41c1-877c-71b93c651b15,7fd86cc4-9fc6-4b2a-99c3-ab9de3f62a6c,BUSINESS,USD,33659.57,ACTIVE,2022-09-08
48603214-7944-4ece-be31-e81736efb46c,b10c83ad-5b88-4438-a189-0f7f5abc71ad,SAVINGS,USD,35224.56,ACTIVE,2025-01-16
4c798c82-40e0-4b0a-959c-de301a8071c6,fe964f25-000e-40bc-ae05-c181bcd719c4,BUSINESS,USD,36237.12,ACTIVE,2021-10-27
af28cd48-61b7-46ea-8497-0426cbee0e31,f1dd059c-3122-4add-94ae-5630704567c5,SAVINGS,USD,14151.8,ACTIVE,2024-10-03
529092b5-8a98-4a96-80cf-3b0c72c2cca5,1d05b4e5-1fe2-4740-84e2-f23b50ba9477,SAVINGS,USD,36058.66,ACTIVE,2023-05-24
27e18b8b-3283-410e-aa7d-dda6c1c30cd8,01f304d1-bfd8-4869-9159-bcd710a409fb,BUSINESS,USD,19353.02,ACTIVE,2026-04-12
1ffbd0c4-4ca5-463e-b34b-36e438f3bc2b,680ec0aa-4251-4080-b53a-e2aab5d813b7,CHECKING,USD,48452.59,ACTIVE,2025-06-10
25ee2572-c066-4743-a598-330ec8d4dbc9,11edcac3-5199-4c27-b5b4-24fdafb5e763,CHECKING,USD,11527.71,ACTIVE,2024-09-17
977d8bd5-3281-4d62-9a87-5c11c96c101d,98b87456-9ad6-411a-9c3a-ab5b73274c13,CHECKING,USD,1832.51,ACTIVE,2025-07-01
c741c92f-f6d1-4529-80e1-5e1f3467039e,95f149eb-5856-49c0-a1b0-a90222bd98d7,CHECKING,USD,46088.48,ACTIVE,2024-09-27
09d387dd-7a6a-4d98-8480-42d92b43fac0,3da24706-0d57-487e-a5ca-052940333285,BUSINESS,USD,49790.27,ACTIVE,2023-07-06
48770f11-3ece-4dd5-883a-91aa8283e350,c10d5547-deb8-4828-9857-d6fc5dd99338,SAVINGS,USD,35053.63,ACTIVE,2026-01-23
855d0fe8-5dd2-475d-9272-44b582fdb151,98a05d62-ad64-4819-bb02-859f325caade,BUSINESS,USD,37096.88,ACTIVE,2026-02-20
38ae61f2-2088-4941-8d8d-804514efd3b1,63ce01ff-963d-4efd-b3fb-3e507337677a,SAVINGS,USD,11364.21,ACTIVE,2026-02-22
359fab6a-f216-4062-89a7-60c34de9a541,680f2d57-5eb9-4002-a784-0453cc52aee3,SAVINGS,USD,15253.25,ACTIVE,2026-06-18
97c2276a-8648-41c5-9c60-6e778f8004a7,a4864155-1ead-4416-86f2-ab04223ada25,SAVINGS,USD,16733.35,ACTIVE,2025-08-12
06f41ffd-ba79-4bc4-ab34-5b013b82ff9a,61795cad-dd7f-46ea-82bc-d8d4dcdbc995,SAVINGS,USD,40298.54,ACTIVE,2024-04-19
67a464ec-7380-467f-9461-f22482e47b0b,5fb34128-9934-41f6-85ce-83a880f3f202,BUSINESS,USD,17997.45,ACTIVE,2022-04-22
45ed785b-c1ed-4a7a-9e8f-34991835eb66,61a536de-c9d5-4291-81d2-a9267ce57591,SAVINGS,USD,30272.96,ACTIVE,2024-04-15
ac23db08-7e83-4712-a7f9-eb5cfb48ad6e,e9384630-9b93-45d3-a73f-84ca37e0021f,BUSINESS,USD,34237.2,ACTIVE,2022-07-26
37b1c180-09a6-4273-a891-e3e150091b6d,d2912faf-7e64-47dd-bbaa-c5dcbcf052f8,SAVINGS,USD,16057.34,ACTIVE,2024-05-18
e9df9822-4731-46f5-a486-631bf7fc3a4c,b2cf44b1-17d0-4a82-9230-47b946a9ce65,SAVINGS,USD,48555.42,ACTIVE,2025-04-07
429e7047-a408-43b8-84f4-0cd6b9952b5c,8483395d-f7bb-4318-b713-46f28eadf090,BUSINESS,USD,2425.79,ACTIVE,2023-12-03
3a116f89-c3df-41b1-a240-983e3c6288da,41196e7c-0c70-4c23-862f-0b0996204b23,CHECKING,USD,7078.11,ACTIVE,2025-07-21
ccf19aff-23b0-4804-8cf8-e81ee33f9845,b24be153-0b69-4c05-a73c-1f28593cde31,SAVINGS,USD,16535.7,ACTIVE,2026-05-09
d318e9de-0e75-42ff-a770-254ed5a7bb25,dab03ca3-f4e2-4b60-b1ac-33d9e0dbb12f,BUSINESS,USD,43613.32,ACTIVE,2023-10-23
acd9125a-6225-4b9e-85a0-e569f2fa2b55,76bcd337-1a24-446a-bf28-8f1ece114e2c,BUSINESS,USD,48193.5,ACTIVE,2024-05-25
e8f583ca-3872-4615-aca9-0eb7a2f8acd0,72bdd60e-ebae-4f0f-8ae6-3199e6da3c77,CHECKING,USD,39958.22,ACTIVE,2025-12-24
aea827cc-765e-4bdf-a1ad-649d13bfad6f,5ca0d159-204b-4656-80f6-9f970d0f0cd2,BUSINESS,USD,42375.69,ACTIVE,2022-03-26
8ca2cbca-b8be-4733-984d-0e17e022f1cf,cb8fd69f-40af-4ef6-9f6c-b265ce6eb719,SAVINGS,USD,11076.4,ACTIVE,2022-01-24
bada228d-34c7-4ccd-a336-b49d12a71330,cec7cf80-e5ed-41ec-9706-9cedc50e4bc6,CHECKING,USD,3856.88,ACTIVE,2026-04-30
920392c0-669a-40d0-bc27-fc9d3017bf6b,4cdd8837-c620-435f-a9cf-eba5ffbf61a2,BUSINESS,USD,11246.17,ACTIVE,2023-04-19
90c98163-1125-4c94-8b08-5d433d4b50eb,5a37eed9-ed04-4996-81fa-864e1d4f3a51,SAVINGS,USD,17388.36,ACTIVE,2023-05-03
d22e5310-903d-42e3-b35d-51441ecfcd48,deb0a97e-bc6c-4392-a28d-a934bea17eb7,SAVINGS,USD,6344.3,ACTIVE,2026-05-27
642a4047-86d0-4f04-822a-83da15131eb6,1450d4a1-688a-4830-9d4d-5c8f46fce988,SAVINGS,USD,14705.83,ACTIVE,2022-12-03
a54b0da7-2be6-46b7-b91f-de5bf27ab4e7,cc468f91-d783-40b7-a198-6e67f676372d,CHECKING,USD,32642.45,ACTIVE,2021-10-23
3b5c60a5-2def-4e86-a413-53f8ede67c8d,23bc5947-aac5-4168-83fd-5847f8e11d9d,BUSINESS,USD,26418.19,ACTIVE,2022-01-07
7e51059d-c11c-42f4-a7cb-0365827da5f0,436ca6e1-c6e5-4a31-b87b-b46f49db688c,CHECKING,USD,47910.08,ACTIVE,2026-02-23
38af7102-ef99-4bd0-a7bc-6d6e578bde03,de1e9718-1ba7-4833-9b86-410a82c63c2e,CHECKING,USD,19863.54,ACTIVE,2023-01-30
877a6e74-15c8-4279-b126-0debeedbd7ac,7bda2532-d507-414b-ba29-428418f33cdb,BUSINESS,USD,47927.22,ACTIVE,2025-02-24
c0a399eb-7ce6-4a2c-a896-308f620895fe,7d08a119-fc42-4072-8b84-624d283404a5,BUSINESS,USD,32303.94,ACTIVE,2025-08-29
b47b5c71-7086-4516-8b51-35746e5648bd,862623e4-e230-4b58-9f93-d69c7698fbeb,CHECKING,USD,35794.49,ACTIVE,2021-11-14
f1c17f91-780e-4242-88e0-06b8c4a2e582,a0cfd665-2fad-4008-969a-35900e43efd6,BUSINESS,USD,37462.53,ACTIVE,2023-05-26
99ccf9cd-105b-4047-a9d9-f992f3e95c75,64873430-9a79-4883-8186-4dbf37f399b3,BUSINESS,USD,45102.3,ACTIVE,2024-01-19
8187fcb6-62c0-4073-b16e-8389daf0afd1,94a7dc80-6e87-4588-aad3-120180fd7421,SAVINGS,USD,5167.51,ACTIVE,2023-11-16
7692deeb-bd6d-4fd2-bac8-5ffa0569fc70,616acfca-5956-4d73-8966-3ad9a024ee70,SAVINGS,USD,48033.68,ACTIVE,2025-03-11
ef1a7639-a6b8-4791-8cac-8791e10f2267,db3dd4ee-0c39-4fd0-8724-532723369d80,CHECKING,USD,39167.85,ACTIVE,2021-11-27
8f962d46-91df-4f5b-991d-1e9cbb8af96a,ec781cda-3f9f-4147-a400-3aef4806c0f5,CHECKING,USD,26237.6,ACTIVE,2022-05-23
486b2a3f-cb2a-4433-bf4a-da4000cac283,1f967e28-8743-4f75-988e-c92ebbd2d929,SAVINGS,USD,6488.04,ACTIVE,2024-07-23
2e36d82d-c885-4ee0-8a4f-e827e5e59a84,36e912ac-af68-43c5-8435-c1de438d4d81,SAVINGS,USD,31668.19,ACTIVE,2021-12-03
f43ebb93-ed85-47ef-b8df-452880bcc766,acdb7c3a-768c-4c69-9a01-c96792348162,BUSINESS,USD,44687.04,ACTIVE,2024-12-28
d3bcfded-a7f0-409b-bba9-639b9560b04d,cf8f851c-b38e-4eeb-b1f0-de5d40e38f8f,BUSINESS,USD,31593.1,ACTIVE,2023-05-27
444480ca-2a8d-4427-ba78-a6987847c9d0,25667c08-ba93-4150-8cb3-a57c69aa9502,BUSINESS,USD,39416.61,ACTIVE,2023-04-27
a6cc2b66-8ff8-4a61-80c1-f97d3d916870,6beeaddb-c029-45ea-9ad8-cf2439e981f4,BUSINESS,USD,47687.79,ACTIVE,2026-02-21
4230a4ff-f48f-4fde-a38d-5bf4b21053c4,16a0e109-fea0-463c-9feb-386f73327e81,SAVINGS,USD,44863.07,ACTIVE,2022-03-29
5187706a-d7f7-4525-bec3-ce2e03b6ef5a,44aea8c3-3ca3-4044-b1fe-6e3430d153c9,SAVINGS,USD,38282.3,ACTIVE,2022-04-06
4b94640f-6be6-4d45-ab77-6c6fa3a6a567,875521f7-ca33-4349-8e41-a6bdfe95f01f,BUSINESS,USD,48562.61,ACTIVE,2026-03-06
441af81a-6b72-49d0-ad82-87e0a7fdaf25,98355056-c6e3-416b-94c7-da2e27ad730c,SAVINGS,USD,11008.69,ACTIVE,2025-08-13
9899f9e9-9c96-43ab-8519-82f41f4c4af8,9f1afc05-9392-4576-b2c8-3fd6dd22c2a0,SAVINGS,USD,36876.37,ACTIVE,2026-05-01
9083c3df-dfc8-43f8-9ff7-dfc85d885ff9,f6cfd395-e56c-4a86-a118-c66c27993e59,CHECKING,USD,49862.38,ACTIVE,2021-10-24
e4a87d03-5e9f-4ebc-95d8-1dcad2624d8c,f08cc2e4-c3ae-46aa-bd24-1e33ee36e8fc,CHECKING,USD,8996.39,ACTIVE,2024-10-11
1bd7c498-2701-48a6-a95c-cba78296ba50,7e476e39-0a8a-41ee-9fda-3829c9899218,BUSINESS,USD,42986.04,ACTIVE,2024-10-23
df753b2f-34ad-43b9-ae40-a47bde4f8ee8,5886e0ce-730a-455d-a71c-fe61beda702b,BUSINESS,USD,21239.11,ACTIVE,2026-05-24
f5c20623-8116-4300-b68d-523efa3f9b7e,c81f12d1-938c-457f-bab1-73a44569cc21,SAVINGS,USD,20859.0,ACTIVE,2025-10-12
57074221-6914-4b8c-99be-e38b7497fa39,d62200a4-89ea-4173-91e3-aa6a29851509,SAVINGS,USD,23897.46,ACTIVE,2024-02-05
3d668b44-7781-4236-b5a7-3956f8d4cd80,57d94ca6-fc32-47bf-a4d1-db693380c67d,BUSINESS,USD,47802.63,ACTIVE,2022-11-27
6777a381-e3d5-468a-b21c-2644a964cf31,717a40dc-d2bc-49c8-8399-3efebf599567,BUSINESS,USD,26173.64,ACTIVE,2023-02-23
3a22fa72-5c1e-4ab9-9648-178207bfa04a,c432fa4a-4623-4900-a3e5-659cef5b3387,BUSINESS,USD,38788.57,ACTIVE,2023-07-01
1739af71-1aee-42e0-9c82-45a6fb9d6898,1d0536c7-d8f6-4be7-8235-1be7f369d80e,BUSINESS,USD,26700.02,ACTIVE,2022-05-30
b7e7b05e-4e1c-49dc-a5d7-723626403570,a7224324-ae76-465c-b7ff-e48227c00e55,BUSINESS,USD,39646.09,ACTIVE,2021-10-13
6abd17ae-54c1-4eaa-a806-7b144b70ceb9,4190551e-e28e-45aa-963c-e3e9d3e6b68c,BUSINESS,USD,44998.41,ACTIVE,2022-01-17
812c7bb2-8400-4d79-b1cb-c8589bc51f74,b583f61a-e412-4c73-87ae-3ef629372d87,BUSINESS,USD,38659.35,ACTIVE,2024-01-06
bc82579e-2959-4164-8370-d3d2570f541f,76cd77c6-6a47-4ba8-8bc5-6ef1a2ce35fb,SAVINGS,USD,7307.89,ACTIVE,2024-03-09
9a592aac-8d8d-4c04-b774-a230bd5198ff,5f162fa2-bead-4cb4-a31f-933051f61747,SAVINGS,USD,29903.21,ACTIVE,2023-03-22
60d5f5f9-739b-4bbb-9ccc-43d29b47ffea,1ff5c882-1e09-4a0a-a747-c2be7379cf5a,CHECKING,USD,41901.73,ACTIVE,2025-12-07
50d41ca0-4262-41ac-a366-f6cf32b1fb69,a9284603-27d4-4a68-ac1b-63a80c7b437b,BUSINESS,USD,43211.68,ACTIVE,2022-10-30
f8561048-c4de-43e8-aaf7-1330444a69f1,b032a3f6-5fc8-4ee9-a273-4585d80a0ba0,CHECKING,USD,13607.16,ACTIVE,2024-11-22
865109fe-3ef1-4d84-af19-d7964ac2a117,543767ba-5679-43ef-b927-dbb04a02c0ab,CHECKING,USD,7066.26,ACTIVE,2021-08-08
c41d7b01-5440-4711-87c2-0beafa98b907,5aa1197d-3f7f-4a12-baba-6a06bbae4226,CHECKING,USD,34061.31,ACTIVE,2023-11-05
87884ce5-8636-443b-bdd2-af8f8466bef0,aaacff9c-452b-44c7-8eb8-9fcb66c86999,BUSINESS,USD,39582.38,ACTIVE,2023-11-06
be606cc1-ef0c-471d-b69f-2264e8b6eda1,3420e3a3-5db7-488b-b9b4-74aa46dbbfb7,BUSINESS,USD,18290.87,ACTIVE,2023-10-11
b2c286c9-18ec-4311-b61c-e94d7ceeb078,cd306642-0124-49ce-9ab2-f7e02f37406e,SAVINGS,USD,8941.47,ACTIVE,2022-10-30
36f91661-542a-4e5d-9edb-5e6c27136f60,068caf43-129d-4a30-9afc-3669b934eadb,SAVINGS,USD,30588.78,ACTIVE,2023-09-26
9fa49f42-c7cd-443b-9a17-63ce7579907f,ff4a3d76-84cb-4a11-8465-10bfbb16cd26,SAVINGS,USD,5638.17,ACTIVE,2023-09-12
a21776a0-7806-4b36-9848-e643acf55603,98836143-ee19-4cb8-957b-fff8659c7e73,CHECKING,USD,22860.01,ACTIVE,2024-02-03
c83f458d-5e93-478d-9f93-869d5021366d,2bb692ff-d455-4c6c-93e1-a6ba45ba9afc,CHECKING,USD,229.76,ACTIVE,2025-05-16
a3971ad3-6339-454e-8c29-838ea44ee8b5,2c767c3b-2a22-4406-becf-6948f29d9ca6,SAVINGS,USD,34222.81,ACTIVE,2025-10-17
b537763c-1f3d-402d-99d0-79aaa908a208,10129881-ddc5-4053-83d0-014963af85f2,CHECKING,USD,12783.63,ACTIVE,2022-07-06
4c219823-e02f-45cd-8fe3-45f2b514733e,bb5a3866-f909-4a13-a330-9ac6272f665c,SAVINGS,USD,28714.5,ACTIVE,2023-10-17
8f24b37d-37ff-4c69-8a41-416364c700b7,f52c1359-76f7-4fb0-9bb1-a2f4ec6b307a,CHECKING,USD,20879.6,ACTIVE,2025-10-21
1fbc4734-7e2e-43ee-98a9-54ee0f9e05f0,93304955-164a-4ed9-81cd-013077375536,CHECKING,USD,34453.28,ACTIVE,2025-04-25
e204c7e0-bc67-4246-b185-595b01159255,4f943e3b-fdbb-4b39-911f-526b9ba8772c,CHECKING,USD,27483.44,ACTIVE,2024-02-10
26d6fb41-a3cf-4d23-a836-0d4c32053a77,062962eb-eb21-4010-8d18-6174986b7ad5,BUSINESS,USD,48875.71,ACTIVE,2023-12-25
b9859f3a-cc6b-4bb0-b155-1e094feb89d3,246c06e2-076a-4618-a73d-e2648303fd87,BUSINESS,USD,626.13,ACTIVE,2024-12-04
01105e77-afa8-403a-9140-8afb716d388f,8480e863-4a6e-444d-ba1d-59a704b34c28,SAVINGS,USD,49048.32,ACTIVE,2023-04-15
c151f89b-0b23-4589-bcdc-9c2b13008f31,06717508-f3df-4297-8c2c-7693102b92bb,SAVINGS,USD,20947.63,ACTIVE,2022-10-09
48ab4c4d-f2ee-4845-95bd-6edd2092866c,d63f1214-8dc4-46d7-a2d5-99783df61b9b,CHECKING,USD,49101.92,ACTIVE,2025-10-24
c5dcfa50-1f8d-4ebd-a482-66636be7631a,89fe115d-7faa-478e-a3d7-8a4df5ff7131,CHECKING,USD,709.24,ACTIVE,2022-02-12
cb010cc1-8fd5-4abc-8733-b7117b131729,d399d7f7-f6fb-4daa-8587-e410bef470ce,SAVINGS,USD,33631.0,ACTIVE,2025-05-03
db038cff-087c-4f17-a206-16335e09f6fd,a78e1b9c-a5a7-490e-ad58-0698b9a25f0f,BUSINESS,USD,24799.0,ACTIVE,2025-05-07
a2888e3c-a0c8-4a52-ade2-1e895d22d8de,e4e53e2e-98c4-4b33-a81f-9d9be5bef657,SAVINGS,USD,22045.37,ACTIVE,2022-06-13
85ee0003-355a-4ae1-ab90-f62720186be3,2e7010b0-51aa-4848-84a3-9fb60d2d39a7,CHECKING,USD,32388.69,ACTIVE,2025-09-19
5314e231-fc99-4094-a0c3-118377d5ddf9,a9a9ed91-691d-4113-afb3-7996eacb965d,BUSINESS,USD,29283.91,ACTIVE,2022-01-12
214c8ed3-fbc8-4d66-bc3f-66ba85a7ef27,3e09182b-d84a-45ad-90c4-7313b591061f,BUSINESS,USD,14729.83,ACTIVE,2023-02-06
4a5feef9-5da9-49e7-b455-ffac2fa566a5,89fccc6e-eb4b-48a8-8e52-da04f9dea1cb,SAVINGS,USD,10734.42,ACTIVE,2025-06-29
46e0c579-f45f-4ed5-85a0-537853331872,e06e25ff-6791-4c30-88ca-63cd8329f1a1,SAVINGS,USD,16264.61,ACTIVE,2025-02-05
2f1a8cb4-2d68-4e31-8caa-c49bc8a0c5b1,8f15cc64-d806-4bfc-a011-9a79f66412f9,SAVINGS,USD,48224.51,ACTIVE,2025-05-06
05e0934c-6a80-4a70-95b6-dde1858088b8,fb0143c7-9ae5-48f1-9fa8-3a055cb677ce,CHECKING,USD,32557.66,ACTIVE,2025-11-03
aa0d1463-277d-49d3-9321-91cdbcf371f0,a779c861-09b4-4e81-905e-cec7a97283e7,CHECKING,USD,42331.69,ACTIVE,2022-02-04
1a621900-f800-42d7-b281-627801ab803a,f7c0ac3b-8c1c-407f-bef3-842dcd61a04b,SAVINGS,USD,4708.35,ACTIVE,2022-04-23
9769b50e-2045-45ae-be63-411c5e180ca7,e2e87581-c9c6-4bab-9a67-d95c5bc766e2,BUSINESS,USD,14704.64,ACTIVE,2022-09-28
9a2d9ec1-716a-407d-8ee5-9978df6fdecb,6c2ebb69-7b88-4833-8e18-de4a954a74bf,SAVINGS,USD,14519.59,ACTIVE,2026-05-20
05f9aedb-4b1f-4a89-8e03-643c6cc93769,2a55dde6-d7b2-4a3d-8b56-d450d0eded0e,SAVINGS,USD,10003.49,ACTIVE,2023-08-22
a3c3da57-9021-4828-91f9-8d79cf42ca78,ce782e13-df95-4bfe-95e7-6e60e8fea198,BUSINESS,USD,18999.63,ACTIVE,2025-12-19
82198da2-7d96-45c4-ba5c-d6b45432912b,6dd8ab77-9f02-4d14-a8ad-add807571da7,CHECKING,USD,33011.31,ACTIVE,2024-09-06
faf34123-45f7-41c3-9d1a-2a8a2ae6ec99,eb744580-cd14-43c8-af34-212b2131460c,BUSINESS,USD,20199.59,ACTIVE,2022-07-17
926387b0-758d-4c69-a683-f74d647fcc9e,49798bc2-ba49-423f-899b-2390d62b2b87,CHECKING,USD,11707.8,ACTIVE,2024-10-18
ab5b68aa-68a6-4230-bd8b-a7fdd0696bd6,75b0bd53-43bc-4a3f-835a-d01e2e10f17e,SAVINGS,USD,32021.87,ACTIVE,2026-05-31
7e810f33-bf6f-4de4-837e-f99611ba4d52,144babf1-debb-4dff-86ee-0341455aa4fd,SAVINGS,USD,32953.57,ACTIVE,2023-03-27
db53d1ac-6ca4-4fd7-9252-7bb223770157,f0bfac34-9ae1-4bec-acf5-b210b32057bf,SAVINGS,USD,49544.74,ACTIVE,2022-05-24
e762eead-fcab-4f8b-a188-10ae394fe22c,ac4b975a-ddf6-43bd-8169-b975c40899bb,SAVINGS,USD,12949.71,ACTIVE,2025-03-06
3993cb42-5018-40f7-81c1-9650532e116d,d5a0df73-a5b0-4041-948d-b21d7f7c9360,BUSINESS,USD,32877.85,ACTIVE,2025-08-25
e88a88b9-abaa-4cce-8940-82310a59b70d,624fd51a-714f-4c62-8a79-f271d78972d2,BUSINESS,USD,45573.48,ACTIVE,2024-09-30
de3bb030-d25d-4a4d-a01b-fce3d156887d,02565522-b1b5-49d7-b2e2-828ec32d7155,CHECKING,USD,46350.12,ACTIVE,2021-08-28
63de4fd9-5ba1-481a-9ef9-10b62596abea,2e1fe8c4-fe22-4efc-ae77-dabd59d325e8,SAVINGS,USD,26496.08,ACTIVE,2022-12-17
7a51902e-d82c-44bd-98ab-f2af2aee209b,cc0da242-533d-4d26-813a-41613ea8431e,BUSINESS,USD,8055.57,ACTIVE,2024-10-14
2bc6ee5a-6e5c-49e8-a9db-220d31b5f069,f34d7f81-e6c2-431f-9e1b-54bbb1f51f8a,CHECKING,USD,6068.73,ACTIVE,2021-12-16
5918ee97-95c6-4cbf-8bde-d1fef67d580b,8d4e8e69-1118-476a-8f9b-8acb65de25fb,CHECKING,USD,22535.13,ACTIVE,2024-09-07
26cd127e-0541-4a53-aa88-e2e6486ef807,68e4f62f-9367-472a-9c9a-52c34f4a5074,CHECKING,USD,24867.7,ACTIVE,2024-10-30
925922d3-2627-4872-8695-c78539d2d6c8,e9d1bdd4-794e-4ea1-bd88-277eb98c1393,CHECKING,USD,28067.71,ACTIVE,2023-12-12
af11f163-8ead-4561-a5b4-53f654872ede,43c14ab7-7345-4f27-8aed-ba54301696d1,SAVINGS,USD,34795.2,ACTIVE,2025-07-02
07b2d4f8-d28a-40eb-9f2c-64d34114401c,04fa458c-05f5-43e0-8217-2e4eab295839,SAVINGS,USD,21436.56,ACTIVE,2021-12-04
607780d7-1ca3-41b9-a38d-0022dea71652,19dd3557-c483-48a4-8b5e-706ac3542353,CHECKING,USD,39996.86,ACTIVE,2024-03-23
5c3cffeb-a199-4087-bc94-278cc53bec0d,d34262f8-715e-4ea9-b4c7-70063ac50939,CHECKING,USD,39684.35,ACTIVE,2022-02-07
ffe6313c-a295-4e18-bf23-0ff6eafc9667,aa3c2340-7e42-492b-8a22-4cda620909a0,CHECKING,USD,27022.51,ACTIVE,2022-01-16
843de750-f202-42cf-89e4-f71f41810f40,44e615fd-941d-424d-9c35-dce8c7032b26,SAVINGS,USD,1751.87,ACTIVE,2022-01-17
258054e6-a2a9-4a9b-82eb-deb5708425ad,8f40c2ee-afd6-4fae-b18b-36c919530ef7,BUSINESS,USD,47362.18,ACTIVE,2021-08-26
de380d0d-3e99-496f-8837-3e5fa79875e0,cbee083e-a798-497d-8175-7b13b715a4bd,CHECKING,USD,22112.84,ACTIVE,2024-03-26
3b7d434e-db14-485a-aefa-f570ae0be1a7,276aa25d-3523-4b64-a72f-e21824f4a0dc,BUSINESS,USD,12718.24,ACTIVE,2023-11-29
6320ff01-90d9-4476-aaa2-11b1469b40cd,f384f147-7156-4656-91b1-d30f167b3a06,BUSINESS,USD,32494.22,ACTIVE,2022-02-26
b8644b7b-880c-49fb-b32d-83a63ac32133,54ba6b85-0fee-4469-bd26-d3d46cd7afb9,SAVINGS,USD,39793.87,ACTIVE,2022-03-22
a5b195a8-0b3b-49e0-b787-bad0a0021948,202f7644-4981-40fb-b8e0-d338d788555a,BUSINESS,USD,4264.57,ACTIVE,2023-10-11
23ea7bb1-e6d1-4857-b470-4dd657d47618,f47c76a9-f000-4c77-a085-e551c350bbf9,SAVINGS,USD,28720.55,ACTIVE,2022-02-27
40f13e53-2e44-4b79-a637-ddf6b5c5c638,01e8c8fe-c0bf-4f49-aba2-db8751212835,SAVINGS,USD,26253.33,ACTIVE,2022-03-19
beaeed20-3fda-42c3-8d95-b62049869df7,02dc77df-d007-4e72-b3eb-842644cb4203,BUSINESS,USD,2940.49,ACTIVE,2023-03-05
35f741d4-c1e4-4a2e-b2f3-bc91f37d25ee,cfadc39d-28db-4391-9b9f-5fcdc2817c2b,BUSINESS,USD,33846.04,ACTIVE,2025-07-23
ace2a116-c999-4878-a23e-1bc84d30a672,1b0d4f10-2646-482f-806a-3e5ee65ad8a1,CHECKING,USD,22418.59,ACTIVE,2026-07-18
6d003a5b-82dd-431e-91ee-710e554e7d3a,1e94f470-70f9-4452-bf70-426e76998ae6,SAVINGS,USD,36044.14,ACTIVE,2024-05-01
1aac8bb6-07e1-4e09-90f7-83d5c53b9ae4,8233b776-714b-40b6-be71-42f0942eb8df,CHECKING,USD,44318.55,ACTIVE,2022-06-23
cc2c7ee0-3879-4ef7-b431-053049e0d1b7,7bf039cb-da9e-4baa-93a9-266c4137298c,BUSINESS,USD,25856.71,ACTIVE,2022-12-01
a98d6ab8-1d33-4602-b5ec-5e32e623151a,1a085d9f-2fb2-44bf-940d-79f3c71592cd,BUSINESS,USD,15461.25,ACTIVE,2024-05-19
6971b8ac-7b12-4699-8d63-0f7a45889580,15027c3d-d9ce-4769-aaff-4a870acbb051,BUSINESS,USD,40600.26,ACTIVE,2022-11-18
5f93d53b-be47-4fd3-880e-2f595000dfcc,dd6b7f2a-b0a0-46dc-92a9-0d83ced61ad4,CHECKING,USD,6344.7,ACTIVE,2024-12-04
32513a96-ce54-4aef-bc89-ae4a631a7f36,e881e87a-125c-4899-93ed-452edb13d280,BUSINESS,USD,20033.94,ACTIVE,2024-02-13
476b17c7-4d26-482e-badc-9c1aa12b4e9e,9a5b737b-4b0f-468d-9fba-a66623b6fda7,CHECKING,USD,21553.69,ACTIVE,2024-04-22
ccd18440-d7af-4da4-bb13-a741bfdce2a7,a296214c-346a-44c7-9e3c-55741f9c8423,BUSINESS,USD,31799.58,ACTIVE,2023-11-27
502107ec-53f5-4b34-a059-d8d44986f58c,c8487bf7-720a-4fa5-866e-2d36f803075e,CHECKING,USD,28282.25,ACTIVE,2023-02-17
d6e2f104-64ef-4123-adb7-d09827ca3d09,f82921d8-2b70-4cdc-a85a-db8199e3c22a,BUSINESS,USD,10597.65,ACTIVE,2022-08-04
44fc80f2-1056-4e0d-bc2b-aa1347fc903e,c2d59071-0254-49e8-b5a3-a2fde8ebb0e4,BUSINESS,USD,45840.6,ACTIVE,2026-01-09
623a7ad6-c0e1-4d62-bfc8-3639cff2df14,4f5e4e7b-7cb3-44b4-a11d-2b53ed4a7483,SAVINGS,USD,49640.59,ACTIVE,2022-07-24
2ca642dc-06ce-42f8-8b0a-d6c042926063,c56e7e23-f775-4ae5-9368-24f93bb31968,BUSINESS,USD,5820.68,ACTIVE,2023-05-19
69eddf5c-4d20-479e-b5e3-1c2b919deed7,46b193e3-f7c5-47f7-9571-598cf7e83fa8,CHECKING,USD,5798.57,ACTIVE,2025-05-06
2e5d3457-ead8-412b-be30-f98a9842b251,70a2eca6-b1da-4e5b-ab00-30a146e9a70b,SAVINGS,USD,37954.02,ACTIVE,2026-05-03
04883661-3990-499f-bd87-be3f5588e39c,08e68871-dd04-4abf-bc7b-9daf408d9c0e,BUSINESS,USD,4301.54,ACTIVE,2024-03-26
5da80eba-3587-445a-b271-347f086fc68a,4d989519-26e7-4669-8a7b-6b56ed2703e0,BUSINESS,USD,41182.41,ACTIVE,2025-05-18
51446dac-3a52-4b4e-a8cf-cde5073afc4b,497ec6cd-a0a9-4c3b-9476-8c0ad2b5d0eb,SAVINGS,USD,47190.19,ACTIVE,2021-11-27
30c2bfb6-631d-4ba7-b737-bb05448134f6,653281da-1dc2-4c9b-9cf4-a2f61f06aa12,BUSINESS,USD,35579.77,ACTIVE,2024-01-20
f7a317c9-7f67-44b3-b1cb-43223e45203e,700ae310-03b6-4856-b196-f070b8798bc5,SAVINGS,USD,44907.27,ACTIVE,2023-12-13
9e89c1df-a29b-4986-8ff1-697a4bceee1b,e660ccf3-b965-4675-b7d3-71724f761883,CHECKING,USD,16170.42,ACTIVE,2022-01-23
20d4c8fa-d958-41d4-aa16-0eaca0adb3f4,20a9fbf0-0a3e-4121-8371-09b4ab468575,BUSINESS,USD,35173.06,ACTIVE,2026-02-13
947a7f62-f44d-410f-a8cc-0fbb99682b9d,28eeffc3-67ab-435f-965b-39e88bf7e5dd,BUSINESS,USD,21436.21,ACTIVE,2022-03-22
26e73a86-0fda-408b-aa6d-78d4a88e069d,64e63ef5-422a-4101-b013-5e6aab706539,SAVINGS,USD,1169.54,ACTIVE,2026-01-26
5b8b168c-c89c-486d-a6d8-81fc2627bb3b,5110f16b-7625-4b0e-8c1f-e6a6fb57e980,BUSINESS,USD,30966.13,ACTIVE,2024-10-01
f9849068-d662-4dd0-9410-ec632c41b0fd,9f65712b-fb56-4c85-ba6a-c20f1c44fc89,BUSINESS,USD,14766.94,ACTIVE,2023-01-03
47993ac4-ea6c-4af1-9a17-85c7081b6cf6,2b065322-cc5f-4e06-b485-b4b92a5dea49,SAVINGS,USD,2913.41,ACTIVE,2026-07-11
70798bf3-585b-4e57-a088-5a77bf7bea92,f2218e77-4702-4f25-bce0-1b4238c7d78e,BUSINESS,USD,4713.35,ACTIVE,2025-05-29
34a9111d-9471-452b-82fc-cdb8cab6a03c,7643716c-3fc8-44a9-8fe2-9828e1c39e94,BUSINESS,USD,16206.22,ACTIVE,2022-07-19
814f27ca-b760-43ef-8d93-a6664c9e5a17,b2d39d7b-5ae9-46b8-bbf6-9ffafe511af9,SAVINGS,USD,43310.3,ACTIVE,2022-07-10
9ae3a73e-362b-4521-bc9e-b7efad1ec56b,5abab905-d2d7-48b3-958f-b25ef78e2def,CHECKING,USD,37469.43,ACTIVE,2023-12-09
3082ad5b-3dfc-4e1d-9037-53ed65b27f2d,152b7723-e4dd-4383-a176-b512e0bd1575,BUSINESS,USD,32216.7,ACTIVE,2024-03-06
7f5aadc6-deb3-49aa-b296-fd253936266f,91f5b67c-84c6-470e-85a1-448eb0c0085c,SAVINGS,USD,7918.22,ACTIVE,2025-07-05
473cf7b0-0160-4902-8190-160a36169ac5,a71027af-6594-4c7d-aa4a-f4e57d0aca94,SAVINGS,USD,44573.03,ACTIVE,2023-10-06
732a53e4-1402-4656-b9e7-fd9d1c8d3d24,4435e842-122e-4665-9755-128807f07c05,CHECKING,USD,13408.83,ACTIVE,2025-07-10
c585f3db-f8f5-491f-a4c7-a40f6e847f59,ddc90575-e2b6-45cb-b7fc-afbf5cdfeb4e,BUSINESS,USD,2763.45,ACTIVE,2026-04-03
1fc585bc-eb5d-4310-85b1-3370b93bd582,085c036e-1cff-4319-8a87-6dc8a25b09d5,CHECKING,USD,43934.89,ACTIVE,2026-07-09
9e1ea73d-7940-451f-9cd0-1dc03eb140f0,abe2d80b-92bd-40cd-a915-ee1ea22071ce,SAVINGS,USD,45373.28,ACTIVE,2023-10-02
1fa40912-a2a4-460a-a192-7f233f3c5891,5867066f-1cdf-40de-9960-ff757054aadc,SAVINGS,USD,28881.4,ACTIVE,2025-09-27
a0423ded-3143-4fd1-8c22-7e066983424a,07631be4-7b37-4947-b07b-bff1477c0a47,BUSINESS,USD,19018.9,ACTIVE,2022-06-25
e7d6699b-5cd7-4128-94a6-bd4dcfc61727,1b78ef96-3c3a-4b0e-bd06-8a70d260219e,CHECKING,USD,20844.82,ACTIVE,2021-08-10
a51ab5f0-d479-4c85-bd82-37f34cd106d1,9f04d550-5a34-4417-b9ee-5307da55bae5,BUSINESS,USD,40734.86,ACTIVE,2023-03-11
4b71fc59-f54a-42c5-a8a6-6887baaa52b8,04c20db2-7573-4477-aeb3-9d2d6fe25e92,SAVINGS,USD,13700.5,ACTIVE,2026-06-01
18758b7a-dfb2-4ef6-94fa-4d29c7491475,6ea6ef6b-13e5-485e-9b93-bd761ed2138b,CHECKING,USD,31797.35,ACTIVE,2022-12-27
6a95b19a-7fbf-4b86-a749-f6b85cd2551c,419b9aee-95d7-4c76-9899-cec2c3e7d631,BUSINESS,USD,18674.08,ACTIVE,2022-03-12
80208fc5-5065-4a1d-bfda-40e1e348aea4,6e72a074-d07d-43f6-9ccf-7d939710b6b1,BUSINESS,USD,1640.29,ACTIVE,2025-07-19
2ef5cc2e-edc7-4023-b310-93b4caa39d6c,6cf33e0d-6e02-412e-97bb-9f9f5801fb3f,SAVINGS,USD,27147.19,ACTIVE,2022-05-08
dfa5aedb-66ff-4e63-8d1d-62f5197d2ee3,767055ef-8749-4b28-9452-c0ac94e36c7c,BUSINESS,USD,15705.97,ACTIVE,2023-05-24
0c5632db-1e25-4f4b-8b0c-df4213fd8f35,5884f872-e9a3-4bd5-991b-f06a6d9d2cfd,SAVINGS,USD,6199.18,ACTIVE,2022-04-24
514dc1fb-a554-4b2a-ab80-cf0acfe9f5d5,47c228df-4e8e-41a8-8099-cf7d4c668137,BUSINESS,USD,18449.63,ACTIVE,2025-05-05
bbb96058-9a21-4167-b2c6-56a6a86de727,24425bf5-8585-45d2-aeea-683008e7557b,CHECKING,USD,49097.1,ACTIVE,2022-06-17
d1bec3e3-72f9-46e5-b4b6-c46d47097484,eed352c3-32ca-4380-84d0-87327a13d183,SAVINGS,USD,35413.88,ACTIVE,2025-10-04
04938190-5b90-491e-9ff2-ca7b350bb446,d4c543e2-9b8e-43c2-80a3-17c132a41a79,CHECKING,USD,31467.36,ACTIVE,2026-02-08
7d90d16d-e07e-4284-b0d4-3f6cbfa8c93e,d9ed5f9f-c94d-49c7-b4ed-a0cbb5f996c0,CHECKING,USD,26337.36,ACTIVE,2023-03-31
58605d09-6fd7-4951-9b84-3ed491d92ed2,4a768f91-edaf-49fb-85e9-ba390bae8f48,BUSINESS,USD,13556.36,ACTIVE,2025-06-05
72e92972-042b-4e7d-8d9a-aed457bf279f,b195cc47-e711-4cff-b9ab-ae8ef4a1c1b6,CHECKING,USD,48940.72,ACTIVE,2021-08-09
99e139ad-8f3f-4f77-8df8-4fbc56c017fe,862b8ec9-50be-40c1-80dd-61f712ff8ff1,CHECKING,USD,34294.03,ACTIVE,2022-11-20
6c21d607-605d-4cf0-9d4c-7ee0d7226cf9,d0c6da93-d1ca-4c8d-bff5-8fece0afd263,CHECKING,USD,25186.44,ACTIVE,2024-08-25
e3db1958-54e1-4e74-b24e-2371ac2eb822,1b36fe52-7f7f-41dd-9a2d-0ec89a0c68d7,CHECKING,USD,29857.9,ACTIVE,2026-01-19
a5d7d8db-aa27-4727-932d-4463c42bb63b,5f58aed5-d493-41c5-a627-a538066f6862,SAVINGS,USD,9027.55,ACTIVE,2025-11-16
4e61a003-ea60-4420-92e5-588802a19552,cd756dbd-c925-4954-8cd3-fab1dc6578dd,BUSINESS,USD,16373.83,ACTIVE,2026-02-08
a5fb9bfd-abf9-424f-b873-68d23b1eac13,09a3552d-dbb8-4613-87ba-43f146d00337,CHECKING,USD,26104.73,ACTIVE,2021-09-08
4a2d108b-c730-44b8-8fc4-6fe9fb714b97,01ef7c91-89dc-49fc-88f4-a520871fcad5,SAVINGS,USD,32855.3,ACTIVE,2022-08-08
8e612a64-8c94-4774-8278-43041b7138b7,b51e50f4-9ba2-4d97-a782-a8c7ae805994,SAVINGS,USD,34826.47,ACTIVE,2023-11-12
a66ad16a-4146-4611-98c7-3bba155f3173,6d8a4769-7afd-49cd-ae44-09b5743bed48,BUSINESS,USD,3743.83,ACTIVE,2025-09-12
547f1161-23f7-48c6-9d81-3fc4727eb0a1,4279a427-2c21-4f84-bc4b-d34e4068919e,CHECKING,USD,16290.21,ACTIVE,2024-10-20
b698de24-8b7c-430b-8f83-fd868da4aacb,9d2bc6c5-0fa9-42cc-96dc-16cd4c207395,CHECKING,USD,7440.73,ACTIVE,2023-07-02
a2da9074-0eae-451c-bbab-026a56e56c97,450f900a-fa3f-4c3d-8a29-1097467a6ca2,CHECKING,USD,5096.15,ACTIVE,2024-02-17
fd71f036-d09a-4496-a910-ca1719b1658f,84ff9780-86b2-44b9-8aa2-e2c9706f85dc,CHECKING,USD,30852.25,ACTIVE,2023-08-03
3507fb65-bce0-4d00-8254-81612191b9b4,7e2a73d6-ef37-4d93-b977-235761489fd4,CHECKING,USD,604.55,ACTIVE,2026-02-05
84f65883-64fc-4516-bfde-26b24aa5ebd0,bf60ea20-f357-41bd-8b82-0477f016cf42,SAVINGS,USD,14346.32,ACTIVE,2024-07-02
af48822d-28c8-4ebf-a676-e56bfca82daa,16005b7a-a496-42c9-82f0-3cc52b4d50b0,SAVINGS,USD,36662.47,ACTIVE,2022-06-19
21d7c8b0-0e5f-42e1-bb47-a779d9b9deb6,702fa2c8-6a41-405b-bc85-010ed54db176,CHECKING,USD,8852.54,ACTIVE,2023-12-19
19d0b823-d28b-4506-83b0-4517394687d1,ea5f3ddf-ee25-4b42-bd0c-bbe7e41f6f01,SAVINGS,USD,19509.32,ACTIVE,2022-10-08
0dd6c53d-6bbe-4ee4-8691-2637ac0a580a,f93d61c9-9ec6-4fb4-8e0b-41950f7dbeb7,BUSINESS,USD,35507.5,ACTIVE,2025-01-23
84a2da6a-4a2e-46b3-b5db-4fc2672f4819,4abc1195-c60e-4f64-8a64-8b569bdf5925,SAVINGS,USD,29031.04,ACTIVE,2025-12-16
63209dcf-de02-485a-b0cd-1a4bbfa3e17d,dff3bc91-a62d-4581-9821-6bfe8614e7aa,BUSINESS,USD,9080.6,ACTIVE,2026-04-09
bf25dc4c-92ac-486a-a5fd-a3c246727d5f,04e002d0-7509-4372-8a45-274c814d6c2f,CHECKING,USD,46350.84,ACTIVE,2022-01-30
dd23406f-9be9-485e-a730-fd3a27fa7625,77fea9f2-447b-431b-b255-7e48c2d473c4,BUSINESS,USD,1293.74,ACTIVE,2024-05-06
facd5710-add1-436f-b8c9-f3c83ba3b181,2999bcc3-f1ab-43b5-8b9d-4a0ed54f063c,BUSINESS,USD,36178.77,ACTIVE,2021-12-07
6beca8f7-494c-471c-8416-e72646f13cd5,49900085-fa2b-41ce-a23a-b6ae7543e099,CHECKING,USD,37983.97,ACTIVE,2021-09-15
99cf4413-44bf-499b-a078-13c8cc32ec20,c5904403-955e-497b-961b-eaab00c5588d,CHECKING,USD,20043.27,ACTIVE,2021-11-26
dab5eecd-9f79-48d1-acef-64c37faf9f51,843f20b6-575a-4f74-9ed4-5fde98c6c91d,CHECKING,USD,27856.08,ACTIVE,2024-04-23
44e7007c-eddb-4faa-ab13-efaa25940aa0,9f75bd04-6beb-4e86-a07b-01e02fd1c728,SAVINGS,USD,41014.94,ACTIVE,2023-09-03
b26b2454-afa1-46f0-8b6e-46ee476057bb,fd7e693c-2dce-4213-9547-f2f6aed324c1,BUSINESS,USD,40316.18,ACTIVE,2024-10-31
bb001b1a-4fd4-418f-9b17-aeaa80b22115,afe4e7c2-b0b0-47c9-b7df-faa8d8715791,CHECKING,USD,30823.47,ACTIVE,2023-05-25
b3a5a11c-95ea-4906-ad78-29c7a7409d29,572dba83-c888-43d6-9f83-492863697417,CHECKING,USD,9819.18,ACTIVE,2023-12-12
22f650e8-e56f-4f98-964b-be96ecefae30,374108de-45d2-43ae-a4d5-b7b8eda807d8,SAVINGS,USD,41252.02,ACTIVE,2026-06-12
7ae122b3-46bc-4c0d-8407-a082f9332817,39c316c3-52ab-4e3a-b38a-c25e465433f6,CHECKING,USD,49978.09,ACTIVE,2022-02-22
67fd4394-8854-455a-8b94-489914633690,a2ddbf4c-a434-4026-8e25-1323b8568d34,BUSINESS,USD,3319.34,ACTIVE,2021-08-22
26b9a6b2-c46d-4fc0-9e0b-84cb9c247970,14feb617-8075-423e-bcd8-f2c2d9594529,SAVINGS,USD,48574.83,ACTIVE,2024-07-18
d5209c58-63f6-4430-a81f-d436d20b1356,0daf3570-b135-488e-9409-34e3d4f30b3c,CHECKING,USD,2544.19,ACTIVE,2021-12-20
15736ab7-b469-42c2-bc5c-1d1c85817aab,413bd0a4-eba5-4589-af02-0d70bfd4c373,BUSINESS,USD,18059.8,ACTIVE,2026-06-22
0def739b-218d-4620-af79-4d9043bb031c,1465678b-3ff9-4376-8093-0fb0a1034e01,BUSINESS,USD,26647.86,ACTIVE,2023-04-26
71c71576-1a99-4352-b77d-df7898b6c22a,bd13880e-3e29-4b0b-a265-0c8693f1342d,CHECKING,USD,7183.92,ACTIVE,2021-08-04
8b89d48b-874d-4d7d-82c3-c5b47797511e,3d4f03ae-e398-4208-8edc-d84bd8c3d162,BUSINESS,USD,18554.36,ACTIVE,2024-08-05
a8429dee-3e18-43b6-9c34-c6e3cf693d94,369406ad-71d4-4cec-a3cd-e666d7251260,BUSINESS,USD,36982.63,ACTIVE,2025-12-17
6320f5d9-3d42-4e4f-a8ea-5dff9ec69f71,02566cc4-0aaa-4e9d-a5c4-516ed899cf14,CHECKING,USD,26458.14,ACTIVE,2024-01-31
80fe0bbd-c79c-49f6-85a0-b60874e61cd2,e52d021c-f25b-45ae-9c3d-9f63111378c6,SAVINGS,USD,28458.44,ACTIVE,2022-07-31
79aa13a4-999c-4415-95a0-19a59e1a1d73,02520e7c-1c3f-4e09-8216-9181ea371c8a,CHECKING,USD,39081.88,ACTIVE,2025-07-17
7820d219-173f-49cb-8818-1c05129a52a3,a5a1e6b3-e849-40b1-b8bb-68ab9dc4b6fd,BUSINESS,USD,22572.51,ACTIVE,2024-06-08
97647900-c68f-47a6-a1eb-3c5b17956301,b531cfa8-0b45-46e1-a130-be619326ebb8,CHECKING,USD,42998.85,ACTIVE,2023-03-01
2c2e209e-7939-4884-99a5-5ea0d1a7650c,e750ad05-5105-4ef3-b134-906cc5138a19,SAVINGS,USD,4497.79,ACTIVE,2023-03-19
ba381273-6c05-44d0-908c-fbc8019284ec,05add179-cb28-4f21-acc6-add8e19b1e32,BUSINESS,USD,1160.06,ACTIVE,2026-01-19
3aca2565-8bce-407d-b917-7eced0bda379,9603055e-406d-4502-bf1a-2af2bdab152b,SAVINGS,USD,28957.16,ACTIVE,2024-09-05
b30f3940-7197-411e-a484-0aae47e1ae5d,55394b97-91a8-4624-ba95-033919ee1154,CHECKING,USD,24221.46,ACTIVE,2023-02-18
7ecaa94c-63e4-4bd5-a0f0-f8682eba78cb,a79222b5-ef17-4273-b3cd-052931e286a2,SAVINGS,USD,35582.13,ACTIVE,2026-01-14
053a7c09-d2e0-4573-9227-797cfe1808a3,14b841ab-d941-436f-ae75-2da1cc665840,CHECKING,USD,4683.99,ACTIVE,2022-03-14
a4f192fe-aaf3-4225-8007-cccaa452ca0d,14dd29dd-4ef1-4eea-be18-29a315f5badf,BUSINESS,USD,646.78,ACTIVE,2025-02-23
8b864f6e-f3a7-4d67-80ef-9eea2c7c9b6f,02a686db-e816-4112-9b4d-51e189ba9704,BUSINESS,USD,16347.11,ACTIVE,2023-05-09
d907f128-5ad8-4815-b866-d669e4068836,760123cf-51fe-4dcd-8c47-e7a858483a96,CHECKING,USD,18132.63,ACTIVE,2025-03-26
2c6adc81-ef36-4409-a03a-5e3918d9a851,c5c56db4-0c84-4c89-90c3-a658a98c4469,SAVINGS,USD,5430.38,ACTIVE,2024-02-25
df673b8f-febd-400a-966e-91b3157d05ac,00f8cd3f-49b2-4c38-9ede-ac56c0771bab,SAVINGS,USD,39333.42,ACTIVE,2025-01-21
61526009-d121-4ca7-a918-d9c5baf57c04,ac0159aa-83b9-4b41-9aa3-6f658aadfc36,CHECKING,USD,33247.91,ACTIVE,2025-10-09
7b973d8c-6dd2-4429-8b19-ed52afad5d87,92d1c1f7-f49a-415f-85b6-266794901ecd,CHECKING,USD,29915.16,ACTIVE,2025-04-16
7e14277c-8681-4363-b5ff-61cf2b470d1d,f873b925-74f5-48ae-80bb-ccc8f280a422,BUSINESS,USD,24254.26,ACTIVE,2025-06-06
74797b9e-0021-4a29-941e-0efc4eb93339,8ecbabd1-2f07-4cfb-ae91-20b0e6b969e1,BUSINESS,USD,20359.11,ACTIVE,2023-04-27
cb6dc7be-7f5e-49ea-a075-4fc8f6858604,08dbb5ec-dc2a-411c-8bd6-58a6e9c187ac,SAVINGS,USD,27275.03,ACTIVE,2024-04-02
6020431f-9a9b-4ccb-8d1d-f7423636df29,42581d06-8da0-4ef1-bdad-c86891192582,SAVINGS,USD,35334.93,ACTIVE,2022-05-18
4699ed02-027a-4ce4-ad18-e2d726ee575b,b6934587-bcf8-46d4-b361-bc198f152c74,BUSINESS,USD,19852.16,ACTIVE,2022-10-04
f147c4a3-5004-4737-aca0-a62d18f5e062,1a78fdf5-c5c1-4217-b8e8-bc16027bcd81,BUSINESS,USD,11758.02,ACTIVE,2022-11-13
fe9f45a0-de31-476f-a5bb-444f55057fb1,b6aa599f-c404-4ddf-832d-6b9b54fd5dcc,BUSINESS,USD,30092.11,ACTIVE,2022-04-20
4b5d5d5f-b67c-487c-b368-e1b666a62b36,f8f5f053-3be7-43ac-ba3f-337ea9570f5c,CHECKING,USD,26554.5,ACTIVE,2026-06-29
56a8f964-288c-4e56-b28f-108fcb8be06e,3e83ffda-1837-4752-a6d9-80f8f32ff38e,BUSINESS,USD,7347.66,ACTIVE,2021-10-10
f9e2b752-23fa-492c-8f70-0b4e7da2707d,2d6f1ff4-18f4-44a9-ae5c-278e5aaf9c90,SAVINGS,USD,28021.02,ACTIVE,2024-04-13
ee1ea3fb-b8b0-4ac9-9ff4-b162c4c29a00,cc579cd1-39c8-4829-8b50-59fcd14a6627,SAVINGS,USD,3803.44,ACTIVE,2026-06-09
e14e0739-6b4a-43d4-ac74-cf7c9aac1b8e,c39dfb23-2820-41c1-bd52-b01a4dc9807b,CHECKING,USD,7595.45,ACTIVE,2024-08-23
fa37c0df-be13-4e8c-854b-ea21e9289324,4347e3ff-96a6-40a9-9ec6-d8f8b3cd543f,CHECKING,USD,7812.85,ACTIVE,2023-06-01
d2bc4498-95bd-4415-97d0-45fe3ad7c644,d2d57924-ce8f-43e0-bdba-e4e60148e265,BUSINESS,USD,32101.61,ACTIVE,2021-10-20
0d84bb01-efbd-41c7-a8d1-742a392c926d,58cadb97-21fe-4e7a-91bc-664bd4036393,BUSINESS,USD,30614.66,ACTIVE,2022-04-29
8ae45731-df63-41bb-80d0-1101010d6f02,bee82b13-a2f4-4e44-aa4e-2a6ff5cc4e2c,CHECKING,USD,45037.94,ACTIVE,2025-02-01
d1d6c9a3-2e36-4a08-9807-dda115e73c10,c62a9f34-60ad-4be3-a92d-e9ee59e5420d,CHECKING,USD,27819.33,ACTIVE,2025-09-23
298ea4d1-0f88-4257-b7b4-00ba422202ca,3e53850f-475c-4d64-a437-1c812dc68ba9,SAVINGS,USD,39952.07,ACTIVE,2023-09-24
a36c1e22-750d-4542-9ed4-27b110f8cde1,82306520-4cb8-440d-8131-0dda3cc27193,CHECKING,USD,152.38,ACTIVE,2024-10-08
d3e7c2dd-902c-4b6a-9a85-0e67fbd20011,674e2cac-23ab-4bea-9cf6-24f0931c062a,SAVINGS,USD,27930.63,ACTIVE,2025-06-05
4d8b291a-0e9b-4091-95f8-f575e7576b56,6e3d20f5-1ecd-4561-b539-634f81b4c9b1,SAVINGS,USD,38990.9,ACTIVE,2024-05-23
adb73cc2-672f-49d3-8826-b192e029b518,f7d7a650-d8ce-4b8e-84fc-101681031e04,SAVINGS,USD,48687.66,ACTIVE,2024-03-01
198f1eb2-7218-4c23-9140-6333494dfc54,99952280-ac85-4a5b-bde4-7cd84d712c22,CHECKING,USD,37413.69,ACTIVE,2024-09-30
ce15750e-b8ba-4284-96e9-0356837ef285,44e416dd-4f77-462b-8a1e-99a57bb273e4,SAVINGS,USD,22353.98,ACTIVE,2024-07-07
2f36d11d-bf56-4cb0-8a4f-d121c6d874ab,82215dbe-6fff-45a5-953e-cfac7969b483,BUSINESS,USD,35103.73,ACTIVE,2023-01-01
120fbc16-fa1f-4c22-b937-8c73a917f59b,de74cc87-b10e-4a41-b392-66abd2eb90fa,BUSINESS,USD,2020.98,ACTIVE,2026-01-14
b611e696-5568-4302-a8a8-1a30fc50009b,032a38a5-2f16-4220-9f37-a33732138366,BUSINESS,USD,8360.45,ACTIVE,2025-04-19
76c036f3-8e34-4f1e-918f-7594a828080e,d58bf15f-3263-4e40-bb16-249b37d06b0f,CHECKING,USD,32786.52,ACTIVE,2022-08-24
c296e1ac-7557-45a4-bc33-f848fc58a0e3,981238f0-26dc-47ab-9b28-789895009f3d,SAVINGS,USD,28869.51,ACTIVE,2025-05-12
35359969-68b4-435d-867c-986ce2869032,12def555-1229-4277-b283-e42dae267cb6,CHECKING,USD,38312.0,ACTIVE,2024-05-26
1a2894f3-b3fb-46f3-958a-75cfcf246e62,64340bd6-bf05-4234-aa51-105a92049053,BUSINESS,USD,37296.06,ACTIVE,2024-10-05
f6b62767-8b6f-45f4-8148-b94fcd342fc2,a9be8f50-e395-46ea-a98d-8d00682a8ac9,SAVINGS,USD,1892.98,ACTIVE,2022-12-30
09f96bf2-d98d-418b-8869-da65826e3594,2bb78091-c21f-4ba0-9edf-fc6308d1c308,CHECKING,USD,37543.56,ACTIVE,2025-07-17
6886fde1-131b-4fae-8b86-1698f53d92a7,e245dee7-33e4-40eb-be93-facac475a4df,SAVINGS,USD,7987.24,ACTIVE,2025-09-13
f47ddeb4-cbbf-4c2d-8f26-d2d84925b662,76b08dde-f0a4-45c3-9619-f0ccf533d8e0,SAVINGS,USD,1836.46,ACTIVE,2026-03-02
87a9a28c-f128-4c67-9be0-0d17ded04c0f,3a43a7fc-9d4d-4b04-a5e0-31f2bf2e7ec4,BUSINESS,USD,30398.38,ACTIVE,2024-01-21
71f11a56-6fa8-4641-84de-279fc15375d6,ac1d365c-5fa1-45ee-afc7-9d7f5c5297e0,SAVINGS,USD,27145.87,ACTIVE,2023-04-01
e237359e-3371-4910-9713-ba9bbbfc5bce,1696a107-5bd1-46ce-aea3-1348cc3f96b9,SAVINGS,USD,49157.63,ACTIVE,2023-10-06
3bef6584-5bcd-41bf-a794-278d312759a1,b178545d-ee93-414c-8d2c-aff6f6ab057f,SAVINGS,USD,32503.6,ACTIVE,2023-01-15
86f52a84-e731-41bf-b8da-01e492d34aa1,29e745b0-98dd-46b7-895b-0331785fa4c8,SAVINGS,USD,26709.91,ACTIVE,2025-11-14
ff66d0df-4291-4567-bd7c-f7e43d3b0f53,a42e72cb-d336-421d-b9f1-e0320e7af9bd,CHECKING,USD,38774.26,ACTIVE,2023-09-14
42cfee36-36d4-4e5f-bfde-d4e91d87a193,359ef6a4-b011-4167-8f9c-96b755565c74,SAVINGS,USD,6306.23,ACTIVE,2023-08-03
da3fa727-a552-418c-92db-8d268c27c115,b0aa2106-c8f2-4b4b-b50b-97e63783aac6,BUSINESS,USD,14165.01,ACTIVE,2026-04-16
bcf77d7f-6550-4302-8c66-1cec678b00b7,830fb639-3339-47f2-99a8-440fbca0a535,BUSINESS,USD,45906.6,ACTIVE,2023-02-11
3801d24c-12f8-4b47-bf63-2124e9f39c0f,ef3946b2-0f1e-4152-921d-3034666d34c0,CHECKING,USD,11333.12,ACTIVE,2022-01-29
15249e19-5803-4ddf-b651-0ecef7fc1c28,1c631b86-a3a2-4f17-bdc3-0437c7c04513,SAVINGS,USD,17825.22,ACTIVE,2025-12-12
beb55965-47ad-457d-baf5-2f3b87623cf3,d5f2213d-04d6-4278-bccb-8353c4c2079a,SAVINGS,USD,28313.99,ACTIVE,2026-01-24
16483e81-de04-4fb0-a1d7-220615e12cc0,17cd3d63-e28e-4de8-bd14-15d36d5dbe8a,BUSINESS,USD,7896.69,ACTIVE,2021-09-08
2cd4b96d-efb2-4678-8f5a-b80e32d22461,5bc69b19-1b7e-4e9e-a4d3-0efaaf5cdcc4,BUSINESS,USD,38881.9,ACTIVE,2021-09-27
1aa810f3-6a61-4655-82f0-75ff8978d20b,7515309e-2298-4aed-981a-0b5a4b1c0770,CHECKING,USD,49611.27,ACTIVE,2022-12-29
2fe0d2d1-cc5e-4d1b-bc9b-c4c9b26fa34e,fb179515-b242-45bb-9c3e-7c41a009c58f,SAVINGS,USD,33461.59,ACTIVE,2025-12-01
78030fb0-b26c-433d-a05e-8519ca97fece,bb5f1b2f-dca9-43ce-99ad-48d54be975df,CHECKING,USD,28234.72,ACTIVE,2022-08-27
7b41b366-99f2-42e1-a745-13fbda87e3a0,13c6b8c6-a8eb-4428-9a0c-13ba39f418ed,CHECKING,USD,10390.63,ACTIVE,2024-05-01
34dbb799-8a71-4d4e-9eb1-7572eeaf1e43,8b252a00-4604-4891-8483-02a8bcda1dd0,BUSINESS,USD,12430.11,ACTIVE,2022-02-28
d6371623-4960-4700-abc8-bddc6001af67,25063df7-2f47-40b8-beec-6b219c09e070,SAVINGS,USD,8917.58,ACTIVE,2025-03-03
f19b43b8-c567-4e91-a3f6-c6c62d52f68b,6f2f19d4-bbf8-400b-8019-f76117d6383b,SAVINGS,USD,21227.4,ACTIVE,2024-02-02
e98b55e2-2ae0-4267-aaf3-92fcfbd5f1bf,bcdf25a0-b727-4bc4-b960-a38fc790e16b,SAVINGS,USD,17552.54,ACTIVE,2024-11-05
176cea3d-bb99-433a-8eca-54fb03260a7b,32c3d0a3-8742-462d-ba8d-eb6bcf8682b6,CHECKING,USD,43952.46,ACTIVE,2025-01-20
0c505aee-3c2f-464f-86d6-0a3a56bc71e9,dd815cca-c3cb-47a9-9ab5-eb7771de1f8d,SAVINGS,USD,41864.61,ACTIVE,2024-11-19
4139fb29-f096-4d14-bbf1-6059d7828d4a,c7bb8e23-1867-4661-9ace-ec43eb32d0a2,SAVINGS,USD,30101.3,ACTIVE,2023-03-22
2a805ab1-3f06-47fe-b3d1-1cdb0cee9329,bbaecc9d-3366-40a5-9ecd-5b19a31f0d6e,SAVINGS,USD,37652.73,ACTIVE,2023-11-02
2d983af0-ce08-45d4-9422-14350f40f5a8,e49b84ce-44f4-4563-b3a7-8ca6f6f97140,SAVINGS,USD,34853.16,ACTIVE,2026-05-23
3c4a3d8d-c648-48a1-9d6c-6899cbe96e09,2c983ca3-f361-4a44-97b1-ba8aca88228f,CHECKING,USD,22270.18,ACTIVE,2022-02-12
ca29e214-2b33-40cc-a6f1-0cd76c06c20d,64afb555-1397-425e-befe-9f000727cb29,SAVINGS,USD,21419.98,ACTIVE,2023-08-10
11988c6f-0772-4d2e-9998-d01d2a97a053,96e3da9b-0546-4098-8b3a-c2fe973ad22f,BUSINESS,USD,7355.86,ACTIVE,2026-06-04
72d9a4f6-287a-4e8d-ac93-451b3f9a751a,1ce2a8d8-a302-41ff-8a02-a56cdbe9e96e,BUSINESS,USD,39229.65,ACTIVE,2022-06-12
7a7e1582-aeea-45e5-afb1-94166a640a65,5ef2824d-6a4d-4c96-9578-76198c79e2d3,CHECKING,USD,5484.9,ACTIVE,2024-10-22
275d2cae-0d42-4d00-a080-092f3852b3f0,528a8d1c-3ca2-48f2-a395-f2e530824d8e,SAVINGS,USD,46897.58,ACTIVE,2021-12-23
0f505240-121b-4550-b115-a515d959807a,1a1845fd-3696-47f0-a91e-c05def9be438,CHECKING,USD,22259.08,ACTIVE,2021-12-03
52f25c8f-c242-4de0-97ed-0d21b51b067c,16fe3dc0-afae-4e1d-8955-6a25596b4e88,BUSINESS,USD,22388.54,ACTIVE,2021-08-20
ebde555c-a52d-4032-91bc-a6e5c201cc65,755753e5-1aeb-4e40-b6b6-dda4836254b8,BUSINESS,USD,1136.66,ACTIVE,2021-08-23
99503c63-2c37-463a-94a0-f2eba4f47448,10e727de-e57b-48f1-9dc0-1abd02214533,SAVINGS,USD,15483.51,ACTIVE,2026-03-15
57036b62-8dc2-41b4-a3ed-77e9443e40e2,3eda2175-43b6-4602-9871-63fe85c041d3,CHECKING,USD,40791.39,ACTIVE,2021-10-27
b19a5e51-4cf0-495f-9859-f41ad6ddc2da,8cfe4383-486a-4dd5-b70e-c51f39d0cd4a,SAVINGS,USD,25330.95,ACTIVE,2022-10-15
c6b426c8-dfde-415d-88d0-c4760c74bd73,175ad7db-3d6c-4cac-8fa2-86d12abb6aa3,BUSINESS,USD,43791.16,ACTIVE,2023-02-06
c3826844-8311-4c5a-98e6-82cb2858d509,779770ad-80cf-44bb-9873-62af09fa4bf3,BUSINESS,USD,31397.33,ACTIVE,2023-08-04
4225e807-8157-4a42-8ca2-2fd45a26cfbe,9e96459c-e092-43d4-a7fb-5a37919c9d26,CHECKING,USD,38301.97,ACTIVE,2023-08-18
149fc802-c549-44fd-a67f-08967c818bc0,fffc796c-8c45-4378-be02-c2998d97fd62,BUSINESS,USD,4567.82,ACTIVE,2023-12-23
8717c30e-77bd-49da-a0af-acdf79f0da18,b2e79da4-1fc7-43b2-8307-f0bcf39ba488,BUSINESS,USD,20566.98,ACTIVE,2022-08-26
6496e2bb-e359-454e-82d4-8c29b3ec7b1b,e731246c-fdce-4cae-b8c9-111d7c2d5c11,BUSINESS,USD,37626.23,ACTIVE,2021-08-11
373c96e4-befd-4c62-adad-1cd84dab6c8b,f7257624-23c9-4db2-a1b7-eca39177886a,BUSINESS,USD,9171.73,ACTIVE,2024-04-17
74071d02-517d-4dde-b19f-1459f771d90b,5b6281a6-6719-4352-b289-6645ee524eea,CHECKING,USD,45131.93,ACTIVE,2023-05-16
29afb78a-ef1c-4e7d-bc03-fecdbc75232c,44cdddd0-613b-429a-8422-16cc6fa11532,BUSINESS,USD,11041.38,ACTIVE,2025-11-18
0a4bf651-e3ab-4713-b90f-5a79e3f929d9,5a278ede-9b91-4765-a693-4370563cc3e2,CHECKING,USD,19061.8,ACTIVE,2024-07-23
c5a8fd8c-eda9-44e2-917a-cc2f7332d7c3,3fc02f67-66eb-4626-a08d-08580263cfd1,CHECKING,USD,46641.79,ACTIVE,2023-04-27
68c5c5cb-041e-419a-84f7-ea8fbce8de47,0aba01ef-1534-4396-aec8-f93e8232db7b,BUSINESS,USD,31265.34,ACTIVE,2021-09-18
12880dd6-0575-40cb-abd5-4bacd89a8c7c,96ec0113-d5cb-4d86-9359-db1e18572809,SAVINGS,USD,33239.35,ACTIVE,2025-05-04
9bef6e29-ef7a-4a2f-957a-8934f254fcad,9e83ae87-b1b0-4c3e-b951-33e70acb7b19,BUSINESS,USD,5720.47,ACTIVE,2024-02-21
5bae50b6-aea3-4414-beaf-4435f8e674ad,de999187-6a2f-4c1d-b9b1-e3732a5a2424,CHECKING,USD,2947.24,ACTIVE,2023-01-16
0db451fb-5b8d-4da9-ab5e-0c7c53e2ec03,74aa221e-f830-4d1d-a994-274cb0f6dda5,BUSINESS,USD,37828.64,ACTIVE,2022-09-29
9686b932-b5d6-48c4-bd83-752d8ee254c8,68c80f7d-25ac-4481-976a-a45d91318f5b,BUSINESS,USD,9710.85,ACTIVE,2022-06-07
d7810168-95d7-4937-9468-c7a134a91863,08142bce-1ee6-4473-afdc-93ba3a1f6920,CHECKING,USD,42883.83,ACTIVE,2023-05-26
3b059fd7-fa86-4f2a-b39c-9c9dd206faa5,711569a5-8d77-44ea-a171-c8bd56f666bc,SAVINGS,USD,14945.08,ACTIVE,2024-05-09
8d8c3add-ebf4-4384-9084-1fb57b91197e,d207994a-469e-40c0-accb-e8d3c28b8975,SAVINGS,USD,4534.25,ACTIVE,2023-04-22
b63b152d-f600-4897-989c-9ca87bb21b3a,6ea235c4-e707-49dc-9c11-480f09bed65d,CHECKING,USD,48862.66,ACTIVE,2024-03-24
499080c0-4fda-4e01-bac7-47034d1e03cb,a39fae72-30f9-41ee-8a94-109a18e2030d,SAVINGS,USD,5398.37,ACTIVE,2023-03-28
f21d70c7-9e49-49c3-adfd-fc612e19114a,89c49e83-f885-4a08-a154-267426ccb2ab,CHECKING,USD,23695.22,ACTIVE,2026-03-29
af71831f-3626-4c03-9861-d64afca73312,2aa3ef02-b433-4cbc-945d-1644ced7c332,CHECKING,USD,25026.22,ACTIVE,2022-08-12
6be7220c-3a6b-415e-b2c9-7be82dc297dc,ab602242-79aa-4df6-8708-850d45b19beb,CHECKING,USD,6322.5,ACTIVE,2024-02-22
ac21c4b4-cffa-4fdd-b0f3-36005ab8bb74,74eaa0a5-d80c-43f4-ba10-5d0a262be5a2,BUSINESS,USD,21653.81,ACTIVE,2022-04-10
cab6552a-46be-49d3-a259-599abe899a18,e0d3bebf-445d-4cf0-abba-777165d81993,CHECKING,USD,34514.04,ACTIVE,2023-08-08
71aee10d-80ca-40b5-8415-6c92b51a5115,40717346-6ad3-4aa4-a87c-234147d6f48f,CHECKING,USD,15220.34,ACTIVE,2026-06-16
36ebbe77-dc72-4cae-a5ab-480afd72870c,0a95e316-7b87-4864-bb39-8e655c597241,SAVINGS,USD,1257.31,ACTIVE,2024-09-27
5ef9c7fb-bde3-49c1-af3e-c297440cafe5,e1f5d572-1f8b-46e4-a39c-5277b82532f2,SAVINGS,USD,12562.75,ACTIVE,2026-07-10
c6ff76ec-2490-4f8e-ada1-8e4a3c96eb57,efce96da-f8e0-4bb7-8c1d-a5d3e907975c,BUSINESS,USD,47002.28,ACTIVE,2024-05-18
dcb048ac-efca-48e9-b96f-92666615c6cc,e33834c1-8434-4e48-84c7-95fd880306e2,CHECKING,USD,32381.22,ACTIVE,2024-05-11
4e325aa9-c8dc-40fd-a6a2-ffaeacc23c1e,6fe98067-270b-4f86-a506-f5e79ccaba24,CHECKING,USD,41288.49,ACTIVE,2022-09-15
c88ffb4e-e4e1-4ce8-addf-679ac7e0a5d1,1609c6ca-16a3-4c21-b3e1-d2e2efe7b8bf,CHECKING,USD,3068.51,ACTIVE,2023-05-06
ced41dee-31e9-4646-b5b8-cf4219bf0256,7a7c94c0-6370-4cef-9ac9-9c5b876a12ff,SAVINGS,USD,16277.83,ACTIVE,2024-09-09
0c5ae600-133c-4630-ac8c-bd21365deecb,ac197a0b-d74e-4200-9d46-a117ee8a63c4,BUSINESS,USD,41254.98,ACTIVE,2024-07-16
2cd4c227-79d1-4fd9-8354-c2f419cfd876,43a49983-818e-48b0-94c0-38e792f7142b,SAVINGS,USD,46831.53,ACTIVE,2023-03-15
2a56e4eb-9aad-4f0d-8888-13c412cad312,0043d026-f990-4f0a-a8af-42682c3e6e2e,BUSINESS,USD,19610.87,ACTIVE,2025-04-28
c3222902-97ea-42b8-955d-845225cdda80,cd8bc73e-9fee-41cd-9eff-e1ff449a0f43,CHECKING,USD,39153.86,ACTIVE,2024-06-04
0b792a97-52d6-4be1-8599-545a92b21126,85d9aff7-a909-477b-bdb9-5fe33122fcee,BUSINESS,USD,43349.23,ACTIVE,2025-09-27
f5c48b44-9220-4e6b-b2c8-eba32d2cf976,3fe41438-d67e-4392-b451-c4d6ef527f5e,CHECKING,USD,35653.1,ACTIVE,2024-06-29
76ca4acb-7702-4511-8ff6-02ab39c13971,1d1ece52-7c69-4e6a-bc61-fa36c4696cdb,SAVINGS,USD,46039.4,ACTIVE,2023-08-08
7b3df982-1dbc-4159-a749-028153509543,63b76b17-66c2-46db-9370-4959c8fb0946,SAVINGS,USD,20110.4,ACTIVE,2021-09-14
629ca685-2b20-48de-a280-0ad12d9ffeb0,b6bb8b14-40b9-43b9-8523-c5bbb09a3567,BUSINESS,USD,27823.1,ACTIVE,2023-03-04
561fff87-3876-4c09-83f2-d78d0682d38d,9b648a86-2cdd-4a47-a498-cb0df486dff7,SAVINGS,USD,40827.63,ACTIVE,2025-10-11
9533bb4e-39e7-4a7e-ac04-a07834400186,5c54e38b-3eed-4e27-88d5-e1cdec08df88,SAVINGS,USD,12289.9,ACTIVE,2021-09-13
be43ca72-9e72-48db-a0ef-3d4aae86c760,1ecc4c11-dc43-4ac6-82bf-4bda5d2f5b5d,SAVINGS,USD,47819.43,ACTIVE,2022-03-28
b21c58e5-87cd-4905-8912-8fc7d87a49b0,92af3ae6-f4b3-4e23-b969-bec3a5357d17,CHECKING,USD,11841.33,ACTIVE,2024-04-19
ca89a827-3a8d-4d0b-81fb-34d5fb7e3949,6167009d-ef6c-4c26-ac3f-ad3baa2857e0,CHECKING,USD,49440.09,ACTIVE,2022-10-20
af22a981-a2bc-450c-a37a-8d2a8956c493,61decddc-fb1d-46de-9910-b4153e03a390,CHECKING,USD,3451.21,ACTIVE,2025-06-27
6afed5f8-de80-4015-9d5f-7158994e14b6,ebe19a7e-ea80-483c-b81c-5344989fc1f3,CHECKING,USD,20731.14,ACTIVE,2023-11-21
3ae49b87-5c27-456e-b577-c9e1c0e2fd53,e0a9f803-7a67-4b9c-84f2-d2f3cb17ad7b,BUSINESS,USD,48894.41,ACTIVE,2024-07-25
5d0ffb91-0f8d-4cce-b937-9596d0b5be48,6cba35b4-bebc-4114-a768-5042700ebf03,BUSINESS,USD,45714.74,ACTIVE,2024-12-11
976a0c49-6877-4d3f-9159-606202dd2f6c,8e7d265a-6fdc-407d-a5d1-531be3a1ac97,CHECKING,USD,18520.61,ACTIVE,2022-04-09
ae36c174-e27c-4787-a620-5539c6f9be28,8d93d8aa-a058-46bd-bbff-c404b560eb6f,CHECKING,USD,46147.34,ACTIVE,2022-02-27
24636fd3-8c1c-42e8-9c3f-f454596a7a91,6ede202a-cbf3-4d1f-810e-e814e50c3450,BUSINESS,USD,24941.33,ACTIVE,2023-10-20
ac81f262-7dc4-49a9-8df0-fd2356919764,88c486ca-7eba-4519-91f0-64a3fd6e88f2,SAVINGS,USD,46464.67,ACTIVE,2021-09-03
f3af40bc-cded-44bd-acb5-153d535c00de,1ba8c3f3-7436-40a7-840d-b412e7a203c7,SAVINGS,USD,42989.99,ACTIVE,2022-04-08
da2c3c3a-c641-4fa8-b541-cfcd76b9ca2f,f150c1b9-b22c-4a2a-9921-c59f766953c7,SAVINGS,USD,8878.2,ACTIVE,2022-04-07
0c2ba95f-688e-4309-b3f5-42c170753d22,c5ae0c1a-2e25-4e6e-a072-d6f802b7c28a,CHECKING,USD,4571.79,ACTIVE,2024-06-09
d25ed816-99ef-4acb-b13b-3baadc8072d9,11a6fa39-7c63-46d2-b10c-06cdb8de5984,SAVINGS,USD,21657.03,ACTIVE,2023-10-04
8d0c4265-ce7e-474c-9df2-3f29b42db431,ed769109-b7e1-4524-b233-1cbaba81434e,BUSINESS,USD,31961.11,ACTIVE,2022-11-11
0583e04f-3523-40dc-8470-ad6fbc719477,41ed6086-c127-4390-aef2-fd2e288fc3c1,CHECKING,USD,4861.31,ACTIVE,2025-02-08
162ff335-2f4b-4749-ac60-3e4975b6ca4b,5e51202f-1d7b-43d2-a797-59c8c94a244f,BUSINESS,USD,26663.74,ACTIVE,2023-07-31
b2c6c27a-d8ce-4fb7-8899-0445bfc52a5b,2d31e47f-1789-4b19-b8d8-2a78046825a2,CHECKING,USD,39650.54,ACTIVE,2024-12-21
7d2aa275-2b11-4c9f-8e92-d3226c8c1bba,c8cdf1b6-1d35-400b-a76c-fc6c655fe5ba,SAVINGS,USD,19975.88,ACTIVE,2022-09-08
436fcd21-d0d7-4af9-b184-bcc522632422,3ff76387-2518-4366-9049-fd0b4dd00a47,CHECKING,USD,17409.3,ACTIVE,2022-10-18
f0b65fd2-e33d-4789-93e9-3d008e85b5e1,14eaf676-4eb0-4b76-98be-04707883313e,SAVINGS,USD,46435.55,ACTIVE,2022-09-25
95771ece-b8b1-4dee-8afe-7bbcc0b6c16f,5a09f018-2602-4725-8daf-d969f1dc90fc,CHECKING,USD,6443.25,ACTIVE,2022-10-03
f96a4825-d52d-4698-a870-ba71ff44b751,4d04e2bf-610a-4815-9cea-3378220005b2,SAVINGS,USD,31072.14,ACTIVE,2023-03-17
63bc3964-17dd-4be4-8ec4-3a47be324e11,039e3cf1-4eac-4dce-88f5-a59c508b63c0,BUSINESS,USD,39847.98,ACTIVE,2023-08-31
e94b8814-7250-45c8-9cb6-dff3133a99b3,f4566d11-c5e1-4b25-a1da-bc375185594e,SAVINGS,USD,42110.44,ACTIVE,2021-08-24
c31580f9-e1df-47ec-8773-edb24f5e7ecd,26de5457-e6fd-47e7-bf0a-246efff0944e,BUSINESS,USD,20624.21,ACTIVE,2026-07-02
1d850340-1fd6-4806-89ed-9c637e75a173,e189bb80-c198-493a-a185-0782c62258d0,BUSINESS,USD,9790.19,ACTIVE,2024-03-24
96cdf550-5d8e-46bd-a4a7-863dcf918c43,d47009c1-2a92-4c03-9abb-f8f0707a45c0,BUSINESS,USD,18680.02,ACTIVE,2024-05-24
163e8940-211d-4cc3-b4b5-d11beb7ca2a1,7ed81426-343f-4a20-aea1-bd77d74bde82,CHECKING,USD,24530.18,ACTIVE,2022-03-03
f469057d-4862-4d8c-9883-3702b26ea802,4aa3180e-591e-4512-8f71-36746482c0fa,SAVINGS,USD,36399.47,ACTIVE,2024-06-10
fbb33d37-d9af-4ba2-99af-3e2461994c0f,6bc25d87-1380-40b5-a598-40b5b2ae1744,SAVINGS,USD,42640.67,ACTIVE,2022-12-07
3dab0c26-8e3b-43ba-b223-10fbd2bc234f,a978f65c-3fef-49e9-9163-ebbf4f1785c4,BUSINESS,USD,23090.74,ACTIVE,2026-05-28
b7189d7a-9927-407e-b873-90d55d9c4edc,7764defa-3f4e-4b9b-ba5c-80d4895861b7,CHECKING,USD,17815.68,ACTIVE,2024-02-04
47bc61d6-f2ab-4fdf-aae0-c2d87ec982ba,736a9aad-1210-4a3f-a626-f1744f3ca2ee,BUSINESS,USD,9766.39,ACTIVE,2026-07-05
5e0bc34d-3980-4a13-9284-7511d19f9b91,613a24ca-0004-4813-aae6-3f3e8e92393f,BUSINESS,USD,5357.76,ACTIVE,2021-12-16
e3edb552-7d3f-4979-9455-f7fec0d5aabf,80402837-d29f-4337-a32b-9f56dc9d2ad0,CHECKING,USD,36369.36,ACTIVE,2025-04-01
8df6c82f-2fb4-4567-b701-a23efae89469,54a46de7-3b17-4678-924c-98880ce67016,CHECKING,USD,5533.71,ACTIVE,2022-07-26
b7d406d8-2fcb-4825-8f52-5f212f221054,d20bb1de-f178-4a28-9053-5b14a65aab7a,BUSINESS,USD,36192.0,ACTIVE,2022-02-28
779950fd-a453-4f37-a5e1-2f0daa2df4b2,4cc3c002-4e00-42da-8cfa-523fec55f076,CHECKING,USD,32581.08,ACTIVE,2023-01-13
113b28ce-0d04-4f59-99d1-3549f5c76bf3,abc4a1f3-a6da-49f4-92a1-a03b64136b81,SAVINGS,USD,1594.61,ACTIVE,2021-11-12
681ad04f-3b50-43b1-95c8-51a9aca28aa6,e694bfaf-2176-48c6-8f4a-d2dedc3f04ca,BUSINESS,USD,32355.45,ACTIVE,2023-12-28
7221f785-6a17-4980-b105-bf329df52fb4,1190dc5f-2396-4e26-9a95-6cdfeb9959d8,CHECKING,USD,32320.44,ACTIVE,2021-09-10
c7ce1f31-6635-4c01-bf61-735d15797450,944aecc2-da33-4960-be52-6fd2c635fd39,BUSINESS,USD,48336.13,ACTIVE,2025-06-07
265522de-0f89-44a5-a96d-b1d0df192617,246d5e53-b408-4acd-a8ef-dff9626bf6e9,CHECKING,USD,24224.63,ACTIVE,2023-08-18
6a656c32-4dfc-4346-acef-53322d405d97,59f2b363-2110-4482-9843-015053b0f6f8,SAVINGS,USD,37922.98,ACTIVE,2022-06-17
282767de-fc6c-40bf-96ef-586a81b1a535,d7426cd6-d4a2-4e81-bd0c-d3c5d03e2189,BUSINESS,USD,46110.89,ACTIVE,2024-12-03
c2d58538-7939-4352-ac37-23bad09c053e,42bd4b8a-d630-4803-bb18-67729b18ef07,CHECKING,USD,42180.09,ACTIVE,2026-04-17
a9cc5fea-70df-4786-8696-e863dab7eb8c,d236517d-451a-45d6-9209-72406f7416e8,SAVINGS,USD,45110.2,ACTIVE,2023-03-19
c64e0381-a63c-4f3a-938d-1dfe726f881f,3d1e6a37-5fa9-41b4-94fc-69945702c031,CHECKING,USD,32582.36,ACTIVE,2023-02-06
aae8a270-7d6d-4b14-b608-0205fb84e6df,65178f7d-62be-4126-b2fa-3a0f7b8382ab,CHECKING,USD,31059.14,ACTIVE,2025-08-29
5d0e4291-2fcb-471a-bf27-8143d0c5eeb9,31fd122a-0cf9-49c9-9693-56b42e77ea96,SAVINGS,USD,5005.39,ACTIVE,2025-01-31
5070ffcf-901b-4112-8467-9202f1c61530,96f19b20-929c-4a78-a013-6a21bd6eb7be,SAVINGS,USD,41595.56,ACTIVE,2021-09-23
60774495-cbc7-45f9-a03e-70cf2829e567,52e21143-2bec-4132-b4fa-649b76940181,BUSINESS,USD,13446.16,ACTIVE,2025-12-03
544a0cc4-e658-46fa-b1de-9ba765a2d7e3,595b0fe0-0ff0-4dd6-bdda-a471a68c827a,BUSINESS,USD,32449.67,ACTIVE,2021-11-22
6f02f817-e668-4431-8e84-39a75e33190a,7e10c6e5-8182-4f8f-abf3-a047fb5b3af8,CHECKING,USD,29450.48,ACTIVE,2026-01-12
c090d7d4-e690-455c-bbfc-294cb70d5277,49514f4e-1a51-4120-ba93-363de4f1710d,BUSINESS,USD,48126.49,ACTIVE,2023-08-11
9709809d-894d-47bd-a6d7-6878ba3fdf69,80c9cc06-6a03-4970-ba82-239424a43b2b,BUSINESS,USD,9736.99,ACTIVE,2023-04-19
424f7044-5820-48d0-b3fa-8866090c5a12,bfbc0d16-dae3-46aa-9951-82829b199999,CHECKING,USD,30699.29,ACTIVE,2025-07-08
35efa0b4-5cc5-4380-8b6d-6c76bce6170f,7804b535-b2bc-4f65-89e1-8ddb74abc825,SAVINGS,USD,3123.09,ACTIVE,2025-10-04
4f42a523-080d-4fbb-a740-b385c59dc353,d7c9e89c-72d3-4105-8712-bf11a4213119,SAVINGS,USD,5133.17,ACTIVE,2025-05-17
832642b8-00bd-400d-a0ff-3be100a38c51,60b53055-d39b-4175-905f-966c0e328841,BUSINESS,USD,34884.3,ACTIVE,2025-05-09
57b32e9e-bae4-4ab4-9b70-4e6cb39564d9,aef6e603-5c6e-44b8-bb4c-9fe209ed2e34,BUSINESS,USD,3305.43,ACTIVE,2023-02-12
b2bc4969-16e8-411a-9dc4-8abcd87b238d,a4e34c54-b297-4490-befe-210d38a5168a,CHECKING,USD,11317.72,ACTIVE,2026-04-23
e40fb60a-f9a2-4749-8224-6bc1e0e08464,82d2e28c-2b8f-4513-8122-dedaabb87390,SAVINGS,USD,23969.64,ACTIVE,2025-05-14
57634ee3-76b3-4642-a8ab-62972d8d1d81,d6cecdfe-8682-4ce6-a204-50449354417b,SAVINGS,USD,30921.95,ACTIVE,2025-07-23
b3c56d77-939d-46be-a483-67f5f4fdd6cc,2413e2da-14f0-4cc4-bcc9-60c729e54daa,SAVINGS,USD,29557.53,ACTIVE,2023-05-09
71294d2f-d452-4c07-b498-ec12068449dd,3666216d-f288-46d6-8ddb-39d134801638,BUSINESS,USD,40130.65,ACTIVE,2026-02-18
25d1d6e5-5619-4b8c-bb83-fec838182d22,1e484326-7b0d-4c84-9073-fb062abe918d,CHECKING,USD,39058.5,ACTIVE,2023-02-20
d379e027-d8cd-434d-83c3-725f5088c9d8,d07f4bc6-85d9-4cd5-ab78-0b7d47990880,SAVINGS,USD,45049.37,ACTIVE,2023-10-11
79f241d3-7087-406c-9390-e9075a9c63e2,6f25f9a6-c76d-4756-8ef0-62b07e044a9e,BUSINESS,USD,39837.85,ACTIVE,2022-01-03
d57055c4-079f-48f3-b2c1-2eb9fe373744,03976332-bff8-458c-b150-a2ce90521b1e,CHECKING,USD,17105.55,ACTIVE,2024-04-17
52ef5906-7e47-4c21-b3e9-e8ede3a3a839,f9ec1096-9f5c-4466-a440-a0137922684a,BUSINESS,USD,35965.15,ACTIVE,2025-09-05
04f04733-3b65-421a-a9c3-f8aeee4180c5,32244d6f-59f2-4513-8882-5a3b96dad88b,CHECKING,USD,40818.74,ACTIVE,2024-02-08
ab981a2d-b3e0-481a-bc2b-0e2851315815,cfd19323-a1e0-484a-a932-d8bad6120035,CHECKING,USD,25288.41,ACTIVE,2026-04-30
ef4b3c4b-1a01-4410-838a-d36a00ca5694,04de88eb-16c9-4898-ab8e-eac5c2ec1248,CHECKING,USD,40272.16,ACTIVE,2025-12-29
8ad78e70-9225-4e73-86eb-51cad0695ccf,887116e8-db0b-4b8f-8704-061f13aed74a,BUSINESS,USD,45960.86,ACTIVE,2025-07-10
236af670-3308-4750-8e88-4bb8bb61a976,e2f4c5a3-4e9d-4c3d-ac48-09dca5620b93,BUSINESS,USD,23413.93,ACTIVE,2024-05-19
2c3cba00-4379-466c-8152-aa6265a2651c,c7652ce1-704d-45d8-802b-ace81aa48d7d,SAVINGS,USD,825.94,ACTIVE,2025-01-29
4c1d5297-0db0-42e5-ae80-a8c4b4c90c93,d7093b04-f990-4a36-b43b-4fc984c7a08b,CHECKING,USD,8595.52,ACTIVE,2023-01-20
b98ce5f0-e100-46b0-a542-312da3c22399,4086d3b5-11e1-4f76-b4ed-5f3a8da09d7a,SAVINGS,USD,43544.13,ACTIVE,2021-09-20
a198dba6-bef7-4b6b-9643-b95e1c4be4a3,4cbf48c7-c6b8-4c67-a28e-35fb8aa20a71,CHECKING,USD,32228.74,ACTIVE,2024-04-26
fdc9b51f-43de-4b64-abf6-423b213fbefa,c7beec68-3bb1-4101-9be2-37afb9d8ccff,BUSINESS,USD,10066.89,ACTIVE,2024-11-14
80cea53f-8c10-4a8a-91c1-b0e78ebeb7ff,c8d81c34-f1ce-451c-b0a2-11be1d3bdff4,CHECKING,USD,1176.56,ACTIVE,2025-08-27
18abd94f-8ccf-4d3d-9163-25f71fb0d081,1ac52879-98fc-4f95-a410-2b4c047bcfd8,CHECKING,USD,18724.9,ACTIVE,2025-01-13
0192e9b6-12d2-40f7-bbd9-9d7e0981dc8b,58442c1d-6d4a-4998-8a76-1bdb7f3ba5e0,BUSINESS,USD,10830.39,ACTIVE,2021-09-29
04c01436-a2e1-4895-9218-4691ed0144a9,8cef6d88-7da2-4e87-92e2-e7957832e66a,SAVINGS,USD,40128.48,ACTIVE,2026-05-12
e3324ca9-84b9-42ff-8a12-efef49815dde,ebf90975-c55a-46d8-bdad-c7258d4350c0,BUSINESS,USD,45928.04,ACTIVE,2024-05-05
d1052023-4ac9-43a5-be52-1bf7f40e6a2e,7396a744-21db-41df-bdb2-7f67a51e3746,BUSINESS,USD,3720.5,ACTIVE,2023-12-02
89f08aac-0c9a-45a7-a61f-6e31563bb314,da82acc5-ecbe-41dd-a87f-1a07a04af354,CHECKING,USD,37445.75,ACTIVE,2024-10-07
d409cecb-5ea6-451e-8aff-08377da641cc,90c257b9-e775-4fb2-b164-e88ab01de421,CHECKING,USD,25010.08,ACTIVE,2024-08-01
5f96bd76-d352-4622-97e2-d72cc63f1449,88a67c55-d637-489e-bb43-d1e66c6cc1e4,SAVINGS,USD,6290.74,ACTIVE,2024-07-18
304162d8-3822-432c-95fa-1a41e76f0065,9098acf0-8005-44ea-b377-919427de446c,BUSINESS,USD,16256.56,ACTIVE,2025-05-04
c597e5ef-acad-453e-a6fc-4987314dfded,1bd71e5d-4e74-4e06-ba38-2f6a64146edc,CHECKING,USD,48042.7,ACTIVE,2022-10-10
8ff3946f-57d7-45a1-8453-1ac1ac3f9d07,915a2097-e16c-4b84-8937-1f422d6b5d84,CHECKING,USD,9410.88,ACTIVE,2025-09-26
a6e71ddf-7c07-4d5f-afae-77c2072e3e69,d2a80aa6-7196-42d0-9087-346f78fa69c7,CHECKING,USD,17393.94,ACTIVE,2022-11-23
f8bf0298-1322-4fbc-b614-e03d62a99e32,6c5f0bc5-0274-40bd-b19e-692038e68765,SAVINGS,USD,33700.07,ACTIVE,2022-03-24
94db36ac-ed20-4219-81ce-511ccdb5880e,62c0abec-a2e1-4d0c-8736-29edeced938f,BUSINESS,USD,9779.83,ACTIVE,2022-01-01
c917b0d8-3400-4368-b40d-3b741cb34eef,8a31ac7a-ae3b-4c68-850a-ae77430c7ee5,CHECKING,USD,22330.48,ACTIVE,2024-12-05
ee11fe16-eeed-4e1b-b601-18f2bb977831,3bf3b9be-05e9-406c-a493-f9d5987efbe3,CHECKING,USD,27116.83,ACTIVE,2023-10-11
46345c75-a71e-49e4-b4ee-12c274a7d96c,1c27242c-817e-4804-861b-8cda214f3b88,SAVINGS,USD,26473.52,ACTIVE,2022-01-29
4fbb4d16-68ca-4924-942e-20863553e9d9,9d17021d-3ac1-4562-b02d-7fff25ae41d9,SAVINGS,USD,20955.92,ACTIVE,2024-01-28
adb55cf8-02c4-4075-b7f1-445b9c86539a,cb79909b-9c89-4586-9279-ab709d035ef7,BUSINESS,USD,36728.28,ACTIVE,2024-12-24
f1450c5b-6307-4f1a-bf1e-6033de9bf92e,f2bc19cc-d74a-43a1-b7ba-cde4602e4d0c,CHECKING,USD,39102.32,ACTIVE,2023-08-19
cd919851-cfb9-409a-ae9b-df7cd485595e,33520a43-e27e-4555-92df-023d7f3b7a79,CHECKING,USD,23990.98,ACTIVE,2026-01-17
0252f496-45f5-48eb-a18b-08a0876ded84,ccbcb141-e832-4db4-a01e-c070c8bbb4d0,BUSINESS,USD,49596.33,ACTIVE,2022-12-30
3707b9cb-53d0-484b-a1fc-c83fdfb0c6f6,6e34abcd-4d9b-4f79-b218-9371c38605db,SAVINGS,USD,30570.66,ACTIVE,2021-12-22
39a86ad9-1e60-4f57-b862-1be72ad2ed48,b6349562-b25c-464e-9ff6-2581f446ac4e,SAVINGS,USD,7402.21,ACTIVE,2025-03-14
4c40b0c4-c52c-4599-aaaf-a7e10221b3a8,78e4eae4-c785-4a13-92ef-9c16db540b44,BUSINESS,USD,41193.8,ACTIVE,2026-05-09
4ff60e97-275d-4a80-a016-48d31d410ba9,a49357bd-d534-46ad-8adb-3d615dea9672,CHECKING,USD,21759.11,ACTIVE,2023-12-30
1dafe95a-13f8-4b9d-9992-22800b7f876d,67a8f26d-2924-4f95-99a3-fc6e1e7810e5,BUSINESS,USD,22765.34,ACTIVE,2023-05-21
e55f08b0-17a2-480f-a6a0-17e021e271b4,65a65852-e07e-4443-9cc5-d515e7d3a8a6,SAVINGS,USD,47247.88,ACTIVE,2022-11-25
a98ec796-1d55-4526-9132-bf996208c7b4,7fb78c5a-f564-4003-a938-38d0e742b106,SAVINGS,USD,35101.1,ACTIVE,2022-06-22
4c60509e-86cf-488c-9422-b7f594b86a61,349f6d4a-86bd-43db-b912-97f8f95ac0ff,SAVINGS,USD,25810.83,ACTIVE,2025-04-25
0ddd70d2-0fd8-43b9-90a9-fec874188861,a8467c31-16fb-40d7-a03a-d0212ce5ddcc,BUSINESS,USD,20941.14,ACTIVE,2025-01-29
2b76e913-58d0-4efe-ad80-3492294b4f80,90039755-fd00-4031-a61e-c7cb941608f4,SAVINGS,USD,6809.97,ACTIVE,2023-04-10
c45f0688-4c1a-4e7c-bd20-be13b739f30e,290223c1-9aca-41c4-a1f9-1b501f66ff41,SAVINGS,USD,47988.99,ACTIVE,2025-07-13
f4678d7a-396a-454a-b933-7a3a49c4c778,f0de11b6-5b0a-4dd0-8132-79db5f0d1d15,CHECKING,USD,8109.3,ACTIVE,2022-08-20
9136a93a-6efa-4755-b823-568896b32e8a,89fe9f35-8218-4226-a171-271b8fe233f6,BUSINESS,USD,22620.33,ACTIVE,2023-01-02
1539d528-92f1-4268-acdf-a6c52e059d52,c6098ee7-89ad-44db-8223-d653229e4f79,SAVINGS,USD,33843.74,ACTIVE,2024-03-25
f8e5e71c-2f27-4cd9-b74e-18ff453c3c43,f521babb-af86-47d5-83d5-4ed14cb04d02,CHECKING,USD,47748.58,ACTIVE,2022-04-24
5e4ba1ca-c380-4066-83a2-9cd47fd1fec2,fc09fd67-f7d4-461b-8b4b-f93a9cb57166,BUSINESS,USD,17644.01,ACTIVE,2022-02-08
c8db9ad1-345d-47a2-be4b-95dce5972839,a8ddcbbd-5e40-4656-9013-867dc1d64f6f,CHECKING,USD,275.95,ACTIVE,2023-04-24
a0edb609-2814-4fde-ba21-b66a87fc9f6f,356488fd-9603-4b92-a253-abca2b8f3754,CHECKING,USD,13169.52,ACTIVE,2022-10-15
6d889479-7074-4ed6-a9eb-a52c6b89087d,56e7a95b-b19b-4d53-b4cc-275de8b9f908,BUSINESS,USD,45012.04,ACTIVE,2025-12-15
985aedba-514f-495f-a5a8-bb4de4e83740,4fadbb7f-ba46-4752-b3c6-df4f71343839,CHECKING,USD,15955.16,ACTIVE,2026-03-26
3c1c614c-5448-408d-a391-9d568f271d3d,176f67a7-e7bc-44da-ba03-08dec49f1fc5,BUSINESS,USD,20731.72,ACTIVE,2023-12-17
50da0749-cf56-4b4c-81a2-4c648bca6ee2,5ce43112-5f5d-4470-bf3b-1ab158223693,CHECKING,USD,37133.87,ACTIVE,2025-10-06
759945cd-034b-443e-9e0d-8ef2076abc3a,d80a0a51-d669-4659-9f08-cfe24c7aef57,SAVINGS,USD,15926.65,ACTIVE,2024-12-19
d7cfbc8d-9798-4baa-8ce1-f9b6bdf5c226,f2ad5674-6fa0-4623-afac-956c94495044,SAVINGS,USD,36538.77,ACTIVE,2024-07-09
a70d4843-79be-4a85-a3d9-508eab9c0bb5,0ef53d3b-23c2-4884-b485-77a08b3af16b,SAVINGS,USD,36073.76,ACTIVE,2025-11-24
aa52248f-04b6-4f2a-a3d5-e2b363c9bc8c,c777187b-f6b4-44ba-9cdf-18f131bc62b6,CHECKING,USD,12199.86,ACTIVE,2021-08-05
9d3f9132-dbda-4ecc-8d8b-8a23e993f318,77245aa6-4611-4063-97ff-c40873371dcc,BUSINESS,USD,23923.01,ACTIVE,2025-11-02
597178c7-a3fd-4665-b76f-05ec01c0f4d3,3de6a88d-1714-4bfd-a11a-5a98828588b5,BUSINESS,USD,15948.79,ACTIVE,2026-02-23
c583b1b5-389b-453a-bd62-4df9a011bd94,66891149-0450-4032-82b8-cd8d8d02d8e1,SAVINGS,USD,4975.19,ACTIVE,2024-09-07
301458cc-5d6a-4e6b-bc81-2ed96370e69f,aab30525-a744-4fbe-9240-caedd05119ce,CHECKING,USD,31405.03,ACTIVE,2024-02-14
711d1c71-458e-4f4b-9935-f21d6edd0b8d,e3c69228-5b7f-4e27-bda5-0884035d651c,BUSINESS,USD,12273.24,ACTIVE,2021-12-04
4f43d37b-0c7a-4ae5-a5aa-b310fa962189,a340a197-84b7-4e8a-84b8-d650e34280ea,CHECKING,USD,21986.91,ACTIVE,2022-12-02
b05079ca-3948-40ea-9c26-2cb547ea23da,020639d1-4dd5-4a76-8d9f-c322a7a13fdc,CHECKING,USD,7024.46,ACTIVE,2025-03-07
b3fd754e-2574-4151-a9bd-7ef979c9d2a4,a3d72a03-15cc-4566-b98c-f527e75ab4da,BUSINESS,USD,4698.06,ACTIVE,2026-06-30
e543b5aa-7413-48aa-9522-b2277130bbc9,92853f30-f3c9-4c9e-8dc1-c795990225dd,SAVINGS,USD,43303.65,ACTIVE,2023-03-11
dfdd04a1-043f-473a-bbcc-f60b207d126d,46e55654-4e1f-4394-ab44-d5f1b53ef0d0,SAVINGS,USD,8301.3,ACTIVE,2023-08-23
50e117cc-01b2-4785-b8ca-c63bab031124,8b0fa0ff-cc96-40cd-b901-f07273e81dee,CHECKING,USD,40211.25,ACTIVE,2023-06-11
7f840165-7547-41f6-8b80-d85b364b5d33,77fa2f14-7572-483c-86ef-09455fa3fae3,BUSINESS,USD,24598.33,ACTIVE,2023-06-24
a1cd56de-cae1-4c00-9744-0c42e864ef20,fb9c9456-61ec-46a2-bc1c-92c310f62bd8,BUSINESS,USD,13845.15,ACTIVE,2025-02-05
e7efec25-5af3-46e6-848e-93904193b84f,508f8ec1-c8e4-43aa-ad14-44ae6993db48,BUSINESS,USD,44348.25,ACTIVE,2023-04-19
37b1aead-87c2-496b-8676-f74301c77258,ad88cb13-d1b9-4da7-8f0c-78472b77752f,BUSINESS,USD,28716.03,ACTIVE,2024-10-05
00d25082-bd42-4360-be03-a69d232033cf,f1412b99-59e1-4443-8a3e-016cbfe4a357,CHECKING,USD,35638.38,ACTIVE,2022-08-08
f9b28165-eecb-4dcf-a4d7-626fb5b6f1f6,c5202a3f-31a8-48d6-8cee-941be9ec8449,CHECKING,USD,47537.79,ACTIVE,2024-12-01
d3bc58ed-4c48-43aa-b422-a4db7a7d6e24,14954d9f-0a6d-48bd-aaca-62650719342a,SAVINGS,USD,39713.15,ACTIVE,2026-03-19
a03d947a-73f4-411b-89ed-20ca0f45435b,cc1fed72-93be-482a-9f11-04ce4f90ca76,SAVINGS,USD,40876.3,ACTIVE,2026-05-03
7fc6ffa9-d6b8-4427-b71c-246a1b8053d9,7a13c50f-ea8b-434b-a091-4d1445b4180f,CHECKING,USD,4074.55,ACTIVE,2025-10-24
3a3a6064-dc50-4673-82c1-178a4da18d8c,adc7472b-6b79-489c-9b7d-d1063b323f88,SAVINGS,USD,441.42,ACTIVE,2025-12-04
ac34bc48-7437-444d-af31-360a47d5d97b,6aa02e7b-691b-42e7-98f8-2d97cc82d2ab,BUSINESS,USD,36184.14,ACTIVE,2022-02-15
74debf2a-9c30-4f66-8e59-3e5314241e8e,8656059f-ab41-418d-b161-ee9f3cef0dd6,SAVINGS,USD,12715.1,ACTIVE,2024-09-30
3a4ce3e1-9736-4ad8-82bc-3eb548b2acd2,acadfaa4-8398-4b67-8ab1-eb8826e590aa,BUSINESS,USD,35094.4,ACTIVE,2022-02-11
d2c88824-75ad-4d16-828e-d0953dc3ea83,e88f9bb2-4aef-4845-9f37-07d23fe4804d,SAVINGS,USD,29718.69,ACTIVE,2022-08-15
c7eab12e-e2b3-488d-88a1-5e92f2b0816d,c462b8af-5064-4b3e-b291-bd4120479e76,SAVINGS,USD,11204.93,ACTIVE,2025-10-31
6293d375-bc81-461e-9bef-cd7e3de09f48,bde37231-d6e8-4b25-a071-108f18e83ac1,SAVINGS,USD,16216.95,ACTIVE,2025-07-06
b605c60a-c47a-44b9-9c64-47d92db1ca70,dfdf8215-4b88-4677-a8bc-1a6adcffa25f,SAVINGS,USD,25343.95,ACTIVE,2025-05-30
5206c1d6-cdcc-4f66-9d1e-69aa12efb184,ad7c8d5b-3ed6-48b1-83e8-af8f2c9a2cb6,SAVINGS,USD,46949.67,ACTIVE,2024-12-18
8dc272e4-311b-4b67-92ee-a37825296123,39ec7ab9-8303-4999-b537-ab84acaa9a7f,CHECKING,USD,43915.27,ACTIVE,2022-05-13
607014ca-cd92-4762-a54c-9529127abe43,d29a62b2-6f2e-49ed-a43e-e86a322eaeb3,BUSINESS,USD,45191.8,ACTIVE,2022-11-21
d6ef8b02-40e4-46b0-bd6e-ff20dc9a9981,e2dfff11-d53c-4477-a0ad-1b4e39024138,CHECKING,USD,22362.5,ACTIVE,2022-08-31
1717b2b7-248a-4fe7-b48f-32e7c52215df,3bac1121-2b42-4960-97f2-18dffad8d787,CHECKING,USD,38586.36,ACTIVE,2022-05-03
e99a7cac-7787-4073-b74d-ed96b391dc5c,5433b11c-be95-42c2-986b-45a65bcbd9a9,CHECKING,USD,27515.2,ACTIVE,2025-03-03
d24734b2-de6b-4e2c-a711-33aa6f9193e8,01a5cabf-6f35-4d1d-9ac6-2a85a3d2ef88,BUSINESS,USD,34881.83,ACTIVE,2022-11-07
3cd4c034-cae2-4ba0-bfa6-1693825f0979,05225772-945f-4b00-b730-b5261fca0ed6,BUSINESS,USD,46735.24,ACTIVE,2024-01-04
d8e1153e-90e2-4d49-8b46-f7f5d582173a,a51b0b31-16d4-42af-857d-471adb60996f,BUSINESS,USD,45597.08,ACTIVE,2024-08-06
729a59fd-b130-49fb-9ffe-d13396c9be1d,debc8aa7-0b98-49ab-ac14-d08bcc910f4e,BUSINESS,USD,39540.56,ACTIVE,2026-07-02
83ebc0f4-db48-4539-a608-14c5df706536,41e9602f-4314-4641-a0d9-150d17562052,CHECKING,USD,15722.13,ACTIVE,2022-10-29
2edbb333-319e-4128-8dd6-d0f4a4680107,f8f5fd05-ecbc-4e2d-9c67-51517238ec71,CHECKING,USD,38482.19,ACTIVE,2022-06-21
91868bb1-5447-4110-aaa6-354d5fd58523,4dc855e8-a8f6-4090-8477-08b6ebe20b81,SAVINGS,USD,18427.32,ACTIVE,2022-03-22
b42067d9-d9b9-408e-857f-b378e260044d,9369b989-2713-4059-a537-27883e658935,CHECKING,USD,17766.83,ACTIVE,2024-12-23
1fa6f631-1eb1-4116-9815-9d59dc1c3c83,ec57b430-568e-4d49-8d89-e91854470136,CHECKING,USD,40270.84,ACTIVE,2021-07-25
c9987fc2-4119-411f-88a7-d089f3f1b44e,f5015030-7bd5-472e-9168-cdbf87eff9bf,SAVINGS,USD,44345.8,ACTIVE,2024-08-16
507db6d1-e34e-4c61-b80d-48963167f07d,cf30c891-31ce-400b-a588-b2bc4ddf8e48,SAVINGS,USD,49687.2,ACTIVE,2023-06-20
ed233bae-92fa-49f3-a808-bd0d1b6a86eb,65c5edfa-1cfe-449b-bceb-1bdb2a491281,SAVINGS,USD,10618.18,ACTIVE,2026-04-19
2fac1f20-bc10-44d9-a4a9-0045d43f5d07,055cba87-2a81-49aa-b19d-919ea53340fd,CHECKING,USD,27036.47,ACTIVE,2024-06-23
cd40c18a-3176-4f20-880b-0ec9b51c9826,a68e4ebf-bd56-4022-981d-91c318e15e53,CHECKING,USD,2690.3,ACTIVE,2022-09-08
f86a61cd-b540-41b9-9cbd-a89cf0c2e845,4d714b8e-46c3-4d07-afd4-a383bc50fa53,CHECKING,USD,27891.68,ACTIVE,2023-12-21
d00f526b-fb02-4d39-afdb-03e89b240278,2c6e8665-7d6d-4caa-9512-f0424e76e6f2,SAVINGS,USD,21345.47,ACTIVE,2024-12-01
7cf1cfcd-7012-434f-87c3-34805debf99b,a0ec95fc-047a-4351-901d-9a41206b4c80,SAVINGS,USD,22705.66,ACTIVE,2024-05-05
c893bc12-39f5-4f89-8541-167179336e4e,6a278c1c-2a3e-4d92-b2dc-2305c221d84b,SAVINGS,USD,27138.34,ACTIVE,2024-02-15
c5c9eafe-5173-4294-b4f6-d8507988acad,7082e36c-679d-417b-bff4-047f7f39a56f,CHECKING,USD,36744.83,ACTIVE,2024-12-08
b93dfd07-0c59-457c-b559-69ec15ad5478,2fbed0f2-02b2-4ac6-8b35-0a7e9b5bfddb,CHECKING,USD,28058.62,ACTIVE,2023-11-29
42fb820b-308f-4081-9013-df8c3ddc2046,0c11a413-4d37-42af-9a66-7c71a189485a,CHECKING,USD,26204.66,ACTIVE,2022-10-09
0234b0e8-f1d7-4c67-8333-1b325416daea,d574caac-eb3c-4215-9f63-ac345dc99c1c,CHECKING,USD,19162.81,ACTIVE,2026-04-09
c24a1263-bcd1-4352-a0d9-9fbfad9ad08c,78f038db-ea77-417d-98b1-d83e572c3fbb,SAVINGS,USD,4058.28,ACTIVE,2022-12-11
32581915-fd89-4614-9681-31cd20df5c83,bb2976de-db46-4d06-b6c5-af9b8c99a733,SAVINGS,USD,490.33,ACTIVE,2022-04-01
5d3d47a8-7493-4f74-8e7f-adca0257afa6,447d7659-8684-4f52-b268-635e4dc16f8f,SAVINGS,USD,11447.21,ACTIVE,2021-08-01
4e1d7e76-77de-4139-9aa8-501f23c3dd99,3342eece-75f3-429c-aa7d-8ddebf9048d8,CHECKING,USD,40798.36,ACTIVE,2022-08-10
9e6d35f5-a0d7-4ddb-8cbe-2553a04479b0,96f14140-7b84-4831-a85c-d95ffebc7023,SAVINGS,USD,28527.27,ACTIVE,2022-06-23
0119032b-8392-4cfc-95d1-09760a0a587b,431aff40-8138-4787-866d-a8bec469a45e,SAVINGS,USD,14074.55,ACTIVE,2024-05-05
cd4bc7c4-6ad1-4eba-8569-8c02b129c32b,c741019a-fe60-47c9-93e4-cf1a00c0a725,CHECKING,USD,5021.65,ACTIVE,2023-02-22
98bc9c8a-98c4-4217-abc6-db336bea4c47,83852329-3102-4ac8-b59d-6fc193e9bd90,SAVINGS,USD,8341.6,ACTIVE,2025-02-18
2713a0c5-5753-4092-8588-47880df8e175,10a88c2b-8ad4-4fd2-b82d-371fce0446f8,SAVINGS,USD,5850.61,ACTIVE,2026-04-02
ec3d6c39-b616-4bd5-8847-efde07ab4185,29949962-b504-44ed-8f98-cce354b62ed0,CHECKING,USD,12953.35,ACTIVE,2024-07-02
2d5aa5d4-b2e6-4702-9e34-8d7595dc4e83,728b01a7-5b68-40c8-9ebf-ddd21bd6adce,BUSINESS,USD,41008.76,ACTIVE,2021-09-11
07bbbd17-f0fc-490e-b47e-6c9dbdc30c4d,0d3103fa-30f0-4ada-80de-9f9e089c72ee,BUSINESS,USD,47719.77,ACTIVE,2023-11-22
dc62364c-5ea6-4d7c-ac74-03a67bc50d4c,9bdee9bf-6da3-43e9-a41b-b530a8028053,SAVINGS,USD,21428.84,ACTIVE,2026-03-14
6d8ee797-4a69-4b84-84db-43b611d7153f,f54e5b55-b705-4dd6-a570-c6d3c340aba7,SAVINGS,USD,10411.46,ACTIVE,2023-10-03
db638a86-0f7b-4e60-97c0-b0b953b9df63,8d9c9a93-df9f-453b-9448-d1a4477d14f0,BUSINESS,USD,40554.18,ACTIVE,2024-03-11
2a165ed4-5011-405a-a999-e8dae973328c,aa69536c-43b6-476c-a217-239dcbb65072,CHECKING,USD,26615.88,ACTIVE,2023-05-21
a192298f-8315-4430-a6a6-89f357a93b80,bd035dbb-efb0-4f23-9311-b45ea979d8f7,SAVINGS,USD,37956.76,ACTIVE,2022-05-16
c9a05455-2b64-400c-b42b-e721a153ad53,5b07f582-a628-4f96-9a0c-6284173f66da,SAVINGS,USD,541.94,ACTIVE,2026-07-03
2ff8d7ce-405d-452b-886e-4aeb162749eb,49802b98-4342-486b-912c-63b3aad5d48c,CHECKING,USD,38832.02,ACTIVE,2022-07-07
ddd59f99-bfc3-4282-acf2-cf4f95c8e86f,d3f6c7ba-0119-4267-9b74-2da1c64f7f9d,SAVINGS,USD,34592.29,ACTIVE,2023-06-15
e0fc0bcf-f8b7-45dc-9c78-3cf67c3c9874,24c9ac14-cf63-40d1-a0cb-35fb0302fd12,SAVINGS,USD,21574.94,ACTIVE,2025-07-28
e1f017b1-656a-4e1d-a351-e201a3fdf25d,c4ee5162-5f0f-4634-a075-95cb9b19687c,BUSINESS,USD,46267.13,ACTIVE,2025-03-06
7fdf2eeb-d662-49da-b791-93bd0fee9ef3,388ec1e1-99cb-4de1-b2da-78da41ee22d4,CHECKING,USD,7669.81,ACTIVE,2026-06-03
203b3c11-f81c-46b3-91fa-309820c347c1,481152e4-64e1-4601-9ec4-8885d297e3f3,SAVINGS,USD,22938.65,ACTIVE,2025-08-12
5e63017a-a7cb-49e4-a49c-3dd65ae2872b,64bfe5d3-c816-492a-9ef7-4057629e0e5e,SAVINGS,USD,37011.4,ACTIVE,2024-12-15
d01ae380-12b1-42cf-84a7-8f0bd0bc7936,5e18e63d-d674-4930-a05e-963b1c9d2c90,CHECKING,USD,6612.88,ACTIVE,2022-08-25
8ebeb6e7-b46d-4f9e-8a38-3aa8b4338343,9aa808be-d7d5-4f6a-b361-41ecc9830d69,BUSINESS,USD,42352.34,ACTIVE,2023-05-04
feeb55a8-795c-49b0-a801-e40871240f15,a8ff9b6c-38b2-4f8f-9a3d-9cded1463677,CHECKING,USD,17308.93,ACTIVE,2024-09-01
c5453b5a-d0d5-4f00-8d2e-b1b23bf361f2,33d9dae3-75b0-4b12-878c-e8d35447361d,BUSINESS,USD,14153.65,ACTIVE,2024-03-20
f8201473-e85e-477a-ad14-13923ac208f4,d54a65a4-76fd-410a-89f8-71294b64e9ef,CHECKING,USD,32792.63,ACTIVE,2022-11-18
a250a6b4-ab05-4a65-a316-de71788e513f,b72c494d-b56c-4265-bcc4-cfd0f26e6f35,BUSINESS,USD,44001.0,ACTIVE,2025-04-12
7af18d9c-39b6-4fc1-8116-30accb67b94c,730f2ee8-d2e7-4646-ad7f-5bf0dba0ba64,SAVINGS,USD,18639.03,ACTIVE,2026-03-09
0333812a-a158-49c7-9cdb-18736aabbf42,8be4c914-2d0f-422e-9344-fc9f87467261,SAVINGS,USD,48867.92,ACTIVE,2026-05-17
adb57ed4-967d-41ea-8d6c-358f0f950ded,93765111-c155-446f-852f-5cac5fe9e705,SAVINGS,USD,34005.7,ACTIVE,2025-07-12
faa6372e-89e5-45f4-8dd0-de566ff94ff4,4648a590-a1ec-4cd4-b4ab-4aa9214ebfb5,CHECKING,USD,41266.51,ACTIVE,2023-09-08
b70726fb-932a-4f3a-98e9-0d0113982745,503bd47d-f5d3-4471-ba3a-3329eccf8e9d,CHECKING,USD,39332.73,ACTIVE,2022-06-14
0193d7fb-c1cb-4208-91af-54a9c8c49d59,c6c04d95-9119-47b4-b03b-bf921e53c37a,BUSINESS,USD,31058.99,ACTIVE,2025-07-13
cc8c9abc-2eb1-4ef8-8847-1109841969ad,43f79a69-6a4a-402d-a00f-4750aa46ebcd,SAVINGS,USD,24338.83,ACTIVE,2022-03-30
16a120c1-fffd-4106-b9df-38b24a6c9b41,200598a5-96e2-4510-a115-a2285c202bcd,BUSINESS,USD,46225.8,ACTIVE,2024-01-27
7749740e-1ca1-43e8-95ae-c280047f6571,72cb5093-8833-42f3-b86e-eda35316ff2f,CHECKING,USD,31957.14,ACTIVE,2025-09-21
6f9facab-f6a3-4684-b262-287ee74fc71e,f69c59de-4a2f-422c-93d5-94b14cc2baac,CHECKING,USD,23480.37,ACTIVE,2026-04-02
84c49682-54fa-4a2e-b31d-a4f9919809bf,df1a9da5-5a23-496c-b371-b27448486163,BUSINESS,USD,22822.11,ACTIVE,2025-11-18
41b2c19c-f4f6-4961-871e-f0b4d209a6d1,12b1c50b-df05-4b72-a97f-7ed4dbae0bc4,BUSINESS,USD,21154.52,ACTIVE,2023-07-11
7d0ac130-ecbc-402d-a2f2-528615dc70fe,a6a2bc04-32f8-4c79-b712-15ba64599488,CHECKING,USD,3282.55,ACTIVE,2025-12-07
5e3fc7ec-5602-48cf-8cb3-f56be3f61130,f1e94a88-e5f8-4b46-aaf8-07b64795f997,SAVINGS,USD,23988.39,ACTIVE,2022-12-01
b65a16c4-9138-41a1-960a-14c36485c27c,62404a14-b19e-43f6-b5df-49ec41becbb7,CHECKING,USD,6648.79,ACTIVE,2023-12-13
e3d8b48d-1763-413b-8cb0-8cfdb25204ec,9cc85b35-63da-49a1-b8a8-55a86bd1130f,BUSINESS,USD,10360.31,ACTIVE,2026-06-16
b4324ad7-9ffe-4e6d-baf5-3e2424362047,b4a3f11a-4ac1-4d9a-b208-9a861f66148f,CHECKING,USD,24577.26,ACTIVE,2025-10-24
60a1b284-1014-42a0-9223-7ffa7eb24d8a,79f43c45-368b-4944-ad18-720307b9556f,BUSINESS,USD,26336.77,ACTIVE,2025-01-29
2254f4cd-9dd4-4b53-953f-6e8887dc5304,64f33d05-8f54-40bf-ab30-48eee52d6f6d,BUSINESS,USD,5830.42,ACTIVE,2022-08-22
d995793f-6f85-4288-a65a-a175ad41c19d,6d8474c8-bfe5-4518-b04f-f6064e0d9929,BUSINESS,USD,4924.35,ACTIVE,2022-10-14
ef35857c-8e0b-4202-a130-b634dff87999,0abceeb5-68c1-48a1-88ff-3c82be15c312,CHECKING,USD,45465.44,ACTIVE,2023-09-08
09f9115e-5d51-4ce4-825c-c26e4339f894,04068ee2-d133-4861-a509-3d52209e2940,CHECKING,USD,25803.7,ACTIVE,2023-05-11
fca96111-5442-48a6-af1e-ea32040c9aa6,652ac258-1fd7-419a-bd30-812aa19b9a1a,SAVINGS,USD,46665.84,ACTIVE,2024-02-20
08622594-8ae8-4a59-9a66-d84dde44b352,e0a8d906-3ff7-4d3e-af9e-5d555efde394,BUSINESS,USD,34360.54,ACTIVE,2022-02-23
e2097d0a-efeb-4202-95fb-9e608e002d22,fb0b52aa-618b-483d-9f16-9c319f0135bf,SAVINGS,USD,23692.68,ACTIVE,2022-01-16
aa246267-de44-4e4c-b7c8-85bb1ecccae1,627671c8-7052-4879-8e87-5d100c5cf567,SAVINGS,USD,20739.78,ACTIVE,2022-04-29
