customer_id,full_name,age,gender,occupation,annual_income,risk_category,country,city,KYC_level,pep_flag,sanctions_flag,account_open_date,customer_type,expected_monthly_txn,avg_balance,device_count,ip_country,branch_id
22f8b708-3d94-4487-85b0-05120688c1de,Scott Williams,31,OTHER,Occupational hygienist,589148.64,MEDIUM,Georgia,New Karenmouth,VERIFIED,False,False,2023-06-25,INDIVIDUAL,15237.94,9180.65,3,Iraq,NOCX74855026397232
21c23db2-4467-4689-a380-0e6c5b689caf,Wyatt Lynch,35,OTHER,"Engineer, site",1396309.1,HIGH,Cuba,South John,PENDING,True,False,2022-02-01,BUSINESS,21230.37,72322.12,1,Tanzania,JZKL34212642984716
182b1d7d-40ff-4e5c-8cca-ad43143de6bc,Eric Stewart,59,OTHER,"Scientist, biomedical",1712838.82,MEDIUM,Iceland,Parksside,PENDING,False,False,2025-10-25,INDIVIDUAL,40782.88,47031.62,2,French Southern Territories,ZXBV37711099781105
f210a9e9-50cb-4934-bd83-d9bfeab17319,Dawn Brock,61,FEMALE,Plant breeder/geneticist,268522.92,MEDIUM,Kuwait,South Tiffany,VERIFIED,True,False,2024-02-21,INDIVIDUAL,22391.64,5081.64,3,Brunei Darussalam,AIAH63166744207934
d7432295-b024-4e95-9222-3d05144cd975,Brittany Davis,38,OTHER,"Scientist, research (maths)",1309224.68,LOW,France,West Danielland,PENDING,False,False,2025-09-19,INDIVIDUAL,31054.13,58320.92,2,Sao Tome and Principe,CAWV04104189528059
01516e3a-96f9-4857-9586-17ce40258ae6,Douglas Myers,26,FEMALE,Cabin crew,96566.77,LOW,Haiti,New Lynn,PENDING,False,False,2024-07-03,BUSINESS,36917.44,56333.59,1,Argentina,CDUO33101823499375
78a4f912-7ce2-4d41-9e10-6cf98cb1fc44,Bethany Richardson,73,OTHER,"Engineer, technical sales",269830.8,MEDIUM,Brunei Darussalam,West Briana,VERIFIED,True,False,2025-03-20,INDIVIDUAL,10954.73,16620.84,4,Nepal,JPCK70312339034615
fe8ea70e-836d-4bf2-91df-0b804d3965f1,Ryan Watkins,18,OTHER,"Clinical scientist, histocompatibility and immunogenetics",890578.73,MEDIUM,Belgium,Port Kellyfurt,PENDING,False,False,2022-07-26,BUSINESS,37625.67,21683.25,4,Cayman Islands,VLSL21370498959019
41b5ed44-d892-47cb-b0de-7c1446f9b023,Alyssa Walker,36,MALE,Futures trader,421947.47,MEDIUM,China,New Shannonhaven,VERIFIED,False,False,2023-12-30,BUSINESS,33499.28,27321.06,1,Jamaica,WFIC28512696920927
85b18840-9621-49aa-a382-7542bf94facc,Heather Pitts,81,MALE,Tax adviser,310796.75,MEDIUM,Chile,Alexisland,VERIFIED,False,False,2022-07-23,INDIVIDUAL,11206.85,95069.44,4,British Virgin Islands,PDQD78680603822551
4fa7b2ad-dd5d-498b-b000-ba47497b5fc9,David Gibson,48,MALE,Trade mark attorney,1106918.98,HIGH,Brunei Darussalam,Port Melissaville,PENDING,False,False,2024-12-09,INDIVIDUAL,1512.2,43531.85,3,Palau,HLJP65090705829679
5eb40d66-727e-4cc0-89de-276c7c9cd2ad,Larry Abbott,90,MALE,Insurance broker,890878.88,HIGH,Mayotte,Macdonaldland,VERIFIED,False,False,2025-08-29,INDIVIDUAL,3969.46,82521.08,4,Korea,OOVT22253690373040
e4946c1b-d738-47ae-9b6c-a0a05d421df1,Christopher Dillon,28,FEMALE,Biomedical scientist,42666.18,HIGH,Turkey,North Nicoleport,PENDING,False,False,2021-12-10,INDIVIDUAL,47668.74,34211.31,4,Portugal,QEWW75182611891656
eb0ad524-e124-46b4-94f2-6ba4584db38a,Ms. Michelle Keith MD,56,OTHER,Product manager,1291692.94,MEDIUM,Norway,Turnerfurt,PENDING,False,False,2021-08-30,BUSINESS,3824.83,90492.85,2,Comoros,QACS87444823521772
9ba1d8b8-acff-4556-8996-c8f8f0fa2b16,John Roberson,88,OTHER,Conference centre manager,1964515.05,MEDIUM,French Guiana,Durhamberg,PENDING,False,False,2024-05-21,INDIVIDUAL,2761.9,94780.34,2,Togo,AMZC90745919313400
4df9e031-0d38-461f-bf34-51736b25cc6b,Danielle Mcgee,76,FEMALE,Homeopath,1361747.88,HIGH,Dominican Republic,West Richardside,VERIFIED,False,False,2022-02-25,INDIVIDUAL,32876.55,59674.78,2,Svalbard & Jan Mayen Islands,LZSL18039945270240
6a4f964b-b7ce-48b7-abc4-bce983a9731a,Scott Lopez,51,MALE,"Programmer, applications",1810876.83,HIGH,Guinea,West Monica,VERIFIED,False,False,2024-06-04,INDIVIDUAL,761.41,24304.02,2,Georgia,YMKW34498647404004
ba8ca6dd-a740-4835-a9c3-3fc11c21586c,Jodi Douglas,35,OTHER,Camera operator,437259.74,HIGH,Guadeloupe,Christopherton,VERIFIED,False,False,2025-06-07,BUSINESS,36560.6,28871.78,4,Bangladesh,LWPR94979222743881
3afab075-6302-4b1f-9cc2-6928fee515e8,David Griffin,66,MALE,Nutritional therapist,621619.89,LOW,Congo,Eatonbury,PENDING,True,False,2026-06-25,INDIVIDUAL,35910.51,6757.45,3,Central African Republic,ZASW44785574630595
8cffb448-4315-425c-99a2-d460261ddd9d,Brian Holmes,37,FEMALE,Manufacturing systems engineer,1171239.23,LOW,Mali,Ryanmouth,PENDING,False,False,2022-11-20,BUSINESS,23737.59,38675.13,4,Malawi,LCGL11920232786444
95dd8b85-21ed-453c-92f8-bfd43e95cb6a,Brooke Parsons,58,FEMALE,Merchant navy officer,737265.68,HIGH,Malawi,Michelleborough,VERIFIED,False,False,2024-12-11,INDIVIDUAL,797.01,71335.89,1,Morocco,VQFV84969593386885
52cd3453-3f68-4af2-921f-b363eb7b76fc,Raymond Manning,64,OTHER,Environmental education officer,84551.46,LOW,Albania,Nashmouth,PENDING,True,False,2023-03-31,INDIVIDUAL,27324.01,39541.91,1,Eritrea,UVFL44621680866524
64d4eb56-6389-470c-bc63-e13825745296,Dr. Nathaniel Sutton Jr.,70,MALE,Sports coach,717704.02,HIGH,San Marino,Catherinebury,PENDING,False,False,2024-03-14,BUSINESS,40370.1,54813.52,3,Benin,RQIH22509535714419
2c5bc914-dac1-4d8b-964f-d75b5b953185,Mr. David Holloway,84,MALE,Herbalist,696052.88,LOW,Vietnam,Romeromouth,VERIFIED,False,False,2024-05-26,INDIVIDUAL,25138.94,52689.47,4,Lesotho,ABCD74455104255944
49ca946e-9e67-4107-9295-860de5715cad,Lee Baker,23,FEMALE,Art gallery manager,1218474.51,LOW,Finland,North Andreaton,PENDING,False,False,2026-03-14,INDIVIDUAL,27080.18,11566.71,3,Romania,RZCN01310429131498
cfb3bcd8-a138-4e78-93d0-2c4a591434fa,Teresa Harris,60,FEMALE,Architectural technologist,605267.61,HIGH,Slovenia,Seanmouth,VERIFIED,False,False,2022-03-09,BUSINESS,44816.58,27918.95,2,South Africa,MNAD99468543340680
4ce8fbc8-e72b-4742-b210-dffff1e8095a,Kristen Walker,82,MALE,"Surveyor, mining",322293.94,HIGH,Malta,North Ellen,VERIFIED,False,False,2023-12-06,BUSINESS,5682.95,73367.67,2,Yemen,YUYV59025960260545
2e2f541a-3635-42a5-afa6-ab62bfe6c036,Angela Fuller,57,MALE,"Therapist, speech and language",1636959.24,LOW,Mali,Rileyton,PENDING,False,False,2022-02-27,INDIVIDUAL,15099.85,44577.09,1,Honduras,QVTT49794648203863
c99dc67c-e021-4419-a126-814dda42f91a,Hannah Boone,80,MALE,Hospital doctor,1292109.44,HIGH,United States Virgin Islands,South Steven,VERIFIED,False,False,2023-06-14,BUSINESS,20441.36,59642.69,3,Sierra Leone,AXWQ82884597453464
a287112f-c056-4e82-8920-991151ba0076,Thomas Martin,25,MALE,Health and safety inspector,269254.45,HIGH,Malawi,Alexisberg,PENDING,False,False,2022-10-28,INDIVIDUAL,7384.91,56096.91,2,South Africa,JGUY99724995132450
09ff41e5-ce33-40c1-b9d1-194ce5801f10,Aaron Reese,24,MALE,Production engineer,1158215.95,HIGH,Seychelles,Port James,VERIFIED,False,False,2023-10-29,INDIVIDUAL,29035.97,98731.69,2,Serbia,XKWH58400496224549
4580b8c0-6ad8-4128-99b0-f8c47895ad48,Karl Cook,82,OTHER,Architectural technologist,641462.22,HIGH,Macao,Lake Lori,VERIFIED,False,False,2025-01-02,INDIVIDUAL,43254.31,75164.45,2,Saint Vincent and the Grenadines,IXLE43125029724679
a2cac725-d525-4f9a-ae48-712406b5b236,Patrick Burgess,33,MALE,Horticultural therapist,366482.49,LOW,British Virgin Islands,Port Pamelastad,VERIFIED,False,False,2022-01-01,INDIVIDUAL,30255.0,37119.81,3,New Caledonia,ZLER21165933127481
a374d31b-4e40-49b8-bc6e-7ed05105ebd2,Christopher Harris,50,OTHER,"Therapist, occupational",1937721.78,HIGH,French Polynesia,New Jennifer,VERIFIED,False,False,2024-03-06,INDIVIDUAL,20174.33,24413.76,4,Bulgaria,CRLQ15417804195429
cebe730d-3782-46e4-bf2a-5f1b95345792,Scott Mccarty,82,MALE,"Nurse, mental health",36764.59,LOW,Libyan Arab Jamahiriya,Ryanhaven,VERIFIED,False,False,2025-04-19,BUSINESS,49494.35,59832.99,4,Cote d'Ivoire,DOXO37819263509939
9e9cf1f4-cfe2-457a-86b7-1efbc16bc4c5,Melissa Scott,53,MALE,"Solicitor, Scotland",1617789.34,LOW,Fiji,New Michelleport,PENDING,False,False,2022-10-06,INDIVIDUAL,15051.95,94267.55,4,Canada,BIBK08663767063104
b44dff51-eea9-4d6a-9743-42922b3ce17d,Guy Abbott,58,OTHER,Chiropractor,837136.02,MEDIUM,Georgia,Kimbury,VERIFIED,False,False,2025-02-18,INDIVIDUAL,4346.74,73415.46,4,Serbia,TMMU65869506746722
76110093-3620-4563-82ff-9f221bccb9ff,Rickey York,76,MALE,Furniture conservator/restorer,1288742.21,MEDIUM,Montenegro,South Angelatown,PENDING,False,False,2022-03-26,BUSINESS,14894.64,57630.33,1,Saint Lucia,AQDL19680970783521
a04e182c-3ca4-4722-a016-3e3870eb1393,Austin Smith,70,OTHER,Ranger/warden,912113.44,MEDIUM,Cuba,North Melissaview,VERIFIED,False,False,2022-11-22,INDIVIDUAL,5710.47,60180.43,3,Malaysia,LPWB37771057620524
e3a2f126-e590-46eb-ba96-d90586ea3092,Robert Allen,40,FEMALE,Actuary,1984010.99,HIGH,Saint Helena,Port Amanda,VERIFIED,False,False,2025-03-22,BUSINESS,22994.21,32440.95,4,Cote d'Ivoire,MWQM36342333091103
03c24b3d-c2a1-44b5-8635-aa129d8ad54d,Todd White,33,MALE,Arts development officer,1134133.05,HIGH,Senegal,Lopezville,VERIFIED,False,False,2022-03-06,BUSINESS,47233.19,10933.77,4,Ethiopia,NGNY76939663518940
dced1fc2-54f1-4494-bbf2-fccd6314cbe5,Matthew Galvan,43,OTHER,Media buyer,647937.42,MEDIUM,Ethiopia,Mackenzieton,VERIFIED,False,False,2022-07-26,BUSINESS,38526.54,29963.32,2,Czech Republic,CMUY79468273409581
37a425c6-a67e-4887-97fb-ea3f92fc3ed6,Robert Rose,73,FEMALE,"Engineer, broadcasting (operations)",444271.4,MEDIUM,Zimbabwe,Michaeltown,VERIFIED,False,False,2024-07-24,BUSINESS,28866.78,92869.18,4,Vanuatu,ZRKD74240697622617
05f14f4e-80f0-4a47-a20f-bd3ba6be9eaa,Russell Johnson,65,FEMALE,Advertising account executive,196829.66,HIGH,Bosnia and Herzegovina,Nixonfort,PENDING,False,False,2025-07-30,BUSINESS,46495.06,83175.85,4,Barbados,NWHS31778725375283
638a672e-9fb7-4a9c-ba1f-bcff4096afe8,Kristopher Anderson,26,OTHER,Ergonomist,386241.7,LOW,South Africa,East Dawn,PENDING,False,False,2025-08-01,BUSINESS,8895.33,33615.3,1,Guinea,YSLU56956087102694
04d8d4ec-999a-4db2-85a4-f8ff44c578bb,Michael Gomez,84,FEMALE,Government social research officer,583822.22,MEDIUM,Bahamas,North Dale,PENDING,False,False,2023-12-27,INDIVIDUAL,15656.54,3892.62,1,Sudan,ERTD55993036692962
757c8f87-2062-487c-897d-c74ec59bdcca,John Evans,87,OTHER,Building surveyor,653347.51,HIGH,Trinidad and Tobago,West Williamburgh,VERIFIED,False,False,2025-01-23,INDIVIDUAL,34506.85,92205.75,1,Trinidad and Tobago,DQST59287200784790
e341ab8f-f36e-4ddc-b034-eaf12e65335d,Christopher Olson,46,MALE,"Journalist, magazine",1761259.23,MEDIUM,Belarus,Williamsside,PENDING,False,False,2022-04-25,BUSINESS,35924.94,38046.9,3,British Indian Ocean Territory (Chagos Archipelago),DZTI98945860252850
c1d6440a-0a2c-49b3-9d22-74e414b43ccc,Thomas Taylor MD,58,FEMALE,"Investment banker, operational",268604.45,MEDIUM,Libyan Arab Jamahiriya,South Lisaville,VERIFIED,False,False,2022-10-16,BUSINESS,18356.47,77275.96,2,Germany,ZBGU63100109227994
54e09254-9ad5-4be5-a577-335b330b7320,Charles Alvarez,71,MALE,Landscape architect,1215180.6,LOW,Iraq,Devinmouth,PENDING,False,False,2026-02-21,BUSINESS,31924.93,26977.76,1,Gambia,HYQS06134716223192
c697f963-539c-44ab-add0-9a023183f15d,Andrew Henderson,21,FEMALE,"Journalist, magazine",525606.67,LOW,Falkland Islands (Malvinas),Maryville,VERIFIED,False,False,2024-06-17,BUSINESS,22565.41,7502.56,4,Falkland Islands (Malvinas),ZNUL80846348111507
2ef87ac8-5f87-4015-9570-1ddcd9af3044,Heidi Hernandez,88,OTHER,Chartered management accountant,174692.03,MEDIUM,Netherlands,New Timothy,PENDING,False,False,2022-09-08,INDIVIDUAL,11514.53,93146.33,2,Wallis and Futuna,MKOY83448400488738
8d35d1d5-7c30-44ed-afb2-c6fb3691ea2a,Amy Wilson,42,OTHER,Health and safety adviser,697759.72,MEDIUM,Greece,New Allenfort,PENDING,False,False,2025-10-30,INDIVIDUAL,11451.32,94230.58,3,Micronesia,BVKP23113310559536
da01ad88-9c40-4e41-b981-d8b7000b0e6b,Tracey Stein,63,MALE,Games developer,746474.77,LOW,Uzbekistan,Robbinsburgh,PENDING,True,False,2026-06-08,INDIVIDUAL,48318.32,63363.03,4,Pitcairn Islands,CSIX87048322515942
e4135d74-04a9-43a2-8fbd-3bb35c0a4a87,Kevin Humphrey,23,OTHER,Horticultural therapist,1579089.62,HIGH,Belarus,New Phillip,VERIFIED,False,False,2025-04-06,INDIVIDUAL,23649.25,45781.9,2,Canada,PZVR30335682127108
236f9c39-cdea-4531-9d37-8bcdc8ad209b,Ashley Payne,19,MALE,Print production planner,1075995.79,HIGH,Isle of Man,West Victoriaborough,VERIFIED,False,False,2022-05-16,BUSINESS,10868.86,49296.27,2,French Guiana,YYZA51640621237024
df48db46-3773-467a-811e-f16af1b7328d,Donna Kline,43,FEMALE,"Lecturer, further education",1625670.38,HIGH,France,Brianside,VERIFIED,False,False,2022-04-17,BUSINESS,32790.99,59015.78,2,Kuwait,FKYA22330929814776
46eaf530-7563-493a-9ff0-411b9b6306f3,Amy Cortez,20,OTHER,Interior and spatial designer,75499.81,LOW,Vanuatu,Rileymouth,PENDING,False,False,2026-05-15,INDIVIDUAL,31916.96,44777.52,1,Cape Verde,NSOR94436788458605
d1d7562a-e54e-490a-8e04-03efe110847a,Jennifer Love,70,FEMALE,"Designer, jewellery",1202482.98,LOW,Kenya,Lake William,VERIFIED,False,False,2024-07-10,BUSINESS,14865.52,98978.48,1,Canada,AKYB11102498272323
607bdaa9-dfa3-4700-a652-4f6674e4d515,Anthony Obrien,23,FEMALE,"Scientist, forensic",1927073.16,HIGH,United States Virgin Islands,Port Robert,VERIFIED,False,False,2025-08-15,INDIVIDUAL,19178.48,11315.95,2,Colombia,ZJQK99349322449213
514026ec-ca42-4a18-baa9-f7407f576fa2,Diana Hicks,64,FEMALE,Sales executive,1695392.82,LOW,Saint Barthelemy,Garyfort,PENDING,False,False,2025-03-10,BUSINESS,26152.27,11037.89,1,Nigeria,ESOM37293861807704
782ad87a-e88c-49e3-8fcc-50e7d68760d3,Robert Benitez,23,OTHER,English as a second language teacher,1548470.2,LOW,Saint Martin,Kingview,VERIFIED,False,False,2021-10-14,INDIVIDUAL,30929.05,52545.92,1,Korea,NGKS37448755760203
5ba567e7-fac5-4e9c-8d8d-e42ebbcf5bf5,Timothy Ballard,62,FEMALE,"Geologist, engineering",762089.37,MEDIUM,Turkey,Michaelton,PENDING,False,False,2023-01-14,INDIVIDUAL,32070.62,88113.58,4,Kyrgyz Republic,YPYQ22854600278106
0731ea4d-588e-4413-985d-ce737d221e53,Megan Stewart,87,MALE,Warehouse manager,1036695.75,MEDIUM,Iceland,Gordonshire,VERIFIED,False,False,2023-07-05,INDIVIDUAL,10323.56,52567.66,3,Vanuatu,MFEB80365752654037
a274bc43-c8e8-4c16-82ba-fb6b561f8492,Jason Boyle,76,FEMALE,Magazine features editor,1175467.73,HIGH,Christmas Island,South Devintown,PENDING,False,False,2021-10-19,INDIVIDUAL,22548.26,60192.43,4,Madagascar,SZNW66848868646813
0d236e64-29e4-4469-abb4-56507e57deb8,Scott Miranda,77,MALE,Camera operator,1748653.51,MEDIUM,Canada,West Gregory,PENDING,False,False,2022-03-24,INDIVIDUAL,27771.85,39820.73,3,Russian Federation,SNTL67461448222114
c1300e18-7c30-460f-815a-cd26b7cefc62,Kristy Salazar,70,OTHER,"Designer, exhibition/display",473427.39,MEDIUM,Ecuador,Lake Erikshire,PENDING,False,False,2024-06-06,INDIVIDUAL,39204.85,58695.42,3,Guam,NFXO53952324676072
5a01c1b1-3bcd-4908-b77d-0361672e7a1b,Kevin Mccormick,70,MALE,Economist,400750.46,MEDIUM,Belize,Cordovachester,PENDING,True,False,2026-07-18,BUSINESS,10770.81,41455.81,3,Saint Lucia,TNUR71943732527688
98165dfe-cb63-47d8-847d-89edd1c40acf,Randy Figueroa,80,MALE,Surgeon,1816655.8,LOW,Serbia,New Keithville,PENDING,False,False,2023-10-12,INDIVIDUAL,10808.51,87936.2,2,Svalbard & Jan Mayen Islands,LULP48661964247941
57638578-81de-41b9-9aa8-f1eb3d8d70dc,Renee Kirby,90,FEMALE,"Psychologist, educational",1786135.43,MEDIUM,Cuba,West Andrew,PENDING,False,False,2025-11-03,INDIVIDUAL,15209.3,72745.01,1,Dominican Republic,NJHW78258668291126
40878831-d5d8-4583-b7d2-d305a5d16632,Roger Blair,61,FEMALE,Drilling engineer,355394.52,MEDIUM,Turkey,West Laurenview,VERIFIED,False,False,2026-03-21,INDIVIDUAL,13489.15,97974.45,3,Hong Kong,XTVT84289256356436
70cbb3db-7658-453a-ab42-2118b3a1a409,Ashlee Jones,34,MALE,Network engineer,1462452.38,LOW,Mauritius,Lake Jacqueline,VERIFIED,False,False,2023-04-04,INDIVIDUAL,49261.1,97200.55,4,United Arab Emirates,ZVRU24304370974815
00ca4c69-e632-4b8b-bb95-8212b9297e6b,Tyler Ellis,68,MALE,Osteopath,658880.09,LOW,Mali,Nicholaston,VERIFIED,False,False,2023-11-20,INDIVIDUAL,49116.48,62741.66,2,Myanmar,TWHG04681666214584
ef7e17f1-9040-4d19-a6c4-b3c201322f21,Steven Short,20,FEMALE,"Therapist, horticultural",898480.36,MEDIUM,Benin,North Shawnatown,PENDING,False,False,2021-11-04,INDIVIDUAL,34041.12,18431.33,3,Marshall Islands,LUAB13030798105991
2356f906-9a47-4828-87ec-939cca362de5,Amber Mitchell,28,FEMALE,Petroleum engineer,222629.0,HIGH,Malawi,Aguilarside,PENDING,False,False,2023-03-09,BUSINESS,29162.51,10013.11,1,Vanuatu,AKVB68492575270427
2093b195-4d2b-4852-b308-510147bd59a2,Dr. Jonathan Williams,64,MALE,Careers adviser,1273444.57,HIGH,Lao People's Democratic Republic,Waynefort,PENDING,False,False,2021-10-05,BUSINESS,13659.64,57500.8,2,Bahrain,EXTQ78183699620017
1cea6c27-aa69-4e01-9823-adc765800290,Andrew Johnson,33,MALE,Civil Service administrator,740689.07,LOW,Monaco,South Sarah,PENDING,False,False,2022-08-09,INDIVIDUAL,4510.11,16080.22,3,Cuba,BEQA59091636468038
1383e1a9-f75a-4111-ae2d-6fb233ce8f50,Jacqueline Warner,53,FEMALE,Special educational needs teacher,1762040.32,HIGH,Honduras,Angelaport,VERIFIED,False,False,2024-10-16,BUSINESS,9978.51,2111.29,1,Jersey,TIOJ68193936722152
4adf8373-6905-4465-b1c9-b3f5647d0506,Victoria Landry,30,MALE,"Engineer, broadcasting (operations)",946097.26,LOW,Mali,South Brianburgh,PENDING,False,False,2024-05-03,BUSINESS,2331.55,70823.25,2,New Zealand,CTAX81922810846306
01d5ea1e-91b8-4ea7-938b-bb69fb717ef4,Tony Salinas,43,OTHER,Chartered loss adjuster,1706336.86,HIGH,Germany,Gregoryfort,PENDING,False,False,2025-10-14,BUSINESS,44449.32,50649.74,1,Bosnia and Herzegovina,ZJYL35320422843541
1abef355-dde3-4020-aab8-c14e7ba0c860,Abigail Larson,86,MALE,Editorial assistant,1544724.33,LOW,Russian Federation,North Henry,PENDING,False,False,2025-02-04,INDIVIDUAL,26213.74,89433.33,2,Macao,RFZJ47496049357711
d00dcd52-8831-4166-bed0-c6fd3ce3da20,Richard Cook,56,OTHER,Environmental manager,778897.6,LOW,Kenya,South Paul,VERIFIED,False,False,2025-11-18,BUSINESS,3451.24,51151.92,2,French Guiana,PHOD46516787084235
f2232d22-1efa-4e2b-b2ff-4fa1a211397c,Jennifer Sanders,29,MALE,Museum/gallery conservator,593247.45,MEDIUM,Pitcairn Islands,New Gregville,PENDING,False,False,2022-02-11,BUSINESS,541.86,60246.85,4,Mexico,OXVH72034550461551
da6d4937-b085-4dc4-8ac2-4aff2ad804c7,Nicole Baker DVM,36,MALE,Special effects artist,1091299.15,MEDIUM,Uzbekistan,Lake Kristenbury,VERIFIED,False,False,2023-04-04,BUSINESS,34324.58,99025.51,2,Pitcairn Islands,YYVK92240881607888
90706eee-7661-421b-81ec-74d84dd5e2e5,Ronald Johnson,90,FEMALE,Astronomer,955459.29,MEDIUM,Portugal,Georgeshire,VERIFIED,False,False,2022-05-01,INDIVIDUAL,25453.7,64051.39,2,Pitcairn Islands,AHPF40382579375708
a9d01f98-ae98-4443-b550-cc1d3a942cd2,Samantha Wilson,28,OTHER,Astronomer,483791.38,LOW,Netherlands Antilles,North Audreychester,PENDING,False,False,2023-12-17,INDIVIDUAL,27000.79,45441.68,1,Saudi Arabia,CLDW58913052495747
a77be76f-2943-4f28-8683-b1600b934969,Leonard Clements,24,MALE,Magazine features editor,1511015.44,LOW,Saint Pierre and Miquelon,Shahside,VERIFIED,False,False,2024-01-20,INDIVIDUAL,34499.3,65980.1,2,Canada,IGUV90260887687391
0e7445c6-610b-4f10-9e50-0b167497c3a1,Aaron Levy,86,MALE,Geochemist,1806579.69,LOW,Anguilla,South Tylerstad,VERIFIED,False,False,2026-04-04,BUSINESS,38336.03,44203.68,3,French Southern Territories,UHKA29385496413753
20bf1343-8019-4f67-8e7f-02e775e8160f,Jordan Davidson,60,MALE,Estate manager/land agent,1896908.41,LOW,French Southern Territories,Johnsonshire,VERIFIED,True,False,2024-03-23,INDIVIDUAL,36389.91,41391.12,1,Niue,ZNQA05628388424492
9f2f1661-570f-4e44-a73f-19833836411e,Judith Taylor,64,FEMALE,Conference centre manager,1796331.34,MEDIUM,Niger,Port Rodneystad,PENDING,False,False,2023-09-30,INDIVIDUAL,38154.17,32291.51,2,Turkmenistan,CILT14307808803388
f95b7b0c-5a4b-4d60-bbd0-0f27df99a21b,Stacie Faulkner,29,FEMALE,Mental health nurse,408853.31,MEDIUM,Palau,Kaylatown,PENDING,False,False,2024-10-30,BUSINESS,31729.91,95839.16,3,Papua New Guinea,VQRB70650247982019
ce566689-f3b3-40a6-aa8f-8b443a8da8ab,John Castillo,79,OTHER,Arts administrator,1603391.88,MEDIUM,Guam,Port Anna,VERIFIED,False,False,2024-10-28,BUSINESS,11480.94,35387.33,2,Saint Barthelemy,SIAK28473767442334
ab853f22-1d67-4ee7-bc14-a292a71f2820,Matthew Barber,60,OTHER,"Designer, furniture",1154865.21,HIGH,British Virgin Islands,Munozside,PENDING,False,False,2024-09-16,INDIVIDUAL,30132.52,20126.26,1,Guatemala,TSGD08777098449909
49671d9d-9cca-4d7a-a96e-84fb7b10c039,Patricia Bowman,84,FEMALE,"Engineer, manufacturing",1884429.49,HIGH,Vanuatu,Stevenbury,PENDING,False,False,2022-06-13,BUSINESS,30128.53,28787.36,2,United Arab Emirates,SMIY13554606722910
20e3c2f1-47d9-4b55-9429-79570885ae19,Frank Wright,54,OTHER,Social researcher,1571330.89,MEDIUM,Denmark,Melissaland,VERIFIED,False,False,2025-09-02,INDIVIDUAL,18325.49,41214.0,1,Mongolia,DOEX83474878067578
32cbc753-c04f-4438-80c5-b6d5403ecd49,Michael Holland,69,OTHER,Medical illustrator,1210899.91,LOW,Mongolia,Carterstad,VERIFIED,False,True,2022-02-25,INDIVIDUAL,23719.04,23869.21,2,Netherlands Antilles,SHMO03393135851657
3930af10-aa5a-43f8-a36e-f86e7ce1c20e,James Mitchell,45,OTHER,Occupational hygienist,1394469.47,HIGH,Guernsey,North Alyssa,PENDING,False,False,2024-07-03,BUSINESS,28055.94,49794.67,1,Colombia,ERFQ79522490996043
84b7d16f-fe15-4c73-ae80-d77b5e2ac2cc,Holly Jensen,24,MALE,"Nurse, adult",337440.73,LOW,Togo,Jessicamouth,VERIFIED,False,False,2023-08-15,BUSINESS,33071.78,87594.1,3,Dominican Republic,UCYC94279589087246
ca0e619d-d336-4a84-ba5c-fd095440fc0e,Mrs. Shannon Mclean,35,FEMALE,Management consultant,894014.49,MEDIUM,Cyprus,North Lindsay,PENDING,False,False,2022-03-04,BUSINESS,28489.03,81623.39,3,Bermuda,JSJR70705052782167
cdd3d59b-161b-4800-8a66-ef0e7082696b,Charles Sanchez,40,FEMALE,Health and safety inspector,1134530.43,MEDIUM,United States Minor Outlying Islands,Jameston,PENDING,False,False,2025-01-03,BUSINESS,4627.01,33935.51,2,Lao People's Democratic Republic,YUNF24347955682327
62151ee1-b6c2-4910-952f-00f114ed5cb7,Erika Rosario,89,FEMALE,Primary school teacher,449084.32,LOW,Italy,Port Austinstad,PENDING,False,False,2023-01-26,INDIVIDUAL,21837.93,10938.52,3,Equatorial Guinea,BQNS15135490776727
0a8999ba-4a12-4a8f-b860-69b565f416da,Justin Rojas,28,MALE,Community pharmacist,1199273.13,MEDIUM,Greece,Barnettburgh,VERIFIED,False,False,2025-12-01,BUSINESS,15982.76,61946.3,4,Georgia,EUBB29972638128242
da4ebc57-b7e6-4c9d-a17b-6c1721777867,Matthew Smith,33,MALE,Air cabin crew,1174809.96,MEDIUM,Ghana,New Ethanmouth,PENDING,False,False,2025-03-20,INDIVIDUAL,49461.17,17109.01,3,British Virgin Islands,IOZG68047183563853
76f4ed07-1533-4acf-babd-4735ccc912ac,Susan Gomez,63,MALE,Oceanographer,688851.83,LOW,Central African Republic,West Dean,VERIFIED,False,False,2022-01-19,INDIVIDUAL,31016.96,66199.34,1,Martinique,LTGS02750969497292
77c72fcb-db41-463c-9002-5a3d9272fc9c,Katie Gomez,29,OTHER,"Copywriter, advertising",1554592.48,HIGH,South Georgia and the South Sandwich Islands,Wallerfort,PENDING,False,False,2025-07-16,BUSINESS,28653.73,65902.72,3,Thailand,QOOY32031528224348
023daad3-c230-439b-a4d3-8e42a5f0f2b2,Robert Clark,37,MALE,Professor Emeritus,194711.18,MEDIUM,Greenland,Codychester,VERIFIED,False,False,2025-12-18,BUSINESS,43425.27,51589.61,2,United Kingdom,FEKH52399579864601
ae29c310-6bbd-4e60-b4ce-7131ac8e6b5a,Eric Dickson,46,OTHER,"Therapist, horticultural",583065.68,HIGH,Belize,Port Stephanie,VERIFIED,False,False,2025-03-16,INDIVIDUAL,13682.9,69908.0,3,Liechtenstein,CJMJ72983474725183
e9d1df60-3235-4601-96ba-dac6dd762091,Daniel Saunders,36,FEMALE,Health service manager,847052.33,HIGH,Latvia,North Rebecca,VERIFIED,False,False,2022-07-29,BUSINESS,18839.86,79926.13,1,French Guiana,EOAU39922210245425
811c637f-cafe-45f5-87b2-b6bd4dd0456e,Sean Foley,60,MALE,Freight forwarder,1265392.83,HIGH,Uzbekistan,North Anthony,PENDING,False,False,2023-02-08,INDIVIDUAL,10647.69,41679.11,3,Russian Federation,XSMY13877405300876
fd921aee-7a91-4581-a785-21f0ef89faca,Erin Wagner,57,MALE,"Engineer, structural",582001.39,LOW,Cook Islands,New Jacob,PENDING,True,False,2022-01-18,BUSINESS,9607.21,62528.83,4,Mauritius,RKTY72383085520248
e978df24-77a9-4848-a9b0-eece22d521f0,James Price,64,OTHER,"Scientist, physiological",1094351.42,HIGH,Sao Tome and Principe,East Aaronside,VERIFIED,False,False,2024-08-27,BUSINESS,11928.17,47118.26,2,United Kingdom,NKSH20117551714068
5c49b68f-0945-4c56-99ce-d3c2cc696e09,Kim Rivera,87,OTHER,"Teacher, special educational needs",719954.99,HIGH,Hungary,North Renee,PENDING,False,False,2026-07-01,INDIVIDUAL,1614.61,64473.87,1,India,IAXA02082551165226
8cdc38b3-4da1-4624-8da1-493894b543a2,Emily White,27,FEMALE,Corporate investment banker,1688455.63,HIGH,Russian Federation,New David,VERIFIED,False,False,2023-11-10,INDIVIDUAL,32280.71,82454.24,1,French Southern Territories,MXYM80809056643750
c2da1333-8f8e-4a2c-a6bb-57614e52d8f9,Isaiah Davis,64,OTHER,Speech and language therapist,1932687.59,LOW,Tonga,Rodriguezstad,VERIFIED,False,False,2022-06-19,BUSINESS,18704.15,57443.11,4,Algeria,VCAA12288175563183
65d22b37-6a5f-4ac2-a09f-c505b6a2f052,Amy Mathis,77,MALE,Chief Financial Officer,1285987.34,MEDIUM,Israel,South Jamieburgh,PENDING,False,False,2022-08-23,BUSINESS,1823.78,56101.79,1,Trinidad and Tobago,HJXH26009198577992
66ae7af6-b943-465d-9843-1cce86dd4892,Janet Johnson,39,MALE,"Therapist, music",912461.83,LOW,Philippines,South Reneeberg,PENDING,False,False,2023-03-16,INDIVIDUAL,2659.48,12126.0,3,North Macedonia,QQUP23652584310209
8ccd05db-7eb3-490e-b617-fce2a36be947,Jennifer Taylor,71,MALE,Diplomatic Services operational officer,645071.74,HIGH,Puerto Rico,Port Chadtown,PENDING,False,False,2023-12-08,BUSINESS,5065.27,79334.91,1,French Southern Territories,IEOG74884827334579
f9be5828-0fcf-4fb4-88b2-32c252556242,Amy Bradford,60,OTHER,Equality and diversity officer,1924648.83,MEDIUM,Palau,Markland,VERIFIED,False,False,2024-12-25,BUSINESS,44709.58,28821.58,2,Romania,BVKP15066165004069
b485bd9a-86c5-4e74-888c-835d7592f246,Ernest Stark,63,MALE,Data scientist,603180.08,HIGH,Saint Martin,Amybury,VERIFIED,False,False,2022-03-24,INDIVIDUAL,17256.02,32731.0,1,Macao,JIME25961693155718
0223631f-d4fc-4e06-a21e-eaf5f060759c,Rachel Wells,45,FEMALE,Comptroller,538621.79,LOW,Bouvet Island (Bouvetoya),Phillipsshire,VERIFIED,False,False,2025-10-05,INDIVIDUAL,27525.4,46835.55,4,British Indian Ocean Territory (Chagos Archipelago),UDLN42327433013357
70704547-c738-4914-85fb-abb3fc8b3a8d,Sarah Davis,38,MALE,"Production assistant, radio",380254.36,MEDIUM,Northern Mariana Islands,Rachelmouth,VERIFIED,True,False,2025-07-02,BUSINESS,34707.13,29327.7,3,Brazil,TEFV21808915602617
8269fc52-1f65-48ad-890d-ce5f2ea163df,Debbie Mann,79,MALE,"Horticulturist, commercial",1394698.27,HIGH,Sweden,Wallacebury,VERIFIED,False,False,2026-06-20,BUSINESS,8512.7,13644.31,2,Falkland Islands (Malvinas),BVOP61540517785412
5aca6723-112e-4ad2-a1b5-aeb65e8b55f3,Lee Ball,24,OTHER,Product designer,459140.9,LOW,Equatorial Guinea,New Mariahaven,VERIFIED,False,False,2024-06-26,INDIVIDUAL,38995.8,42439.61,3,Antigua and Barbuda,KHAT94659124136264
080a390c-74cf-40a8-b002-8cc085475eac,Kevin Evans,54,FEMALE,"Engineer, automotive",183900.61,HIGH,Morocco,North Susanton,PENDING,False,False,2025-06-28,INDIVIDUAL,20006.35,23310.17,4,French Southern Territories,XIMC07349686743719
255240d1-0cfe-4e50-a2c1-3c47b1e900b4,Ryan Smith,51,OTHER,Oceanographer,1977179.94,HIGH,Puerto Rico,East Lisamouth,VERIFIED,False,False,2023-05-12,INDIVIDUAL,37185.86,17211.81,2,Romania,KZUW16625522589235
2b94e4f5-f7d4-440c-8a00-ec8e625a6303,Brenda Byrd,76,OTHER,"Buyer, industrial",1010510.94,LOW,Cuba,South Aprilborough,VERIFIED,False,False,2021-09-12,INDIVIDUAL,28915.79,10700.63,4,Guam,WBXI55961042584235
4e17625d-3420-4fbb-874b-5e0b29c1470b,Michele Jordan,87,FEMALE,Hospital doctor,1379823.44,MEDIUM,Kazakhstan,Davidland,VERIFIED,False,False,2022-04-25,BUSINESS,21372.71,25074.61,1,Jamaica,AKUL63812158182042
aac1676d-6898-4c36-a3a5-17f551bd4c3c,Jesus Odonnell,46,FEMALE,IT technical support officer,605467.16,MEDIUM,Gabon,Evanchester,VERIFIED,False,False,2025-08-22,INDIVIDUAL,30923.84,75945.96,3,Vanuatu,OGQA37029764574173
bd2cf8b6-23a5-4a4a-afbb-d9bb998b7b2f,Margaret Butler,38,MALE,Transport planner,885100.51,LOW,Guam,Julieberg,VERIFIED,False,False,2024-01-14,INDIVIDUAL,44937.93,60089.36,3,Samoa,PNFX10598252246888
01d2b20a-0418-40c0-b97b-a8ee984ac145,Mark Martin,63,FEMALE,Commercial art gallery manager,1666811.43,LOW,Saint Lucia,North Walter,PENDING,False,False,2026-04-08,INDIVIDUAL,21637.48,70485.04,1,Burundi,EBJF73284026801461
15763512-fde6-4ae4-8877-a302b2b3880c,Cassandra Martinez,25,MALE,Games developer,617029.81,MEDIUM,British Virgin Islands,Staceyhaven,VERIFIED,True,False,2023-10-11,INDIVIDUAL,44311.66,33835.18,1,Armenia,QHTJ48138501926987
b54e177f-8eab-4050-ad44-7bf97b92fb7e,Paula Wheeler,30,FEMALE,Race relations officer,805100.36,HIGH,United Kingdom,West Jeffrey,VERIFIED,False,False,2023-03-03,INDIVIDUAL,12331.26,29879.54,2,Saint Lucia,PQEQ08123366498598
de2c7386-f151-44c6-bd8f-78d3ab08a332,Kaitlin Orr,82,MALE,Broadcast journalist,1920698.03,LOW,Burundi,Robertsland,VERIFIED,False,False,2024-11-30,BUSINESS,7567.64,45994.13,2,Cayman Islands,HYJH68041951286081
40b65e8b-86d8-4d8b-99cf-c0a64f1e8fa5,Margaret Hunter,67,OTHER,Management consultant,261567.34,LOW,Taiwan,New Amanda,VERIFIED,False,False,2025-10-08,INDIVIDUAL,10735.93,63300.26,2,Afghanistan,YVRU83540208088898
126680a0-5e74-4da0-a323-6c9b632973b9,Bruce Montgomery,34,OTHER,Phytotherapist,1421357.32,MEDIUM,Uzbekistan,West Johnny,PENDING,False,False,2024-09-23,INDIVIDUAL,5520.16,36349.54,3,American Samoa,WUGF43266671194421
eb71946f-62cc-4cd7-b845-7e967df240ce,Jeremy White,85,MALE,Chief Financial Officer,1744793.47,LOW,Congo,Whitneybury,VERIFIED,False,False,2022-12-14,INDIVIDUAL,38656.27,41653.15,2,Italy,EELE18778407480981
cb565f65-3af8-4bb9-94f2-9e3669a0a1f9,Crystal Lane,20,OTHER,Environmental manager,450762.52,HIGH,Maldives,Garciatown,PENDING,False,False,2026-05-17,BUSINESS,16813.85,46585.54,4,Cameroon,QAOQ52637212002069
f0249fe6-fbdf-4b1f-8331-1de4c6e35c6b,Kristina Stafford,64,FEMALE,"Accountant, chartered public finance",1760404.13,LOW,Costa Rica,Heatherland,PENDING,False,False,2026-04-01,INDIVIDUAL,39911.36,32233.71,4,Brunei Darussalam,FGHC33260121692827
b162d2b8-ae51-4267-8e2e-7914204540f5,Nancy Fuentes,57,FEMALE,Banker,701383.05,LOW,Sierra Leone,North Hannah,VERIFIED,False,False,2023-03-05,BUSINESS,48861.38,46630.13,4,Poland,HFRN59820182787553
1d85fb70-9d6f-462f-ade3-c4a6424d4f63,Ashley Robles,65,MALE,Economist,1106364.94,MEDIUM,Georgia,Ruizfurt,PENDING,False,False,2024-04-24,INDIVIDUAL,32359.82,11682.18,2,Rwanda,AAWJ60373227874551
ba90f0fd-b5a5-4d48-94f6-7752972d268b,Ashley Howard,75,OTHER,"Investment banker, corporate",1347204.69,MEDIUM,Hong Kong,Lake Caseybury,PENDING,False,False,2023-04-27,BUSINESS,43636.76,92463.36,2,Mayotte,MIPF04908518270376
3e4aa1d1-e825-4046-ab4b-dced441857ec,Nathan Williams,78,MALE,Patent attorney,1567187.39,MEDIUM,North Macedonia,New Stephen,VERIFIED,False,False,2022-05-31,INDIVIDUAL,6297.84,93342.15,3,Lithuania,AJGA03010194770277
5fe96315-f9bf-4fa7-85bc-d6661c6e0fa8,Catherine Mendoza,29,FEMALE,Financial adviser,1904207.45,HIGH,Montserrat,Ashleybury,VERIFIED,False,False,2024-08-06,BUSINESS,8375.48,71565.15,2,Sweden,PRTC67374118897091
def17048-43e7-4980-85d5-d9ca4aecd525,Paul Powell,66,FEMALE,"Designer, furniture",540568.54,HIGH,Netherlands,Matthewport,VERIFIED,False,False,2024-05-09,BUSINESS,32892.13,71750.22,4,Mozambique,XOWT18681511855298
5be3f00e-9749-45d9-be2a-f8833c97ebca,Melissa Mclean,71,MALE,"Surveyor, insurance",893496.88,LOW,Central African Republic,South Tina,PENDING,False,False,2025-12-13,INDIVIDUAL,44813.51,45985.2,1,Christmas Island,UDBX16490557774240
d2e44c8b-d715-42ff-a9c8-12dc6adff88a,Sandra Arroyo,26,MALE,Chiropractor,1762150.96,HIGH,Niger,Lake Chelsea,PENDING,False,False,2025-05-13,INDIVIDUAL,34090.41,28279.3,3,Thailand,UNVB17594729922450
f26ebaa9-a792-4e2b-a13b-fe4dbf344237,Barbara Compton,41,FEMALE,Copy,1669587.42,HIGH,Ecuador,Markmouth,VERIFIED,False,False,2022-06-21,BUSINESS,7904.55,90351.01,1,Ecuador,PZSM92225171782287
58f46bed-5662-4948-bf95-7325a9b279d8,Andrew Small,35,MALE,Haematologist,979839.62,LOW,Saint Kitts and Nevis,Taylorbury,VERIFIED,False,False,2025-12-16,BUSINESS,39750.32,42594.2,1,Gabon,OTTT07908998582163
c9f19ad5-0d9e-4f18-83f2-e060a5408945,Richard Gonzalez,32,OTHER,"Librarian, public",130369.03,HIGH,North Macedonia,Tristanfurt,VERIFIED,False,False,2025-11-19,INDIVIDUAL,520.69,62037.3,4,Indonesia,LGJX20167404512818
8552603d-b9b3-411b-b44f-1ee9377e99b5,Sean Anderson,64,OTHER,Careers adviser,1684308.99,HIGH,Luxembourg,Melissamouth,VERIFIED,False,False,2024-09-27,INDIVIDUAL,12180.29,93800.7,2,Ghana,IFYU73419307604745
348f1c2c-61dc-4500-b9fa-13d3960aa3ca,Benjamin Park,81,FEMALE,Graphic designer,636578.19,LOW,Saint Pierre and Miquelon,Penachester,PENDING,False,False,2024-07-11,BUSINESS,39711.07,52928.36,4,Marshall Islands,FVOU58547635895439
5fe6fed9-f241-4a96-a0a9-7aedd1c9cbd1,Catherine Lee,41,MALE,Senior tax professional/tax inspector,1212459.37,LOW,Switzerland,New Amy,VERIFIED,True,False,2025-08-29,BUSINESS,35465.05,4072.69,1,Chad,ROZG42897346446989
76f654ef-abcb-4126-b3ee-f93e179396ec,Thomas Mullen,47,OTHER,"Engineer, biomedical",368113.99,HIGH,Palestinian Territory,West Alexburgh,VERIFIED,False,False,2026-04-15,INDIVIDUAL,2181.26,34373.67,4,Lebanon,QYBK46514796517835
b9d2c014-5e5f-48fa-aebf-10f3550c9cdf,James Wilson,67,MALE,Lawyer,692212.14,LOW,Montserrat,North Trevortown,VERIFIED,True,False,2023-01-27,INDIVIDUAL,23333.58,14754.63,3,Pitcairn Islands,BJVK41503851557169
bbbbb012-590e-4124-bff5-cf48a015ab2c,Darryl Haas,29,MALE,Health and safety adviser,1913705.13,HIGH,British Virgin Islands,Burnettton,VERIFIED,False,False,2021-10-14,BUSINESS,40558.01,24267.52,2,New Caledonia,PLYR36526780512866
6a9fae50-2db4-4f59-a71c-f6f3538bf3ed,Justin Hayes,46,OTHER,"Nurse, children's",1599358.21,LOW,Uganda,East Vanessabury,PENDING,False,False,2022-03-11,BUSINESS,19585.52,67389.85,2,Libyan Arab Jamahiriya,YWEK56733461678026
79a00991-3532-4e4a-ba46-5cf4e6217573,Kyle Benson,58,FEMALE,Textile designer,353321.03,HIGH,Albania,Courtneyborough,VERIFIED,False,False,2025-12-14,INDIVIDUAL,6464.4,83675.21,3,Yemen,WGGJ98867388453689
061f76b1-a8ed-4e1c-bb9c-d4fe3e5ad1fe,Teresa Thomas,68,MALE,"Engineer, technical sales",514708.14,HIGH,Montenegro,Shieldschester,VERIFIED,False,False,2025-10-07,BUSINESS,3207.98,48400.69,1,Turkey,ISFE80565355377311
6eb42f51-a007-4a7b-919b-22f21e246939,Veronica Davis,47,OTHER,Camera operator,1117892.66,MEDIUM,Reunion,Wattsland,VERIFIED,False,False,2024-08-01,BUSINESS,24500.71,69269.67,2,Aruba,DZCQ56326014187640
804281fb-14a0-41c1-8d71-c633f369fea0,Patrick Schroeder,48,OTHER,Research scientist (physical sciences),1475536.99,MEDIUM,Lao People's Democratic Republic,Port Douglas,PENDING,False,False,2023-04-27,INDIVIDUAL,48080.85,96897.09,3,Belgium,JHCZ55701423400058
e72338d8-0a35-4e7e-8730-eef864439fca,Kevin Hanson,55,FEMALE,Radio broadcast assistant,1216580.39,LOW,Malawi,Lake Gina,PENDING,False,False,2023-10-31,BUSINESS,21976.44,55818.78,1,Marshall Islands,WUGN63751904694386
8ecf48d1-e0d0-4f63-8238-d35fea8f7f1e,David Hines,44,OTHER,Commercial art gallery manager,35635.17,HIGH,Kiribati,Nelsonhaven,PENDING,False,False,2026-01-08,INDIVIDUAL,4879.01,49479.06,4,Malaysia,ZSKO83634462448112
8126cfc5-9bb2-46a8-99e0-383018c04e2a,Mrs. Rebecca Griffin,84,MALE,Adult guidance worker,1851541.47,MEDIUM,Portugal,Patrickport,PENDING,False,False,2026-03-05,BUSINESS,32521.44,56122.85,2,Bolivia,YDZS39317954044507
5db94ff8-3499-466b-8a89-041e8ee0fd01,Brian Holloway,66,FEMALE,"Exhibitions officer, museum/gallery",1829179.14,MEDIUM,United States Virgin Islands,North Laurenchester,PENDING,False,False,2024-01-03,INDIVIDUAL,16389.79,8185.85,4,Sudan,SYAS70392806305696
88c8d835-97c0-470a-b33a-7f7a3ab4c6a4,Nicole Ramirez,66,MALE,Higher education careers adviser,966976.54,HIGH,Congo,Lewischester,VERIFIED,False,False,2022-10-18,INDIVIDUAL,43100.71,14983.6,3,Norway,FVCR05740206637006
c5d51232-9a63-4c40-acdb-7abb614ef1b1,Courtney Gallegos,70,FEMALE,"Producer, radio",1663244.25,MEDIUM,Somalia,North Thomas,PENDING,True,False,2024-05-20,INDIVIDUAL,4874.71,22161.17,4,Nicaragua,XUKT67230169977109
6550bf8c-64a3-463f-aa3f-dbe18cb7568a,Bernard Little,19,OTHER,"Engineer, structural",883592.99,HIGH,Tanzania,Guerraburgh,PENDING,False,False,2024-03-14,BUSINESS,39377.53,84310.91,3,Honduras,OWBN54248477748175
ba8ed477-fa8f-413e-a1f3-a736ab45d30d,Heather Foster,54,FEMALE,"Surveyor, mining",572654.84,LOW,Syrian Arab Republic,East Zachary,VERIFIED,False,False,2023-07-15,BUSINESS,18354.19,16331.61,1,Taiwan,RROG91023992251764
7665f19c-58fb-4b8f-baaf-6bffb30c1842,Garrett Hicks,33,MALE,Patent examiner,500425.26,HIGH,Thailand,North Roberttown,PENDING,False,False,2024-01-03,INDIVIDUAL,36738.21,67549.13,3,Comoros,MHSN53106885468248
a52feb7b-6932-4287-a13f-33f0f4da342c,Madeline Thompson,85,MALE,"Lecturer, higher education",1139557.74,MEDIUM,Kuwait,East Michelleberg,PENDING,False,False,2022-10-24,INDIVIDUAL,35675.24,63924.96,2,Faroe Islands,UMJF22343156672424
7b827722-e63b-49c4-af12-d4e3d32057f1,Dr. Douglas Bradley PhD,43,MALE,"Teacher, secondary school",1211184.85,MEDIUM,Kenya,Alvaradomouth,PENDING,False,False,2022-12-12,INDIVIDUAL,1302.77,10601.1,3,Yemen,WFQU25199051941173
11628cdd-80c1-4c25-80d7-b66bf3fd49ef,Daniel Lawson,79,MALE,Special effects artist,1362342.94,MEDIUM,Madagascar,Dawnstad,PENDING,False,False,2022-12-02,INDIVIDUAL,18516.84,20217.37,2,Barbados,BQEP45116039502423
e30906b8-f410-4ecd-8d4a-f6020f0aed3f,Jennifer Barber DDS,61,FEMALE,Chartered accountant,110155.22,MEDIUM,Peru,North Aliciaville,VERIFIED,False,False,2024-07-21,INDIVIDUAL,38310.38,32284.45,3,Turkmenistan,PNUB02150578233425
8491446f-c112-4e70-a622-094186a25f06,Teresa Hernandez,18,FEMALE,Airline pilot,1087182.88,HIGH,French Southern Territories,Perezport,VERIFIED,False,False,2023-08-23,INDIVIDUAL,9794.28,83816.78,4,Monaco,VWFE05511652261956
0c2ecd5a-ba7c-4809-8710-80ee336bb593,Marco Brooks,51,FEMALE,Surgeon,1432128.72,HIGH,Saint Helena,Lawrencefort,VERIFIED,False,False,2022-12-04,INDIVIDUAL,29144.51,75607.66,2,Hong Kong,CHWL37357056913574
d49c6228-7a63-48fd-b7a2-6123649e6029,Kimberly Franco,26,MALE,Pharmacologist,509092.97,MEDIUM,Algeria,Rachelview,PENDING,False,False,2024-03-27,BUSINESS,11943.44,34471.67,4,Bangladesh,TZJE39586205372725
64064212-0efd-4ffb-8d95-b4c62478194a,Jeffrey Nguyen,28,OTHER,Camera operator,1319291.7,HIGH,Moldova,Masonville,VERIFIED,False,False,2025-09-20,BUSINESS,10882.11,19197.63,1,Argentina,CWXU19341743249076
511c28fe-8787-46db-bd83-74b5a3b19064,Kimberly Smith,35,OTHER,"Administrator, Civil Service",1970405.03,HIGH,Andorra,North Brad,VERIFIED,False,False,2023-12-30,BUSINESS,2764.67,30211.58,4,Aruba,GHPV87683405832944
e20ef3cb-2232-4934-8219-29809870097d,Craig Griffith,56,MALE,"Engineer, manufacturing",1470287.83,LOW,Antigua and Barbuda,New Elizabeth,VERIFIED,False,False,2025-02-01,INDIVIDUAL,36625.89,99186.19,1,Trinidad and Tobago,FVSZ37178091425934
cf4e9c0f-4208-4d47-bb42-a1d211d9e301,Amanda Collins,47,OTHER,Exercise physiologist,1122191.46,MEDIUM,Zimbabwe,Kathleenbury,VERIFIED,False,False,2024-11-29,BUSINESS,20455.75,56178.1,3,Argentina,NSVL31598266366286
17b92867-d22b-4f43-9986-213f737db9f6,Mark Zuniga DDS,50,MALE,"Psychologist, educational",1855842.14,HIGH,Lithuania,Crossport,PENDING,False,False,2022-03-25,BUSINESS,807.44,19731.82,4,Swaziland,XBYD04702886433998
66117fa7-dff4-4685-93d0-8d10fa31816a,Carol Cook,86,MALE,Public affairs consultant,902857.73,LOW,Mayotte,Elliottchester,PENDING,False,False,2022-09-20,INDIVIDUAL,34192.35,29289.98,3,Guinea,JEKY24931309411862
101523a5-894e-4882-8991-b3e614229047,Paul Harper,52,MALE,Best boy,1234345.28,LOW,Anguilla,Helenfort,VERIFIED,False,False,2026-02-16,INDIVIDUAL,28286.53,77599.08,3,Burkina Faso,FJWA97770673719833
d8978efa-dc04-4058-9655-0940506d1353,Paul Sullivan,37,OTHER,"Conservation officer, historic buildings",819563.6,MEDIUM,Montenegro,East Lisa,PENDING,False,False,2022-04-04,INDIVIDUAL,43700.24,6491.1,1,Venezuela,VCTY25865900758523
ddbf1fa3-cc20-4ff0-b2d5-796d943d7044,Jacqueline Kennedy,35,FEMALE,Ergonomist,335334.81,LOW,Pakistan,Lake Jameshaven,PENDING,False,False,2024-08-21,BUSINESS,11311.16,91203.72,2,Albania,DREW78879934316061
da18d319-2acc-4c52-add9-c46a45f183eb,Christopher Jackson,26,FEMALE,Newspaper journalist,488107.2,MEDIUM,Kiribati,South Shaun,PENDING,False,False,2025-03-03,BUSINESS,21430.25,99775.82,1,Canada,KXOD63194159334249
7a73cb47-9bd6-436b-be94-66d10e52a17b,Kristy Gonzalez,53,OTHER,Technical author,1759080.0,MEDIUM,Lao People's Democratic Republic,Fishermouth,PENDING,False,False,2023-07-21,INDIVIDUAL,16328.09,22999.63,2,Solomon Islands,WWDD02105801028487
d7e72fd8-4040-4594-ac3e-9864c8e1df46,Angela Anderson,83,FEMALE,Air cabin crew,455411.46,LOW,Iceland,Tammytown,PENDING,False,False,2024-01-28,INDIVIDUAL,22806.15,82559.67,2,Cook Islands,DKHN17722649693157
d8eb47cc-158f-44f4-ab8b-eaf407ea8452,Micheal Jones,89,MALE,Commercial horticulturist,1021981.61,MEDIUM,Yemen,Timothyberg,PENDING,False,False,2022-06-20,INDIVIDUAL,30245.47,47464.5,4,Mozambique,NALX07509763493675
0fb47861-10fc-4c17-9d92-86cc14be220d,Melanie Hutchinson MD,58,MALE,Education administrator,1574464.04,MEDIUM,Faroe Islands,Jamiebury,VERIFIED,False,False,2024-12-01,INDIVIDUAL,13977.96,34690.78,1,Canada,ILYJ15811130665210
54c235b3-8059-464c-a27b-6b163f1b9b3f,Richard Young,48,FEMALE,Insurance underwriter,645382.65,HIGH,Trinidad and Tobago,Gutierrezburgh,PENDING,False,False,2024-10-11,INDIVIDUAL,30678.5,3457.36,3,Cayman Islands,WZBZ52220644608502
e6b055e6-d561-4363-8631-969638dd0fe5,Christopher Gaines,77,OTHER,Hotel manager,378032.95,LOW,New Caledonia,South Johnstad,PENDING,False,False,2024-10-05,BUSINESS,46196.22,82173.0,1,Vietnam,WHFG33368467614044
1b35565a-109b-4373-944a-1aab9840cf6c,Anthony Hughes,61,MALE,Television production assistant,1433759.17,MEDIUM,Bahamas,West Jennifer,PENDING,False,False,2025-06-07,INDIVIDUAL,7549.3,53656.13,1,Marshall Islands,SHSL92194640341508
81b2c7eb-8bad-41e8-a0da-5131d383993d,Tanya Jackson,62,OTHER,Tax inspector,1959600.58,LOW,Guam,Wrightshire,VERIFIED,False,False,2023-12-29,BUSINESS,43283.18,34901.82,2,Costa Rica,ADHT78895273817615
7c42a40f-9d67-40ed-9c3f-926bfb698fc7,Nicholas Villarreal,24,MALE,"Librarian, academic",1501158.71,HIGH,Tonga,Lopezstad,PENDING,False,False,2025-07-07,INDIVIDUAL,41436.02,22639.7,4,Heard Island and McDonald Islands,SARR62210307012225
f7904869-ac61-4b2d-8664-03c8ea41fe88,Sophia Cole,53,FEMALE,"Administrator, local government",635944.76,HIGH,Rwanda,North Claire,PENDING,False,False,2024-06-16,INDIVIDUAL,2834.98,32199.36,1,British Indian Ocean Territory (Chagos Archipelago),BHRM46076018813025
11e71c54-37a4-4a7a-8dc6-cbe721f41e65,Darren Smith,26,FEMALE,Editorial assistant,1448051.04,HIGH,Saint Vincent and the Grenadines,North Karentown,VERIFIED,False,False,2024-08-01,INDIVIDUAL,7359.52,30265.09,4,Benin,QSCB00359861315795
60bc0969-d120-4708-8dae-09db003eaedc,Mary Henson,68,FEMALE,Speech and language therapist,76227.26,HIGH,Slovenia,New Robertmouth,VERIFIED,False,False,2023-11-23,INDIVIDUAL,38835.27,53200.21,2,Mexico,LSBG64523447267966
00defe5f-2bea-43a3-89c9-dabbd1b11ac0,Samantha Palmer,23,FEMALE,"Journalist, broadcasting",1518532.41,HIGH,Syrian Arab Republic,East Coleberg,PENDING,False,False,2021-12-12,BUSINESS,24765.75,84442.28,3,Madagascar,XBEV07664670806598
a0aa6b18-0174-464e-89e7-07f162a0176d,Stacey Reilly,46,FEMALE,"Surveyor, planning and development",450326.09,MEDIUM,Heard Island and McDonald Islands,East Andrew,VERIFIED,False,False,2026-01-17,BUSINESS,10209.33,37728.9,3,Azerbaijan,YNGR21034176247633
80f8936c-0b6f-4777-9a1a-a8b85f973674,Robert Thornton,45,FEMALE,Structural engineer,443654.49,MEDIUM,Austria,Jenniferhaven,PENDING,False,False,2021-09-07,BUSINESS,9914.44,71345.62,3,Palestinian Territory,BUFE44479517666031
d3505d27-bc0f-492a-a690-f6641aa7e22b,Jonathan Rivera,68,MALE,Youth worker,997185.91,HIGH,El Salvador,Snydermouth,PENDING,False,False,2026-02-07,BUSINESS,48100.13,77297.37,4,Burkina Faso,EYOF11840931553184
1ec26abb-895c-4164-97dd-6c03397562c9,Christian Young MD,48,MALE,Podiatrist,1604965.46,LOW,Cayman Islands,New Robinberg,PENDING,False,False,2025-10-26,BUSINESS,8641.09,12947.32,3,Ghana,QYRR39615182898312
49e5e6a5-ff91-4c70-9453-cac653b02513,Steven Friedman,76,MALE,"Programmer, systems",382133.5,HIGH,Nepal,Lake Emily,PENDING,True,False,2022-01-20,INDIVIDUAL,13798.46,56845.81,3,Australia,LMXE78209815815641
bfdfa881-0cb0-454e-abae-ce762e879185,Sara Thompson,90,OTHER,"Scientist, research (physical sciences)",1579857.23,MEDIUM,Bosnia and Herzegovina,Feliciamouth,PENDING,False,False,2023-03-28,INDIVIDUAL,9117.67,30093.46,2,Italy,GQDT71512012887003
d0d77b42-81e8-43f9-8b85-2ff05d20caa1,Melissa Carter,22,MALE,Illustrator,106182.16,LOW,Angola,East Eric,VERIFIED,False,False,2024-05-02,INDIVIDUAL,18226.62,83899.76,3,Portugal,DYXV02065532958321
0852db9f-4461-4406-a8ae-8794d98b8c4b,Karen Hansen,54,FEMALE,"Therapist, occupational",56658.54,LOW,Mauritania,Derekbury,PENDING,True,False,2023-05-15,INDIVIDUAL,21781.81,15388.91,4,Norway,URMX65760062311897
af872034-1455-44dd-9505-8a3cce89ea80,Natalie Ortega,27,OTHER,"Engineer, materials",203739.52,HIGH,Israel,Kelleyview,PENDING,False,False,2023-05-22,INDIVIDUAL,34262.88,36821.11,3,Korea,MRJU44418605248116
93c37f49-2188-439a-8836-8060ae4fa767,Dylan Hardin,30,FEMALE,"Research officer, government",791447.96,HIGH,Panama,West Mollyland,VERIFIED,False,False,2022-04-02,INDIVIDUAL,22837.67,18814.83,1,Belgium,LDIC30327118055905
0dc1b6da-64a8-440f-9c83-069c265f8b4f,Jonathon Tucker,60,OTHER,"Nurse, mental health",980403.54,LOW,Malta,Davisborough,VERIFIED,False,False,2022-10-07,INDIVIDUAL,16335.69,90070.01,3,Guatemala,QZPV69341201471755
79ec99e6-986a-47ed-9a99-c7486c118eb6,Christopher Alexander,65,MALE,Horticultural therapist,911726.98,HIGH,Haiti,New Hannahfurt,PENDING,False,False,2023-08-03,INDIVIDUAL,12735.37,44166.03,2,Nauru,VXUZ63748112517705
005d497e-0363-492e-9330-38b08d371797,David Brown,57,OTHER,Secondary school teacher,1619103.15,LOW,Saint Pierre and Miquelon,West Corey,VERIFIED,False,False,2022-04-10,BUSINESS,28866.1,14024.42,2,Haiti,FOOS73277298146302
aa5432b6-61a9-4b7a-8e0e-ee120648e970,Gregory Orr,50,OTHER,Tourist information centre manager,1039129.67,HIGH,South Georgia and the South Sandwich Islands,Lauraborough,PENDING,False,False,2023-10-08,INDIVIDUAL,40257.17,23724.98,1,Paraguay,JSJE51635213072919
759bcb51-0884-434c-94a8-292d2f9a68da,Jessica Collins,21,OTHER,"Nurse, children's",1335701.69,LOW,Czech Republic,West Michael,VERIFIED,False,False,2022-09-18,INDIVIDUAL,20146.84,93925.15,4,Cote d'Ivoire,DCBZ02388743704492
2079ba82-4f20-4e17-a32e-df2c757b086f,Bruce King,70,FEMALE,Barrister,1273314.89,MEDIUM,Thailand,Jeffreybury,VERIFIED,False,False,2022-05-02,INDIVIDUAL,42005.56,84772.32,3,Iraq,ALDD77488194726195
3d71e2f1-ad0d-4cf1-a350-b3ec72cfb460,Sara Sanford,34,MALE,Arboriculturist,105439.3,HIGH,Equatorial Guinea,New George,VERIFIED,False,False,2024-02-23,INDIVIDUAL,23607.86,47696.22,2,Zambia,JUFI06253533323506
f124e16c-444d-406f-ba87-ef893514374d,Sharon Salas,27,MALE,Phytotherapist,129990.91,HIGH,Egypt,Campbellland,PENDING,False,False,2021-07-26,INDIVIDUAL,37402.18,17390.0,4,French Polynesia,BAYA54420232412083
f0dfc73c-f5b8-4a75-9517-6e0353d2b944,Pamela Carter,61,OTHER,Control and instrumentation engineer,619194.24,MEDIUM,Ireland,Lake Shannon,PENDING,False,False,2024-06-22,INDIVIDUAL,32583.38,67586.74,3,Cote d'Ivoire,TWCC14468343613485
db64abec-504b-4140-9dfe-3c6d3bf3183c,Gail Stewart,73,MALE,Dispensing optician,1624658.11,HIGH,Ethiopia,Lake Elizabeth,PENDING,False,False,2026-02-22,BUSINESS,44228.36,24376.82,3,Comoros,PRGD09176605166427
7af38590-0730-4549-a51c-962bac51e347,Thomas Jones,52,MALE,"Development worker, community",1533579.88,LOW,Micronesia,North Alan,PENDING,True,False,2023-08-10,INDIVIDUAL,18248.67,24063.7,3,Liechtenstein,PHCE62082381948937
a631fa07-95c8-4443-b34a-1bfdcdddcf95,Jennifer Lawrence,87,MALE,Art gallery manager,1751227.26,MEDIUM,Dominican Republic,West Meaganmouth,VERIFIED,False,False,2025-12-12,BUSINESS,47559.73,8353.08,1,Kiribati,WKGQ75571888054880
c950b7c5-ce9f-450a-81e9-f48548abcb9e,Theodore English,60,OTHER,"Designer, multimedia",1405930.45,MEDIUM,Romania,East Shanemouth,PENDING,False,False,2024-08-22,INDIVIDUAL,4527.95,63724.95,1,Israel,MZBO12332045994021
78e5b8df-74bc-415e-8ab7-0688b99b927e,Joel Crawford,69,MALE,Therapeutic radiographer,1386113.79,LOW,Liberia,Ryanton,PENDING,False,False,2023-09-09,INDIVIDUAL,6459.18,79491.9,3,Morocco,WEOL55415475400977
73405015-85d9-411e-b523-dd08b45b8ea8,Michael Santos,20,MALE,"Conservation officer, nature",1455624.53,HIGH,Kenya,Whitakerhaven,VERIFIED,False,False,2026-02-12,INDIVIDUAL,40076.43,51857.33,4,Paraguay,WJXX95746186247246
e6d9b08d-ef6f-49a2-b963-531337b6ebbd,Stephanie Schaefer,81,FEMALE,Interior and spatial designer,889485.87,LOW,Yemen,Whiteborough,PENDING,False,False,2021-08-06,INDIVIDUAL,13528.85,88754.19,1,Wallis and Futuna,NZTS98166276147366
4db0771a-57ca-4d4b-acde-686c3dc579be,Jennifer Todd,77,MALE,"Loss adjuster, chartered",940855.21,HIGH,Guernsey,Antonioside,PENDING,False,False,2026-07-11,INDIVIDUAL,33877.86,22564.9,3,Monaco,KFGP14437205931857
db277ab9-1cea-4559-a4af-a5bcf4fd393d,Calvin Alexander,22,MALE,Archaeologist,1572614.49,LOW,Guinea-Bissau,Leeton,PENDING,False,False,2025-12-21,INDIVIDUAL,40169.91,97399.35,2,Brunei Darussalam,IOYE78268925109529
8f9f32b2-b030-4e93-8e97-c0c7f4498323,John Fry,35,FEMALE,Lawyer,1274553.32,HIGH,Turkey,Lake Ashleyville,PENDING,False,True,2022-03-08,INDIVIDUAL,37385.59,56763.32,2,Mauritania,CGHK18934803906628
6416cfa4-dfe2-4693-b5a1-9744a92cacaa,Larry Marshall,61,FEMALE,Biomedical engineer,488093.72,MEDIUM,Iceland,South Moniqueberg,PENDING,False,False,2022-03-12,INDIVIDUAL,5209.22,4122.77,2,Swaziland,AFTP24570819661149
dbab5e1a-a90c-483f-b0df-614ae31e525a,Kimberly Turner,61,OTHER,Chiropractor,132652.18,MEDIUM,Sao Tome and Principe,Justintown,PENDING,False,False,2024-06-24,BUSINESS,17761.36,13102.47,1,Cayman Islands,VHZQ20995842263316
a75ea8db-759a-423b-a2c2-8bb355754e5d,Jennifer Gray,45,MALE,Actuary,663652.97,MEDIUM,Australia,North Johnny,PENDING,False,False,2024-10-02,BUSINESS,34728.42,39155.33,4,Angola,OBTB70928095164030
8bf17180-beb2-4c5e-b7e6-6a13be711c57,Sara Lowery,84,FEMALE,Sport and exercise psychologist,649040.85,LOW,Andorra,South Annette,PENDING,False,False,2023-03-09,INDIVIDUAL,18565.43,46234.03,4,Botswana,KDRJ57166532150020
e6f6109b-d3b1-411b-a09d-aa585729ee0f,Tyler Soto,40,OTHER,Tour manager,590922.08,MEDIUM,Bahamas,Sarafurt,PENDING,False,False,2022-08-26,BUSINESS,41210.18,97562.11,2,Saint Martin,AGER25292579026566
cca73f29-2b7e-49ea-9215-a9b1bf5f3705,Martha Morris,52,MALE,Occupational therapist,1887531.44,MEDIUM,Hong Kong,Leeport,VERIFIED,False,False,2024-12-23,INDIVIDUAL,13804.05,62429.34,2,Yemen,YWEH74595824737710
0a7e29c3-9cdb-4fa5-8390-d74493160c25,Gabriel Rodriguez,51,OTHER,Special effects artist,1209062.88,MEDIUM,Libyan Arab Jamahiriya,North Elizabethport,VERIFIED,False,False,2024-09-22,INDIVIDUAL,49051.71,48572.1,4,El Salvador,WHPB66783948944536
59174324-f8ba-4333-b7a5-3898bf8d72b4,Ashley Shaffer,66,OTHER,Hotel manager,1219079.69,HIGH,Switzerland,South David,PENDING,True,False,2026-02-12,INDIVIDUAL,27350.51,42906.3,1,Spain,BBUB70987530775301
a00fd3c5-2899-4e46-8b08-70c305e0918f,Laura Patel,53,OTHER,"Pharmacist, community",730250.75,MEDIUM,Israel,Rileymouth,VERIFIED,False,False,2024-10-27,BUSINESS,907.81,7603.54,2,Brunei Darussalam,SVDV22035581760015
cc7d41fe-f34a-4670-a2ac-3a83c1e0f6da,Susan Solomon,65,FEMALE,"Psychotherapist, dance movement",1354291.0,MEDIUM,Pitcairn Islands,North Isaactown,VERIFIED,False,False,2025-04-09,INDIVIDUAL,10192.84,15375.69,3,Mauritius,WZRZ12729300201714
0c30e930-5ac5-478c-9cb4-a8f8a7d7a0f7,Sheila Pope,88,OTHER,Camera operator,566135.78,HIGH,Albania,Watkinsmouth,VERIFIED,False,False,2021-07-30,BUSINESS,2733.63,47352.73,1,Azerbaijan,GAFJ29000880917342
93148d11-d28b-41f2-8710-0417ea2935af,Michael Harris,27,FEMALE,Early years teacher,360167.66,LOW,Bermuda,East Josephhaven,VERIFIED,False,False,2025-10-29,INDIVIDUAL,12237.85,16994.86,3,Slovakia (Slovak Republic),HAQB16507325246636
b2a9dd70-6986-4010-ad9b-ba237c2237b6,Briana Anderson MD,36,FEMALE,Rural practice surveyor,1166295.98,MEDIUM,French Polynesia,South Hollystad,VERIFIED,False,False,2022-07-24,BUSINESS,17316.45,54627.74,4,Australia,AKFH58254220265265
767a4290-5f86-456c-aef4-81debbfebfe3,David Noble DDS,80,MALE,Broadcast journalist,545165.62,LOW,Pakistan,Lake Caroline,VERIFIED,False,False,2024-01-21,BUSINESS,36273.17,56632.43,3,Sao Tome and Principe,ILXV49186814161354
364acb57-d955-4683-8ef4-8906d5f3171f,Lindsey Martinez,18,OTHER,"Research officer, political party",970512.46,LOW,United States Virgin Islands,Greenfort,PENDING,False,False,2022-01-01,BUSINESS,9594.67,58288.78,1,Saint Kitts and Nevis,TVHI38067878500929
5c18d8d9-b96a-4185-ab2e-c104b7eed283,David Oneal,86,MALE,Pension scheme manager,531207.99,MEDIUM,Kenya,Whiteheadland,PENDING,False,False,2023-03-10,BUSINESS,17357.92,56428.92,3,Costa Rica,NESX29657740715661
1f7bcd4b-b193-47c5-9b83-a4b9e4527c0d,Jeremy Boyd,33,FEMALE,Sales executive,659778.95,HIGH,Nauru,Gilesburgh,PENDING,False,False,2023-08-06,BUSINESS,31393.31,69321.58,4,Yemen,IABV65447521179708
75d98c7b-be9b-4776-8b86-8f9d50389e4e,Aaron Rosario,90,OTHER,Garment/textile technologist,572486.67,HIGH,Azerbaijan,Jasonport,VERIFIED,False,False,2022-06-10,BUSINESS,49512.78,13737.45,2,Panama,LCZX32497408612303
7ef16a21-1979-4ec4-b896-4d58c3752802,Gregory Phillips,48,MALE,"Surveyor, planning and development",219972.06,MEDIUM,Senegal,Lake Coryview,VERIFIED,False,False,2023-09-17,BUSINESS,45365.82,59863.37,2,Timor-Leste,DZCJ67918804259855
56c2fa8f-e11e-488b-96cb-681d5de4e5a0,Amber Hernandez,67,MALE,Company secretary,1764020.2,MEDIUM,Monaco,Lake Kristin,PENDING,False,False,2025-08-31,INDIVIDUAL,41174.84,96941.06,4,Antarctica (the territory South of 60 deg S),SFWH27915320133840
df3c2058-44c4-4bef-82a1-75bc37d608a9,Angela Cooper,22,OTHER,Counsellor,1211772.86,LOW,Vietnam,Carrollside,PENDING,False,False,2024-08-23,INDIVIDUAL,9906.63,8279.42,3,Tuvalu,UQWJ29494843111153
b81dbff7-ce76-43a3-bcb8-8675e9cc4235,Paula Cardenas,41,OTHER,Psychiatric nurse,1426352.5,HIGH,Congo,North Jefferyshire,VERIFIED,False,False,2026-05-13,BUSINESS,44336.91,82396.26,1,Yemen,OEWD58957745736213
a483936b-e10c-4341-8eb4-428ef54a725b,Andrew Willis,27,MALE,Clinical biochemist,591554.59,HIGH,Uzbekistan,Martinezmouth,PENDING,False,False,2025-02-10,BUSINESS,47348.33,87003.33,4,Solomon Islands,BDJQ13343369118609
0bbab9c5-69ee-482f-b7d0-bf1645e369c7,Caitlin Caldwell,66,FEMALE,"Engineer, energy",824993.39,HIGH,Cuba,Rojasborough,VERIFIED,False,False,2023-01-06,INDIVIDUAL,6977.55,47827.64,3,Nigeria,MQXR32615088640319
404a929c-b5e9-476e-b3ce-1a41baa15d35,Brian Morris,77,MALE,"Runner, broadcasting/film/video",426864.3,LOW,Malaysia,Welchborough,VERIFIED,True,False,2026-03-11,BUSINESS,4952.31,10930.85,4,Saint Helena,DTYK52827823757682
fe9bce18-9c90-4cef-94a8-6263cebbed89,Julie Allen,64,OTHER,Prison officer,1436741.58,HIGH,Uzbekistan,Michaelmouth,VERIFIED,False,False,2026-01-21,BUSINESS,21141.03,51542.13,3,Pakistan,SFQF24376836383864
f8e462bb-d320-42e7-b512-e9e94d150c53,John White,54,FEMALE,"Lecturer, further education",1442593.65,MEDIUM,Cape Verde,Thomastown,VERIFIED,False,False,2026-02-05,BUSINESS,29809.19,90684.2,1,Cyprus,JGIM11103935971925
d2497117-b7b1-4b68-a684-8f9989cec5c7,Marcus Richmond,88,MALE,Animal nutritionist,855412.66,MEDIUM,Venezuela,Jacobport,VERIFIED,False,False,2022-05-20,BUSINESS,43204.8,22150.86,1,Holy See (Vatican City State),XPLQ21906145010790
d92d3269-251f-44a9-9daf-14e571454782,Kevin Avila,44,OTHER,IT sales professional,316662.86,HIGH,Angola,Floresville,VERIFIED,False,False,2023-11-05,INDIVIDUAL,28802.84,29880.55,4,Marshall Islands,NGUL83882697192085
2d216fda-b055-476e-8ca4-709cada83c7d,Holly Moyer,78,OTHER,Database administrator,1838489.84,MEDIUM,Finland,South Cynthiaport,PENDING,False,False,2024-10-29,INDIVIDUAL,17471.26,70853.08,1,Russian Federation,GGRC71964361691044
db00c938-93f5-4d0a-927b-f639d432f663,Charles Grant,37,MALE,"Programmer, multimedia",204996.79,HIGH,Liberia,Lake Juliaview,PENDING,False,False,2022-01-24,BUSINESS,29743.85,57340.55,1,Madagascar,GZAO77182606586608
5d8cee94-4824-4cf5-9622-fd25d3bd84b1,Zachary Fernandez,46,MALE,Barrister's clerk,429017.18,MEDIUM,Andorra,Port Danieltown,VERIFIED,False,False,2025-11-16,BUSINESS,12739.01,21389.78,4,Liechtenstein,AXCA97542727929036
de429ebe-ced7-41f4-b1d8-9c20f7923ed8,Cameron Fletcher,40,MALE,Medical physicist,1070802.63,HIGH,Palestinian Territory,Mooretown,VERIFIED,False,False,2023-10-10,BUSINESS,27251.03,35936.31,1,Ecuador,JEGZ84628173315981
30f2ee9e-cd9d-4bf2-8d4e-71c9bc9b6e0a,Aaron Walls,68,OTHER,Phytotherapist,386764.48,MEDIUM,Korea,Port Markstad,VERIFIED,False,False,2024-10-16,BUSINESS,29218.11,97342.86,2,Antarctica (the territory South of 60 deg S),ZVXY22605866562469
d0db3585-9481-4b72-931d-c687bbac4159,Glenn Edwards,42,MALE,Fish farm manager,1893247.56,LOW,Sudan,South Paulstad,PENDING,False,False,2026-04-18,INDIVIDUAL,23582.33,93938.25,3,Andorra,LVZZ48671442209846
673d23aa-b16c-4d4e-bc8c-e41b8e19c34d,Juan Ross,37,MALE,Quality manager,652206.17,LOW,Azerbaijan,South Kristen,PENDING,False,False,2021-10-03,INDIVIDUAL,18251.48,57440.82,2,Gambia,CGMR73998670127791
55f7dbf7-a74b-4e56-bb96-74e57eceefa7,Jill Smith,47,OTHER,Industrial buyer,540246.27,HIGH,Malaysia,Timothyfurt,PENDING,False,False,2023-04-06,INDIVIDUAL,19572.15,75669.1,1,Libyan Arab Jamahiriya,FPIR31791505373337
59f64226-8cdc-4c6a-8e7b-415f6e269321,Wesley Gross,26,MALE,Agricultural consultant,1945545.98,MEDIUM,Slovakia (Slovak Republic),Josephport,VERIFIED,False,False,2023-12-13,BUSINESS,33761.83,39339.85,3,Hungary,BRIE95837837960656
4c322722-a518-4440-b295-d3c4e7e5cb29,Dana Reed,22,MALE,"Surveyor, commercial/residential",53673.91,MEDIUM,Benin,Dillonfort,VERIFIED,False,False,2024-05-18,BUSINESS,42165.08,69098.93,4,Mongolia,JGPU82333262753444
224e0eb6-14bc-414e-bbe7-de5b1670de52,Sharon Montgomery,89,FEMALE,Colour technologist,222910.5,MEDIUM,Georgia,Alexandriamouth,VERIFIED,True,False,2023-08-24,BUSINESS,22078.91,89757.48,2,Hong Kong,DECQ93101503642038
47e6651d-e5a1-4b2f-8db6-bd097f74fe74,Joshua Lee IV,61,FEMALE,Production manager,1743286.09,HIGH,Venezuela,Johnsonstad,PENDING,False,False,2025-04-12,BUSINESS,11098.21,43977.62,2,Holy See (Vatican City State),JXAU37670385070489
60247584-d063-49f2-b123-c2ee85a525a7,Eric Gonzalez,38,FEMALE,Best boy,547434.81,HIGH,Turks and Caicos Islands,Cherylbury,VERIFIED,False,False,2023-04-17,BUSINESS,2271.64,49553.52,4,United Kingdom,OKQY26077974899093
82bd4427-0b64-4d88-8490-f98a55652df6,Cynthia Evans,38,FEMALE,Operational researcher,588432.15,HIGH,Chad,Julietown,VERIFIED,False,False,2023-09-08,INDIVIDUAL,8611.28,86306.54,2,British Virgin Islands,MDDY35254432554440
358f1631-441b-4cfc-aa0f-95820426b5d2,Amy Martin,75,FEMALE,Diagnostic radiographer,903638.09,MEDIUM,Bhutan,Johnville,PENDING,False,False,2023-12-30,BUSINESS,34415.18,81540.71,3,United Kingdom,UVLT02491326721164
d0132859-3f67-47dc-8c88-2a5305d56ae1,James Howell,40,MALE,"Engineer, energy",1738503.65,HIGH,Kiribati,Huffmanmouth,VERIFIED,False,False,2022-11-27,INDIVIDUAL,44391.55,33178.18,4,Qatar,SASJ30921394904245
25e16174-1626-460d-aa41-9113ab7c892d,Jonathan Gibson,82,FEMALE,Cytogeneticist,1262272.02,MEDIUM,Botswana,Robertland,VERIFIED,False,False,2024-07-27,BUSINESS,28422.63,72488.64,1,French Guiana,HRBN17109953343911
6c028f2c-548c-4d63-8808-9129e1ad23c8,Sara Gonzalez,19,MALE,Petroleum engineer,1104376.53,HIGH,Ireland,North Michelle,PENDING,False,False,2025-02-27,INDIVIDUAL,40931.4,68165.23,2,Luxembourg,LJKL43319295558355
24a2ac28-409f-46a0-8722-adb611b1ecf5,Cheryl Williams,83,MALE,Purchasing manager,418054.12,MEDIUM,Martinique,Martinezville,VERIFIED,False,False,2022-11-04,BUSINESS,20615.91,75975.34,4,Netherlands Antilles,DAVQ19161829710718
ad5e0b24-ffac-4ffc-89ea-3f5595801b5e,Mitchell Hunter,75,MALE,Product designer,1155015.77,HIGH,Saint Martin,Port Christophershire,VERIFIED,False,False,2024-11-17,BUSINESS,32139.86,34150.07,1,Ireland,LIDW97390057575088
f802e37d-9768-4378-99e9-245e0e811b10,Mario Mills,37,OTHER,Conference centre manager,566554.37,LOW,Luxembourg,Jeremyside,VERIFIED,False,False,2024-09-03,INDIVIDUAL,19639.6,49582.4,2,Heard Island and McDonald Islands,BWBE33338554107837
4b01e6e2-2fc7-4ed0-b007-23534f5e2c2f,Cindy Edwards,58,OTHER,Geographical information systems officer,168567.34,HIGH,China,North Amy,PENDING,False,False,2022-11-09,BUSINESS,12749.47,40130.67,2,Bosnia and Herzegovina,XWBK34209853631266
db9daea8-5302-451a-9771-d99cd6108769,Taylor Willis,74,FEMALE,"Teacher, music",959042.29,LOW,Thailand,Port Nicholas,VERIFIED,False,False,2024-11-30,INDIVIDUAL,6935.8,53427.06,2,Anguilla,JEBV14718516917220
104d208c-e646-4967-9b8c-96a58dfc0733,James Lawson,86,MALE,Primary school teacher,835470.42,HIGH,Madagascar,Lake Gregory,PENDING,False,False,2026-06-14,INDIVIDUAL,37155.32,6827.1,3,Algeria,CWFS74445372750300
41d0cce0-504c-48f0-8d0e-c34853084647,Carolyn Cannon,60,MALE,Exhibition designer,320409.84,LOW,Kiribati,South Ronaldhaven,VERIFIED,False,False,2021-11-06,BUSINESS,8279.49,44642.08,2,South Georgia and the South Sandwich Islands,EBHF10910452109778
f8fa0cbd-254d-4900-a2d4-a67da4231b89,Jordan Ellis,72,FEMALE,Volunteer coordinator,615246.98,HIGH,Palau,North Jesseport,PENDING,False,False,2024-12-24,BUSINESS,35550.1,64263.47,4,Mozambique,MQNL45432237813220
58503b28-6e66-4dcc-a5cc-fa3f0fb32ac2,Tiffany Smith,47,FEMALE,Curator,509942.74,MEDIUM,Montenegro,Gilbertmouth,PENDING,False,False,2023-12-08,INDIVIDUAL,5892.28,57510.24,4,Kenya,IJYG37572843179365
f211d738-01a1-4c7a-9748-1d002d8c8ef5,Joel Richards,55,FEMALE,Midwife,155178.77,MEDIUM,Slovakia (Slovak Republic),West Christopherview,VERIFIED,False,False,2023-07-22,INDIVIDUAL,39895.39,57262.8,3,Bulgaria,GTRT14640423258306
ed508f97-81c0-407f-a970-13cccbc9d098,Paul Marsh,78,OTHER,Senior tax professional/tax inspector,1840196.77,LOW,Bouvet Island (Bouvetoya),South Christianmouth,VERIFIED,False,False,2021-08-26,INDIVIDUAL,14632.34,12897.41,1,Guernsey,MDFN28556395720778
ed1f5313-ce85-420d-8561-b8ecd3dd430d,Sharon Case,20,OTHER,Dancer,655354.83,MEDIUM,Swaziland,Jeffreyborough,PENDING,False,False,2022-08-25,BUSINESS,12995.48,24041.86,3,Portugal,PSQM75470885106241
3dba3160-4ee6-4c57-a780-da03e6ab3a03,Robert Garcia,62,OTHER,Product/process development scientist,216492.73,HIGH,Kyrgyz Republic,East Angelaberg,PENDING,False,False,2025-05-17,BUSINESS,3223.4,64912.48,1,Portugal,QQNS92408367435454
fedb44d8-3017-4268-a617-dc323483deb1,Karen Marshall,80,MALE,Product/process development scientist,389780.01,MEDIUM,Guinea-Bissau,New Gabriellamouth,VERIFIED,False,False,2024-10-19,BUSINESS,16229.1,94055.77,3,Guyana,IQTP72411390318662
39fd5e81-9e1e-4108-b5fe-3f8e3faa26a4,Julie Pennington,69,FEMALE,Chartered certified accountant,752680.12,MEDIUM,Andorra,Staceytown,VERIFIED,False,False,2025-12-25,BUSINESS,16541.16,60932.37,1,Slovenia,NQUU93813015437522
2c5502de-a88d-42b1-bcac-34bc60c75c8d,Dr. Dawn Flores,20,FEMALE,Academic librarian,849256.58,LOW,Dominican Republic,Davidberg,VERIFIED,False,False,2025-12-05,INDIVIDUAL,28484.56,29058.17,4,North Macedonia,YWVO68796426011575
452b7eb9-3f67-42fc-bffd-39618c7be3f4,Timothy Lawson,77,FEMALE,Child psychotherapist,980804.76,MEDIUM,Turkey,West Sarah,VERIFIED,False,False,2024-11-06,BUSINESS,44797.79,66170.8,3,Guadeloupe,VFUK29799690317239
32eaa213-1106-4ee4-a3b7-3741acb05efa,Todd Lewis,87,OTHER,Education administrator,93313.77,MEDIUM,Somalia,Sallymouth,PENDING,False,False,2022-06-24,INDIVIDUAL,13631.82,16621.31,4,Montenegro,KAMH84835778869503
e4e99dc9-057c-4665-978c-7e94f525f7cf,Christina Martinez,19,MALE,Conference centre manager,275479.08,HIGH,Poland,Port Jerryport,PENDING,False,False,2021-08-12,INDIVIDUAL,47812.92,48238.03,1,Tanzania,OCDI54582098400035
bc921232-3b20-4cc9-aa29-ca75601e0d53,James Brown,83,OTHER,Market researcher,1852702.12,HIGH,Jamaica,North Karen,VERIFIED,False,False,2025-06-25,INDIVIDUAL,8902.69,83970.23,3,Swaziland,XZXH33247617496084
6fb199c1-cd8d-4cfc-9113-b5f9c7d7cb2a,Stephanie Bryan,85,MALE,Chief Marketing Officer,593480.89,LOW,Chad,New Kelseystad,PENDING,False,False,2022-02-22,INDIVIDUAL,49423.91,16556.46,3,Uganda,FYWV95869523379701
4660272b-00d4-4986-8e8a-bb41513e26cb,Patrick Patel,41,MALE,Fisheries officer,1536011.43,LOW,Greece,Williamsview,PENDING,False,False,2024-09-22,BUSINESS,21958.13,28713.85,4,Georgia,IUWC27404189304335
6c2694fb-ed14-42c7-80e6-e32b5fc3d3d8,Joshua Reed,80,FEMALE,Air traffic controller,1450017.51,MEDIUM,Botswana,Dawnstad,PENDING,False,False,2024-04-15,BUSINESS,10872.52,62705.11,3,Brazil,MBMP35226072362718
0a2fc00d-ab52-4f75-a6cb-318772eb984b,Tracy Cain,85,MALE,Probation officer,1212153.37,HIGH,Jersey,Chelseyhaven,VERIFIED,False,False,2024-02-24,BUSINESS,25492.72,49821.28,3,Swaziland,TLWO12021056736833
643d8ad1-01f9-43ee-bb01-75cfb69ef2d3,Patrick Berry,67,FEMALE,Planning and development surveyor,383748.53,HIGH,Korea,Kristinburgh,VERIFIED,True,False,2025-04-16,INDIVIDUAL,25172.43,20501.61,1,Tokelau,WLDC35256512520891
da4b0ac3-0566-44f7-83ec-ed7d5c4b073d,Laura Patterson,40,MALE,"Nurse, children's",676306.18,HIGH,Syrian Arab Republic,Farmerborough,VERIFIED,False,False,2026-06-09,INDIVIDUAL,29485.61,19109.11,2,Greece,DQZP89509401833892
45300779-7336-4c76-b877-3be758990142,Glen Rangel,47,OTHER,"Surveyor, minerals",1429289.07,HIGH,British Indian Ocean Territory (Chagos Archipelago),Martinezmouth,VERIFIED,False,False,2023-04-08,BUSINESS,26977.81,89138.21,3,Monaco,AVJF39136508040650
80a9958b-b85f-4692-a024-05cbcda52365,Jesus Hoffman,59,MALE,Electronics engineer,447163.11,MEDIUM,Mayotte,Lake Jamie,PENDING,False,False,2022-01-20,BUSINESS,6994.12,48597.22,1,Cape Verde,VSKA80116983787204
6cced8cc-845c-4103-b498-9df5a8e05d90,Gerald Aguilar,34,MALE,"Engineer, site",1876551.12,LOW,Suriname,Lake Teresamouth,VERIFIED,False,False,2026-04-26,INDIVIDUAL,27105.33,8459.46,1,Lithuania,HYRP98258739648659
64841dee-c2eb-486d-9cf8-fb200e6ac9d5,Melissa Hayes,66,FEMALE,Probation officer,1069069.2,LOW,Cocos (Keeling) Islands,Johnsonville,PENDING,True,False,2021-09-04,INDIVIDUAL,42787.06,16989.87,1,Timor-Leste,RPKJ74365749385914
5d008b51-ed9e-4a16-b7c7-b77d6a030fe6,Misty Wilson,50,FEMALE,Microbiologist,1067689.16,LOW,Antarctica (the territory South of 60 deg S),South Kristenmouth,VERIFIED,False,False,2026-07-16,INDIVIDUAL,9529.47,78748.05,3,Egypt,DEFO50433048530165
0d6cb9d6-6c00-4cb8-b542-e9e566930770,Peter Allen,21,FEMALE,Company secretary,1177981.91,HIGH,Austria,Glassland,VERIFIED,False,False,2023-11-20,INDIVIDUAL,24867.46,62095.31,3,Qatar,FGMS67851095890586
7aab1089-7e52-42f9-870b-96962418a27a,Jeremy Peterson,55,MALE,Medical technical officer,747706.84,LOW,Venezuela,Robertville,VERIFIED,True,False,2024-02-19,INDIVIDUAL,25918.24,18997.42,3,Eritrea,YWJN88715543923573
733ea429-ad5e-4c7b-a07a-ee36c6b2f064,Amanda Terry,35,MALE,"Sales professional, IT",871710.14,LOW,New Zealand,Williamberg,PENDING,False,False,2024-10-15,BUSINESS,14089.49,39803.67,2,El Salvador,XFZW03984990860728
18820a6d-b5db-4e50-9ce6-cce8fde053e5,Donna Humphrey,57,OTHER,Magazine features editor,1311572.95,MEDIUM,Iceland,Lake Jasonhaven,VERIFIED,False,False,2022-02-03,BUSINESS,19847.34,96414.74,3,Bolivia,ZMQH33225871109700
18789dab-24f3-4502-89e0-c909b74af427,Olivia Perez,73,MALE,"Therapist, horticultural",1986329.76,HIGH,Cote d'Ivoire,Craigton,VERIFIED,False,False,2026-07-07,BUSINESS,5926.37,17048.6,1,Saint Pierre and Miquelon,MSMC17166879465987
8682c79e-634e-4575-b11c-e50f5fa72e7f,Colin Walker,37,MALE,"Scientist, research (life sciences)",1684751.67,MEDIUM,Iraq,Jesusborough,PENDING,False,False,2025-06-02,BUSINESS,25299.79,45500.59,3,United Kingdom,ESBF83160770173615
a550cc76-39d4-46bd-b25b-9f189b37e31f,Monique Sanchez,29,OTHER,Landscape architect,1724446.26,LOW,Singapore,East Beverlyhaven,VERIFIED,True,False,2025-03-17,BUSINESS,25605.01,82051.92,1,Belgium,ABJE09989364309863
ac1ba066-0f3d-4c08-8478-d15cb4c5a754,Jennifer Joseph,18,OTHER,Building control surveyor,1439760.69,MEDIUM,Nigeria,Sanchezstad,VERIFIED,False,False,2022-08-14,INDIVIDUAL,45725.28,28234.78,2,New Caledonia,QKZX32301164064660
83b80cf2-c4c2-45b5-bb1b-69a2387062a6,Kevin Hubbard,54,FEMALE,Systems developer,958637.11,LOW,Liberia,South Brian,VERIFIED,False,False,2026-06-27,BUSINESS,41618.28,64938.09,2,Saint Barthelemy,EEIZ61577018219011
f54112eb-d129-4e22-bb88-05e22c35eb9c,Scott Cordova,63,OTHER,"Designer, graphic",1768244.07,LOW,Hungary,Howellport,PENDING,False,False,2024-01-29,BUSINESS,23528.63,83721.23,4,Faroe Islands,CARJ03303998416540
cb5d7359-18e2-415c-9f3a-cfc783e3e1f3,Elizabeth Williams,38,MALE,Dietitian,1430714.92,MEDIUM,Faroe Islands,West Erin,PENDING,False,False,2025-12-10,BUSINESS,8739.95,17107.71,4,French Guiana,SLOD01206808989531
39bd4464-70cc-4280-8c97-8ca6cb03bb29,David Morales,73,MALE,"Engineer, control and instrumentation",741574.31,LOW,Costa Rica,Port Ryan,PENDING,False,False,2023-07-31,INDIVIDUAL,21341.44,5265.5,1,Mongolia,YLZU14898385636249
fd6d45ad-d8df-4ef3-84d7-a612f1f21cd0,Derrick Sloan,86,FEMALE,Social researcher,1136405.45,LOW,Anguilla,Lake Cassandra,VERIFIED,True,False,2024-02-12,BUSINESS,17756.68,87457.32,1,Saint Barthelemy,UKKN85278786330981
1d69ccc6-2cb7-43b6-91db-f73c5e35386e,Amber Edwards,33,MALE,Air cabin crew,1093422.2,MEDIUM,Palau,Nicolemouth,VERIFIED,False,False,2025-01-31,BUSINESS,17136.04,84898.35,2,Indonesia,MLIZ05326416592207
06dd8204-6d0c-429d-9cec-e46a1818ca7a,Sandy Harrington,88,MALE,"Civil engineer, consulting",1441578.01,LOW,Hungary,Sophiachester,PENDING,False,False,2024-02-01,BUSINESS,11926.56,47063.64,3,Comoros,RNFS74008770542129
acbae09d-021e-4e99-bb45-20ffe3ee5c37,Brenda Rodgers,45,FEMALE,Newspaper journalist,378716.48,LOW,Malaysia,Lake Theodoreport,VERIFIED,False,False,2023-06-24,INDIVIDUAL,34104.56,31081.76,1,Japan,TOEX39689522915329
3342abd7-4d09-4196-aea6-7247cea6794f,Victoria Shields,34,FEMALE,Animal technologist,166415.7,MEDIUM,Bermuda,Port William,PENDING,False,False,2026-03-09,INDIVIDUAL,13058.0,9493.97,4,Bangladesh,ZAQJ24994778572038
f96d95e2-a5e7-41fa-8ac9-de04c53a16c6,Bailey Newton,70,OTHER,Patent examiner,1685736.74,LOW,Isle of Man,Port Daniel,VERIFIED,False,False,2026-01-26,BUSINESS,37053.99,20330.0,3,Pakistan,TMQD46650612015322
0f9d3076-fc6b-49e3-809e-41c406d3ce12,Brandon Perez,67,OTHER,Therapeutic radiographer,1912134.83,HIGH,Marshall Islands,Jamesstad,VERIFIED,False,False,2022-02-24,INDIVIDUAL,30300.08,96028.22,2,Korea,EGRH60758958632899
bbc1bb6b-30dc-46b5-afdb-449f3feef3ec,Christopher Martinez,90,OTHER,Educational psychologist,1400111.88,HIGH,Angola,Lake Heidi,VERIFIED,False,False,2024-12-14,INDIVIDUAL,13371.46,97622.69,2,Peru,SMYZ05631707548187
95e9c49f-00ac-40e7-a473-76e5634cc2a7,Brenda Smith,28,FEMALE,Physiotherapist,20794.94,LOW,Pakistan,West Robertfurt,VERIFIED,False,False,2025-04-13,BUSINESS,9327.46,48124.49,4,Bahrain,JNUT15363650744754
d59f5d13-b8e4-4373-a522-e3e20cb89409,Tara Duran,87,FEMALE,"Scientist, physiological",1563338.73,LOW,Honduras,West Dalechester,VERIFIED,False,False,2025-01-30,INDIVIDUAL,9846.3,66610.6,1,Germany,IXAZ19145248883427
145d1321-64ba-4db2-8419-67c547ac9898,Anthony Reed,33,OTHER,"Engineer, water",581643.32,MEDIUM,Barbados,Harrisonberg,PENDING,True,False,2022-08-08,BUSINESS,21164.48,66861.97,1,Lao People's Democratic Republic,YFSD72391760275800
fd9284b2-ea00-47a3-b405-8b483fb5cecf,David Turner,45,OTHER,Communications engineer,1418382.44,HIGH,Barbados,South Bobbystad,VERIFIED,False,False,2024-11-04,INDIVIDUAL,6093.25,91894.72,4,Nauru,BUJX16576619449868
84115076-e07c-4d57-a73e-ae26632fc473,Jeffrey Forbes,31,MALE,"Administrator, arts",894503.02,HIGH,Isle of Man,Davidshire,PENDING,False,False,2023-02-28,BUSINESS,25728.0,20614.39,4,Greenland,ROCN76296753298804
4c4dc641-13b6-4a4c-84fd-5330d6c588ed,Caitlin Watson,23,MALE,Fisheries officer,1463371.5,MEDIUM,Iceland,West Jenniferville,VERIFIED,False,False,2022-10-06,INDIVIDUAL,26837.44,84863.9,2,Switzerland,COSU61760677616626
6673cc79-4fa2-443e-b2ae-b72a9dad180d,Rachael Middleton,43,OTHER,Lexicographer,339509.34,MEDIUM,Nauru,North Ryanland,VERIFIED,False,False,2025-10-07,BUSINESS,25158.81,14328.42,2,Falkland Islands (Malvinas),UBBO66682242785686
4403a9fe-eb80-4602-8ad1-b275b3b1583f,Emily Price,57,OTHER,Naval architect,237826.43,MEDIUM,British Virgin Islands,Tannerstad,PENDING,True,False,2021-08-21,BUSINESS,12754.12,11386.44,4,Marshall Islands,ZRTV01414647313587
dc0d4bf9-8eca-4d37-8346-1094a427f124,Kathryn Barrett,34,OTHER,Multimedia programmer,240754.97,HIGH,Bosnia and Herzegovina,West Linda,VERIFIED,False,False,2022-11-25,BUSINESS,37530.01,61459.19,1,Slovenia,LXIR36325171158610
3f794c8f-5f8d-406b-91a2-f573b96f09c0,Roger Garza,60,FEMALE,Computer games developer,1133918.65,HIGH,Cambodia,East Dianaburgh,PENDING,False,False,2024-03-31,BUSINESS,14108.57,80098.57,4,Comoros,XNBG02073455648552
f0682ef7-54d5-4331-9e9a-9c05a8219159,Ms. Sally Petersen,43,FEMALE,"Psychologist, occupational",1917850.25,LOW,Gibraltar,South Pamela,VERIFIED,False,False,2025-11-07,BUSINESS,25488.7,71249.54,1,Malta,EWNW29320934473434
530700fc-4ca1-431d-b3a5-4c9b98df1ef7,Patrick White,46,MALE,Biomedical engineer,1593955.91,MEDIUM,Moldova,Murillomouth,VERIFIED,False,False,2025-07-29,INDIVIDUAL,47921.96,98818.41,3,Russian Federation,VRCW06643452775813
75a6ee3f-368a-4a9b-9786-2b534ff1369c,Kyle Jones,77,FEMALE,"Journalist, broadcasting",173553.3,HIGH,Peru,Danielleberg,PENDING,False,False,2022-05-16,INDIVIDUAL,16582.06,70934.89,4,Slovenia,XLEV77059593792900
401dc418-6682-4745-9fa4-b637f281e2e5,Justin Howard,58,MALE,Product designer,834398.6,LOW,Congo,Bentleyburgh,VERIFIED,False,False,2026-02-01,INDIVIDUAL,11936.17,40271.95,4,Belize,WCGW17100528230294
43abe97b-b519-400f-8305-5effe6fb752b,Dawn Butler,65,OTHER,Social researcher,1192909.41,HIGH,Marshall Islands,Danielbury,PENDING,False,False,2024-09-11,BUSINESS,9268.06,34181.1,1,Algeria,SAPF58567977123291
b1addaac-5b70-47ba-9cd4-952101f6fbd7,Joseph Herman,83,MALE,Research scientist (life sciences),366788.68,MEDIUM,Estonia,South Loganbury,VERIFIED,False,False,2022-02-02,INDIVIDUAL,45348.14,89296.99,1,Palau,GLIH61410618312070
e5b74ebe-3912-4b58-8865-5084e080fd79,Madeline Scott,76,MALE,Landscape architect,298852.39,HIGH,Qatar,Rachelstad,VERIFIED,False,False,2025-12-26,BUSINESS,17817.68,25572.47,1,Taiwan,VDRB13804715739090
90defb67-d224-4ac7-b74d-6d78234c0990,Martin Smith,62,MALE,Environmental consultant,318355.14,MEDIUM,Liechtenstein,Thompsonborough,VERIFIED,False,False,2025-02-27,BUSINESS,41104.24,69094.18,2,Vanuatu,EPES44205615619705
976b9dce-0ddb-4eea-b509-3392bdb8d573,Karen Cole,66,MALE,Field seismologist,402635.8,MEDIUM,Niger,West Eric,PENDING,False,False,2026-03-24,BUSINESS,29066.18,23782.4,1,Guinea-Bissau,YCRR71777539350728
58147e99-1fb3-47cb-a0c6-02c22ec836ae,Matthew Davis,47,OTHER,Ceramics designer,490253.41,LOW,Martinique,Christophertown,VERIFIED,False,False,2024-06-27,BUSINESS,8114.56,6119.48,2,Greece,YKQP48808062811269
9e710a61-4b8f-423c-9f6c-9f77b9af0679,Derek Graham,54,OTHER,Fitness centre manager,1723411.4,MEDIUM,Singapore,Hernandezview,PENDING,False,False,2026-03-22,BUSINESS,22643.43,42762.83,1,Saint Kitts and Nevis,XCSF02675726154125
061b7b74-e2d4-47c6-8be9-b74825bff57e,Jasmin Johnson,27,FEMALE,"Engineer, materials",637224.61,LOW,Northern Mariana Islands,Aaronberg,PENDING,True,False,2023-03-04,BUSINESS,35237.07,23936.33,1,Brazil,VOEM04685113234520
bd6527cb-ab59-467b-9868-361ef806cec2,Patrick Orr,60,MALE,"Lecturer, further education",235330.69,LOW,Ukraine,Millerberg,VERIFIED,False,False,2023-08-31,BUSINESS,29819.14,28314.0,3,Botswana,RNSW26439626347561
b2296d27-c63e-471f-a5f3-98ca9fc68e7d,Carla Alvarez,36,FEMALE,Multimedia programmer,1199275.2,HIGH,Gambia,Morrisonbury,PENDING,True,False,2025-04-05,INDIVIDUAL,9919.2,47176.24,2,Gambia,APQN02337776671434
8cfde617-f1b5-4577-aae0-3b5fbaba47fe,Charles Roberts,44,OTHER,Audiological scientist,1532252.88,MEDIUM,San Marino,Angelamouth,VERIFIED,False,False,2024-09-07,BUSINESS,21686.91,16486.55,3,Philippines,CONN31743427958759
fa1e8255-0675-455d-9368-7ad6315b49ec,Collin Casey,76,MALE,"Scientist, research (physical sciences)",1578427.46,LOW,Puerto Rico,East Nicholas,VERIFIED,False,False,2025-04-30,INDIVIDUAL,3335.03,20283.35,2,Saint Pierre and Miquelon,OESU60559356706166
31bc0d03-2ff3-4ead-a715-a1649689836c,Brianna Crawford,70,MALE,Paramedic,622499.69,HIGH,Cambodia,West Amandafort,PENDING,True,False,2021-10-10,BUSINESS,41934.21,73453.73,1,Barbados,ZGLU50275205433423
f1174e77-1066-42d2-adbc-88fb67db53c9,Joel Dean,68,OTHER,Air traffic controller,1894414.72,MEDIUM,Egypt,Port Stephenfurt,PENDING,False,False,2023-08-22,INDIVIDUAL,34838.25,14923.33,3,Palau,JZFO28116043609399
28e569ea-c9d5-410d-b090-e14bd5e50ae2,Luis Jacobs,37,MALE,Chief of Staff,159057.86,HIGH,Bhutan,New Brandonberg,VERIFIED,False,False,2026-07-11,BUSINESS,34398.28,57871.92,2,Grenada,TFVG75611889959114
ef7f12f5-c873-42f7-9fca-cd797fbee503,Anna Smith,47,FEMALE,Exhibition designer,565104.9,HIGH,Bosnia and Herzegovina,Deniseville,VERIFIED,False,False,2023-02-15,INDIVIDUAL,9449.37,70514.6,1,Macao,DGTM34085878990227
ce0b3adf-fe19-4a9e-8e52-7549235cebad,Kimberly Stafford,26,FEMALE,General practice doctor,874264.81,LOW,Vanuatu,North Darrellport,VERIFIED,False,False,2024-09-14,BUSINESS,24509.97,56568.11,1,Malawi,KUTZ92402122175613
4315822e-ac3b-444d-9af9-307307644df0,David Ramirez,40,FEMALE,"Designer, furniture",1829214.53,HIGH,El Salvador,Williamsbury,VERIFIED,False,False,2024-02-06,BUSINESS,23606.09,72800.93,3,Singapore,UYLP99379001247311
03e1dcf6-340e-485e-b890-fc4bfb7fc6c7,Lori Vazquez,40,FEMALE,Musician,820085.37,HIGH,Togo,Catherinefort,VERIFIED,False,False,2022-06-18,BUSINESS,37798.35,55086.71,1,Moldova,DOFT31864623504255
67f117d5-1433-4fbf-b370-d467d3f86b00,Jacqueline Potts,24,MALE,Local government officer,1680389.22,LOW,Lesotho,Becktown,VERIFIED,False,False,2025-05-12,BUSINESS,30320.69,26014.85,4,Ecuador,UOWW37556780811341
eda608ed-ec09-48c8-a5d1-179d2dbd5aab,Robert Gallagher,75,FEMALE,Clinical biochemist,1898629.95,HIGH,Iraq,Perezville,PENDING,False,False,2021-08-10,INDIVIDUAL,49702.45,72031.05,3,Mozambique,PPKD74921181535527
0e09c862-a194-4c1f-bd6b-ff8e5ed36a15,Jason Salas,69,MALE,Contractor,1986666.2,LOW,Mali,East Jonathanfurt,VERIFIED,False,False,2025-09-15,INDIVIDUAL,2452.31,90730.27,1,San Marino,UULQ98198086416953
c654e0a5-6af8-4d5e-8b83-8094e94d342f,Michael Taylor,66,OTHER,"Engineer, manufacturing systems",633088.2,HIGH,Saint Lucia,South Adamshire,VERIFIED,False,False,2025-06-08,INDIVIDUAL,16945.29,25289.26,3,Gambia,XPJW33687280465140
460f777d-420c-459a-8164-830382986f32,Evan Singleton,31,MALE,Software engineer,1599621.06,MEDIUM,Eritrea,Amytown,VERIFIED,True,False,2023-09-30,BUSINESS,13627.73,71987.15,1,Sweden,ZPIQ72529000549056
7ac0de84-4a0b-477b-9996-e2a55dff44b1,Ryan Williams,54,MALE,Technical author,1187719.71,HIGH,Belize,East Frank,PENDING,False,False,2026-06-12,BUSINESS,47311.55,90996.63,3,Germany,BHIT51789812679977
c10ccceb-abfe-4fca-8b49-1ecc758c4e71,Kristen Bennett,57,FEMALE,Technical sales engineer,397109.26,HIGH,Gambia,Barryshire,VERIFIED,False,False,2021-09-25,BUSINESS,49965.6,76592.08,1,Paraguay,SLBY28444446865657
f38d59bb-d5fa-4c2f-90d2-36429878bd1f,Joseph Miller,38,OTHER,Location manager,1815546.47,HIGH,Slovakia (Slovak Republic),Millermouth,PENDING,False,False,2023-12-08,BUSINESS,42659.65,97685.78,4,Pitcairn Islands,AMMZ53677127234307
c9070c40-c6b3-4f33-90f8-3a17d9fdd3c1,Joseph Wright,56,OTHER,"Engineer, civil (contracting)",1587360.95,HIGH,Portugal,Tylerside,PENDING,False,False,2022-10-28,BUSINESS,2433.97,77727.33,3,Kyrgyz Republic,NQYW92378085008179
a944e39c-e713-459b-afac-c5653376ecd6,James Hayes,88,MALE,Chartered public finance accountant,643990.53,LOW,Afghanistan,Ortizside,PENDING,False,False,2023-10-30,INDIVIDUAL,23453.1,75703.56,2,Pakistan,YQUQ20759118813824
b29bda72-3ba9-4eb9-be8d-aa31aa94899a,Joseph Allen,79,OTHER,"Designer, graphic",1250878.65,MEDIUM,Greenland,Flowershaven,PENDING,False,False,2025-04-30,INDIVIDUAL,29460.83,57505.29,2,Sao Tome and Principe,WJXZ22513821045279
4a5f2150-5693-45ab-ae73-97468b64c04b,Rachel Wells,30,MALE,TEFL teacher,159731.58,HIGH,Samoa,West Sue,VERIFIED,False,False,2022-05-06,INDIVIDUAL,34322.19,48543.91,4,Mauritius,HBWI29939085094053
b74422d0-9886-46ff-bd0e-74c94561fdc8,Spencer Chang,43,MALE,Diagnostic radiographer,1369093.88,HIGH,Tunisia,Sandersfort,PENDING,False,False,2024-01-29,BUSINESS,46695.17,18442.16,3,Somalia,TEAG95207159059477
295c8912-22ae-4a29-8049-d142359dac3b,Lee Young,18,FEMALE,"Horticulturist, commercial",1770054.52,HIGH,Iran,Brendamouth,VERIFIED,False,False,2022-03-31,BUSINESS,32809.98,21295.83,4,Italy,DDAJ60734468714647
4e2c05bc-059f-447c-b085-5ac9db827185,Timothy French,20,OTHER,"Sales professional, IT",1628323.31,MEDIUM,Nauru,Port Victor,PENDING,False,False,2023-03-19,INDIVIDUAL,8324.36,39225.28,2,Libyan Arab Jamahiriya,QFOK68189570283268
74f0cb36-621a-4040-92ec-df7fd70241ab,Jenny Benjamin,79,MALE,"Programmer, multimedia",1399731.35,HIGH,Syrian Arab Republic,Lake Karenfort,VERIFIED,False,False,2024-03-05,INDIVIDUAL,32822.86,74794.18,1,Belarus,EGYX73717537099499
80c98d8f-a1f8-4f9c-b2f7-3bf2aa7044e9,Paige Best,77,MALE,Clinical cytogeneticist,264266.05,LOW,Solomon Islands,New Meganland,PENDING,False,False,2022-01-04,INDIVIDUAL,26079.77,58072.34,1,Afghanistan,AHKO54653686022187
a01e4eea-3f99-46a6-a6d6-9a6cc9f7eb32,James Le,43,OTHER,Chiropractor,1267380.44,HIGH,Syrian Arab Republic,South Leslieburgh,PENDING,False,False,2023-06-24,INDIVIDUAL,38711.39,89427.6,3,Jersey,SQDL46695486782762
d704523f-ec2f-4d84-aebd-c5dab3c159a5,Rhonda Smith,33,MALE,Electrical engineer,753579.16,LOW,Tuvalu,North Sharonfort,PENDING,False,False,2022-07-01,INDIVIDUAL,25163.53,77133.52,4,Hungary,HEEY20008748743699
05e3557d-5fef-4dcf-8746-a63267a1dee1,Michael Johnson,81,MALE,Hydrogeologist,1425140.46,MEDIUM,Sudan,West Amyport,PENDING,True,False,2023-09-29,INDIVIDUAL,28721.45,35771.38,2,Cape Verde,GUYE25338517683231
b7b5f040-e84c-4137-be58-7abe2f0f57ad,Linda Walker,30,OTHER,Music tutor,1938678.23,HIGH,Serbia,Danieltown,PENDING,False,False,2023-03-10,BUSINESS,14345.75,82420.21,2,Ecuador,UBNM57704223018673
9a55cdfc-5e1d-4a8e-9c35-d314eeb55de2,Brittany Green,25,FEMALE,Prison officer,1280340.67,HIGH,Kyrgyz Republic,West Josephtown,PENDING,False,False,2023-02-19,BUSINESS,49518.72,43723.27,2,Brazil,GLCK81852325040970
731c05d2-7cc6-46a4-a0dc-1531b223fa90,David Hanson,32,OTHER,IT trainer,352346.67,LOW,Armenia,Thomastown,PENDING,False,False,2024-09-03,BUSINESS,34311.77,19419.89,3,Togo,NITL55044435130422
4e035537-7b2b-4927-8439-610656372a12,Deborah Simmons,83,OTHER,Environmental education officer,516250.23,LOW,Mayotte,New Matthewfurt,PENDING,False,False,2021-11-21,INDIVIDUAL,4956.29,19709.69,1,Greece,IIUU80482448060761
c6758200-1d22-4fc7-b329-51b3e349d7b3,George English,43,FEMALE,Optometrist,129712.07,MEDIUM,Pakistan,North Adamfurt,VERIFIED,False,False,2025-06-09,BUSINESS,38977.77,72598.85,2,Switzerland,HZMP08288336243466
74471c60-2baa-433f-b4cc-dc596785665c,Sierra Williams,45,MALE,Lexicographer,52228.62,LOW,Netherlands Antilles,North Ann,PENDING,False,False,2024-08-10,INDIVIDUAL,15199.2,41154.46,1,Guinea-Bissau,QFEI61200420593246
4092c689-5866-4242-ac41-41e003ebc9b7,Denise Dudley,79,MALE,Quarry manager,1284370.05,MEDIUM,Dominica,Espinozaport,VERIFIED,False,False,2025-07-10,INDIVIDUAL,12263.9,48384.84,3,Jersey,RDBU32929286471814
995d5118-d897-430b-90d0-ab6095de4244,Madison Ramirez,64,FEMALE,Production engineer,1886649.63,HIGH,Aruba,Robinchester,VERIFIED,False,False,2021-12-30,INDIVIDUAL,9380.31,82700.0,1,Japan,QVWS72808627235694
f1c6d98b-e4de-4906-b86c-677ae2076bf8,Matthew Martin,45,FEMALE,Air cabin crew,1676519.01,LOW,Belgium,New Heather,VERIFIED,False,False,2025-05-25,BUSINESS,40439.87,96784.76,3,Guam,FNJI65186493372011
79eec8ff-1fcb-44d2-9fa7-e984127aea37,Olivia Perez,89,OTHER,Wellsite geologist,709915.58,HIGH,Tajikistan,Louisport,PENDING,False,False,2024-07-03,BUSINESS,40864.7,18070.88,1,Saint Kitts and Nevis,LQEK11455323621456
6bb4afbf-a23b-49e5-b4cf-4a2551f5d247,David Davis,47,MALE,Automotive engineer,1017020.24,MEDIUM,Honduras,West Karenmouth,PENDING,False,False,2026-03-05,BUSINESS,6384.71,25445.5,3,Tajikistan,YCOE43336144193789
7d678bd3-16e2-4f49-a110-afd3930905b8,Robert Foster,35,FEMALE,"Engineer, communications",1850363.22,LOW,Korea,North Travis,PENDING,False,False,2022-04-10,BUSINESS,36713.88,11453.3,2,Mayotte,QLRM26290498286283
9fe8cff6-99f9-4ba1-a389-bcfc2132673c,Michele Sanders,34,FEMALE,Geoscientist,1451514.78,LOW,Guadeloupe,New Bradley,PENDING,False,False,2023-10-04,INDIVIDUAL,36650.53,67526.27,1,British Virgin Islands,CPEO43645756745552
38030b9a-d23d-4768-b53f-4c2968125f7e,Stephanie Villanueva,86,FEMALE,Data scientist,1758627.28,HIGH,Togo,Willieberg,PENDING,False,False,2023-09-18,BUSINESS,28171.61,92205.69,4,Thailand,KLZP56728580574045
3c6ddc1b-49b7-405b-9a05-501767261da5,Paula Figueroa,20,OTHER,"Pharmacist, community",1815245.44,MEDIUM,Norfolk Island,Williamsview,VERIFIED,False,False,2024-08-07,INDIVIDUAL,11778.01,13931.37,4,United Arab Emirates,RQKV95027427516457
357273b1-88a9-490a-b4cd-2836698df95b,Allen Harris,41,OTHER,Osteopath,1649959.46,LOW,Ireland,Lake Christopher,VERIFIED,False,False,2026-02-02,INDIVIDUAL,24501.4,19728.43,4,United Kingdom,LCCN62137982981631
87ddad9f-e171-42ba-85df-a65dcaeff1e3,Vickie Hall,32,MALE,Television/film/video producer,788983.5,LOW,Malawi,North Rachel,PENDING,False,False,2024-10-13,BUSINESS,30730.78,99639.55,1,Eritrea,NVVO99906190727970
072f2f64-1258-4b7e-855d-b645f7a62bbc,Barbara Olsen,67,MALE,"Conservation officer, historic buildings",1561663.79,LOW,Argentina,Woodborough,PENDING,False,False,2025-05-17,BUSINESS,7217.65,30338.46,4,Angola,XLQP61778525720360
a3d9f4fb-a83c-43ad-83ab-bb6b34be68ac,Emily Bradshaw,77,MALE,English as a second language teacher,1861264.31,MEDIUM,Ethiopia,South Nichole,PENDING,False,False,2025-03-27,BUSINESS,35462.56,44054.55,2,South Africa,QFRI32960283264436
00bec89f-2b7c-4de7-b4a9-df15e955b77a,Robert Miller,44,FEMALE,Dentist,592139.71,MEDIUM,Iraq,Lake April,PENDING,False,False,2025-11-25,INDIVIDUAL,19010.5,14485.88,4,Oman,IZHA22069814453468
7e3211aa-0d8d-4f95-9a7b-37cbe5cc5e93,Tyler King,60,MALE,Regulatory affairs officer,829335.47,MEDIUM,Vietnam,North Sean,VERIFIED,False,False,2025-07-27,INDIVIDUAL,1757.51,99496.65,3,Mauritania,FGBZ83950521614451
fee1db13-b89e-443b-a1a7-de0d13189f50,Michelle Ritter,57,FEMALE,"Nurse, mental health",1146920.49,HIGH,British Indian Ocean Territory (Chagos Archipelago),South Angelaville,VERIFIED,False,False,2023-12-26,BUSINESS,30387.56,59416.33,3,Croatia,OIQW92191297451268
feba42c8-0781-49bf-bb91-b19d11d02c01,Corey Bradley,89,MALE,"Designer, exhibition/display",1546705.97,MEDIUM,Honduras,Wilkinstown,VERIFIED,False,False,2024-10-31,INDIVIDUAL,42059.88,65384.49,2,Myanmar,UBRR28152596540624
c76435d2-a807-451e-bbf4-3ff1ddbfeb30,John Greene,86,OTHER,"Pilot, airline",1168902.63,MEDIUM,Micronesia,West Williamview,VERIFIED,False,False,2025-12-18,BUSINESS,22196.29,15070.98,2,Turkmenistan,YXPV15858950924900
5448b873-9055-4fdb-a0c9-92d8957ccd53,Rebekah Fisher,21,FEMALE,"Education officer, community",1659973.01,MEDIUM,Netherlands,East Daniel,PENDING,False,False,2023-11-08,INDIVIDUAL,45617.1,59723.86,3,Georgia,MDVR95902896120948
1034a9bb-e656-4bdb-a7bf-aae42e64edad,Krystal Torres,49,OTHER,Regulatory affairs officer,1845788.6,MEDIUM,Congo,West Jerry,PENDING,False,False,2022-04-08,INDIVIDUAL,36142.13,59410.01,2,Poland,DCKS86987516161015
564be6f4-3f65-47ab-a6b3-f359e6061d71,Tammy Nash,53,FEMALE,"Scientist, physiological",1469482.29,MEDIUM,Syrian Arab Republic,Lake Carlos,VERIFIED,False,False,2023-08-20,BUSINESS,48263.76,7347.51,1,Niger,FPVB02646302164406
7f742781-ee91-4625-be14-bf29f3974492,Jonathan Hernandez,50,FEMALE,"Scientist, product/process development",1630102.91,LOW,Papua New Guinea,Wrightmouth,VERIFIED,False,False,2024-07-21,BUSINESS,29067.63,6008.19,2,Macao,HFEB21106689557685
f4b14602-b185-44c3-a44e-e95d66a60d87,Darius Green,70,OTHER,"Civil engineer, contracting",1833818.33,MEDIUM,Slovenia,New Juanborough,VERIFIED,False,False,2023-02-26,INDIVIDUAL,12605.65,73498.63,3,Sweden,HAOG16186040001865
350ea120-ca18-42d4-936c-99420ae08984,Kelly Schwartz,18,FEMALE,Nutritional therapist,599457.33,LOW,Norfolk Island,Philipside,PENDING,False,False,2022-11-01,INDIVIDUAL,20552.01,8216.3,2,Cocos (Keeling) Islands,SXKJ72667795839170
4ac2c777-1e51-42ec-b9a7-77ac5c152f4a,Christopher Taylor,64,MALE,Psychiatric nurse,340906.93,MEDIUM,Paraguay,Flowersville,VERIFIED,False,False,2024-06-09,BUSINESS,28919.64,94640.0,1,Panama,ZRHO73654880673242
a0b0be13-e2b1-4434-bfd1-1c05647b198d,Chelsea Fields,21,OTHER,Clinical biochemist,1839515.83,LOW,North Macedonia,Jenniferfurt,PENDING,False,False,2024-03-01,BUSINESS,36311.12,5005.94,3,Martinique,VNTW53992764607017
8b94f5d0-1d2e-48ce-968d-948b19f4a30a,Renee Brown,56,FEMALE,"Editor, commissioning",1348301.97,MEDIUM,Svalbard & Jan Mayen Islands,Colemanbury,PENDING,False,False,2025-12-28,INDIVIDUAL,30033.36,71187.41,3,Greece,WROW47490040407739
37103f37-7fab-4c37-bba2-3b4496c9a26a,Benjamin Sanders,46,FEMALE,"Designer, multimedia",1072599.17,LOW,Lithuania,Woodwardview,PENDING,False,False,2024-03-10,INDIVIDUAL,41398.45,40532.45,4,Malawi,QXPL91850555942047
0d1b3e3c-a0d7-468f-9190-dc1d2b08153b,Brianna Franklin,39,OTHER,Metallurgist,874385.66,HIGH,Mali,Lake Drewport,PENDING,False,False,2025-04-03,BUSINESS,48051.34,47076.02,1,Comoros,WVHY51825255356872
623f15ff-df3d-4f57-8328-4bbb97a87806,Benjamin Moore,47,MALE,Human resources officer,1823356.17,HIGH,United States Virgin Islands,Burgessside,PENDING,False,False,2022-03-25,BUSINESS,7078.9,39519.0,1,Nepal,YBUA65374787264602
972d336f-9695-40d2-ac18-d465f91d99b0,Devin Blevins,30,OTHER,"Designer, graphic",1303015.34,MEDIUM,Congo,Andresmouth,PENDING,False,False,2023-02-18,BUSINESS,36586.11,59039.94,2,Brazil,XEHI16617255228686
f0897fdd-61e9-4872-92f1-91724777a827,Walter Hall,87,OTHER,"Lecturer, further education",1744052.46,LOW,Puerto Rico,Jasonland,VERIFIED,False,False,2021-11-02,BUSINESS,38113.66,80226.74,3,Zambia,VRUL61899078169093
2f0c04b4-add1-44da-9469-1cb888e94151,Patricia Cohen,63,OTHER,Office manager,1636059.29,MEDIUM,British Virgin Islands,Chapmantown,VERIFIED,False,False,2025-11-17,INDIVIDUAL,19741.1,97058.17,2,Burkina Faso,ENJA57843494572652
23380e73-9f28-4db1-9dc5-71995691c816,Jessica Cruz,87,MALE,Land,973022.63,HIGH,France,Port Matthewmouth,VERIFIED,False,False,2025-07-01,INDIVIDUAL,6503.25,95035.2,3,Samoa,QNPS57248990055694
f33a41c1-6aa4-476c-a5ae-ee3ee36439a0,Tina Shepard,38,FEMALE,Customer service manager,876563.74,HIGH,Mexico,Autumnhaven,PENDING,False,False,2024-01-30,BUSINESS,14315.78,96189.12,3,Ethiopia,ZVAH94540782615929
73a73ef6-02ab-45c1-b5b1-3b4aa67d2940,Erica Bailey,46,OTHER,Quantity surveyor,546317.74,LOW,Poland,Karenstad,VERIFIED,False,False,2025-06-06,INDIVIDUAL,47952.35,18661.83,2,Spain,LXBN12888132375628
a2933234-9310-4cd4-bdd5-72052f947973,Danielle House,44,MALE,"Engineer, civil (contracting)",1505096.47,MEDIUM,Mozambique,Martinezport,PENDING,False,False,2022-10-19,BUSINESS,42376.86,99626.27,1,Cyprus,TSKK90261334777305
00c1711d-f380-4fb6-81e6-6fa5f76eaab1,Dale Hatfield,77,MALE,"Administrator, charities/voluntary organisations",1123490.53,MEDIUM,Marshall Islands,Stoneville,VERIFIED,False,False,2021-10-07,INDIVIDUAL,35849.74,19996.98,3,Ireland,ZAYG87798193574418
ab88c239-58f1-44a4-8043-c160d71c9922,Kim Wang,69,OTHER,Ecologist,500032.55,MEDIUM,Poland,Whiteborough,VERIFIED,False,False,2026-07-07,BUSINESS,22032.07,99980.55,1,Bahamas,ZEYJ80353453937057
c55471a1-de3d-4de3-a6ed-6053e82725c5,Anthony Wood,50,MALE,Theatre director,1183690.68,LOW,Russian Federation,Timothyville,VERIFIED,False,False,2024-10-10,INDIVIDUAL,7258.02,26166.76,4,Burundi,SEKU18649958832076
b862e99c-cebe-43fb-b09e-103b8ed00370,Autumn Holt,88,OTHER,Investment analyst,1523203.31,MEDIUM,Montenegro,Wolftown,VERIFIED,False,False,2026-06-22,BUSINESS,33301.77,9831.85,3,Guadeloupe,LSGN91034265387042
a8f9fe2e-666e-4b8f-84e6-58a4e915d407,Paul Freeman,81,MALE,"Therapist, sports",1256474.99,MEDIUM,Mozambique,Harrisonchester,PENDING,False,False,2025-04-15,INDIVIDUAL,49414.47,36628.27,3,United States Minor Outlying Islands,ADFO24228099926640
430380b3-4123-486d-9e9c-891cb6b4a0cb,Mary Foley,41,FEMALE,Insurance risk surveyor,881853.27,MEDIUM,Bhutan,Port Joshua,VERIFIED,False,False,2025-01-30,BUSINESS,45298.57,88109.41,1,Iraq,NXVC43204024460952
6ff40344-d734-4297-bfb5-7bf42de7f032,John Parsons,67,OTHER,TEFL teacher,1657803.21,MEDIUM,Tunisia,Patriciaville,PENDING,False,False,2026-04-08,BUSINESS,47931.22,59086.08,1,Somalia,UVKN90800419869985
c9863b65-3e2d-4367-b7fb-7b8c3df7033b,Crystal Williams,42,OTHER,Ecologist,1789416.2,LOW,Azerbaijan,Port Larryland,PENDING,False,False,2026-05-11,INDIVIDUAL,8494.7,55648.83,1,Antigua and Barbuda,RPGY82077833618778
ac2f1796-87bc-4059-89bc-947e3a05e23a,Eddie Holt,76,MALE,Forensic psychologist,588437.61,LOW,Lao People's Democratic Republic,West Adrian,VERIFIED,False,False,2022-04-05,INDIVIDUAL,15725.25,45282.63,2,Saudi Arabia,LWJL53557015847726
30fb59b0-be8c-41ac-b76a-6ac137e42251,Rhonda Turner,36,MALE,"Teacher, early years/pre",600819.65,HIGH,Poland,New Lisa,PENDING,False,False,2022-05-21,INDIVIDUAL,17514.03,46734.48,1,Nepal,TJDD94850129409335
499d9082-7740-475a-a57f-1654fa7fdabd,Leah Blankenship,67,MALE,Health promotion specialist,1468743.62,LOW,Anguilla,New Lauren,VERIFIED,False,False,2023-07-07,INDIVIDUAL,49372.51,19171.22,4,Montenegro,FICL27058358005818
6e05e24c-a4e1-4fc3-9424-5e20e282ef6a,David Lam,19,MALE,IT technical support officer,1231661.18,HIGH,Tunisia,New Shannonhaven,VERIFIED,False,False,2022-02-20,BUSINESS,18818.3,19586.45,2,Mauritania,SMPG26664325371784
892d94e6-5a9b-4c1e-9f16-ecfe04566dbc,Christine Gibson,39,OTHER,Passenger transport manager,763266.99,LOW,Peru,Port Kathryn,VERIFIED,False,False,2026-06-16,BUSINESS,16658.77,8993.9,4,Indonesia,GWEM69809607872810
dce3f84f-245a-4e86-b008-4e6dd3c6a4f2,Vanessa Frazier,41,MALE,Occupational therapist,521532.22,MEDIUM,Anguilla,Dixonview,PENDING,False,False,2021-09-02,BUSINESS,36146.62,93961.17,1,Tajikistan,LKLG55245850045820
f9ab77f4-8867-4d08-aa7e-76c7c420cd91,Christopher Hernandez,50,FEMALE,Field seismologist,1606158.05,LOW,Martinique,Lake Gary,PENDING,False,False,2025-04-13,INDIVIDUAL,4701.18,89974.24,4,Cocos (Keeling) Islands,NWCC85985427616722
0b164883-7000-4ac3-b504-d60640e538aa,Richard Fletcher,82,FEMALE,Educational psychologist,1036278.55,LOW,Canada,Brianborough,VERIFIED,False,False,2025-10-02,INDIVIDUAL,45525.85,68269.49,3,Niue,AXHZ09726780523386
6e9355c2-616e-4ef3-9be8-54b0fbefa9c8,Alan Gutierrez,90,MALE,Animal technologist,699559.96,HIGH,Christmas Island,Bethstad,VERIFIED,False,False,2022-02-01,INDIVIDUAL,7643.96,47932.84,3,Anguilla,KOGN00370643844081
f4c88030-d20f-46b0-ab81-1cbe7ad45fee,Jason Long,64,FEMALE,Quality manager,1914313.99,HIGH,Micronesia,Joshuafurt,VERIFIED,False,False,2024-10-31,INDIVIDUAL,38379.6,62437.5,2,Poland,AFBB09682455118174
59efde41-cb36-4212-94af-b5b4e34c01c6,Mark Carrillo,73,OTHER,Database administrator,747883.3,MEDIUM,Chad,Paulafort,PENDING,False,False,2026-05-28,BUSINESS,36806.91,25667.03,2,Netherlands Antilles,VLKC21725109349289
b202c84d-d7d9-4810-b131-2889a282a307,Kyle Mosley,20,FEMALE,Microbiologist,1151796.13,MEDIUM,Tonga,Leemouth,PENDING,False,False,2021-09-06,INDIVIDUAL,28534.7,15758.36,3,Tokelau,PKSQ51083871974625
8c0aee52-afd5-49e4-82dd-41e489f9413a,Michele Smith,89,FEMALE,Textile designer,535151.64,LOW,Israel,Rodriguezfort,VERIFIED,False,False,2024-10-16,INDIVIDUAL,19389.29,56667.42,1,Dominica,EQQA33705897491195
facc582a-59fd-4935-842a-0fcdade49b46,Dustin Reilly,78,MALE,Banker,122744.56,LOW,Congo,New Brittanyside,VERIFIED,False,False,2023-12-13,BUSINESS,14583.93,78851.5,1,Kenya,ZUFF02068583245964
094bb0e8-7580-43b7-ab56-d8b687703549,Bobby Green,21,FEMALE,"Engineer, control and instrumentation",1316706.23,MEDIUM,Iraq,Port Debbie,VERIFIED,False,False,2023-08-27,INDIVIDUAL,10882.92,72865.01,4,Kyrgyz Republic,DQEI10994552533840
fefce371-6fa3-4b21-9440-ebf5fd78e9ea,Amanda Caldwell,71,MALE,Company secretary,534125.61,MEDIUM,Congo,Josephburgh,VERIFIED,False,False,2025-05-25,BUSINESS,8886.94,49385.81,3,Peru,JSWL55088285035507
61a83c4d-1113-4751-b191-aee126dd199c,Zachary Garcia,26,MALE,Marine scientist,665140.2,LOW,Puerto Rico,Lake Michael,VERIFIED,False,False,2025-12-15,BUSINESS,29343.84,88901.35,4,Vanuatu,PGSE59594226841302
8e1deecf-778f-4535-91f1-05fa638117a2,Brittney Bell,40,MALE,"Restaurant manager, fast food",610126.18,LOW,Iceland,Ericville,PENDING,False,False,2026-07-10,BUSINESS,33613.12,22904.55,1,Moldova,XXNB34584556620423
c9037da1-1faf-4dca-ba52-311982cd41b8,Michelle Cook,25,OTHER,Secondary school teacher,305267.21,HIGH,Belarus,Abigailfurt,PENDING,False,False,2023-07-20,INDIVIDUAL,27048.67,41246.94,2,Tunisia,QYWZ50526658442794
4339c49c-81e4-41e5-8efa-c1e88b1e8f69,Heather Barnes,65,FEMALE,Insurance broker,821808.71,LOW,French Polynesia,Anthonyland,VERIFIED,False,False,2025-03-13,BUSINESS,31486.76,49124.91,1,Lithuania,SNHO10358312433977
a7561e17-10b6-4b94-bfb3-ca00253ad263,Tina Hunter,58,FEMALE,Chief Financial Officer,1296768.09,LOW,Bouvet Island (Bouvetoya),Port Lauren,VERIFIED,False,False,2025-07-09,BUSINESS,29823.27,87427.37,3,Netherlands Antilles,VKKM78541722873842
1683381c-fab4-41dc-9f89-3cfb0e884caa,Valerie Vargas,24,MALE,"Teacher, secondary school",590928.07,MEDIUM,Nepal,Leeland,VERIFIED,False,False,2025-06-29,INDIVIDUAL,26127.41,32741.6,1,Romania,ZGFM61761725929612
fa96da01-3c6d-401b-93ad-3af31591d12f,Trevor Ferguson,54,FEMALE,Insurance broker,1024244.7,MEDIUM,Western Sahara,New Chelsea,PENDING,False,False,2025-10-02,INDIVIDUAL,30428.72,6328.33,4,United States of America,ZRXN10297810513494
1a1ea307-7781-4d5e-be44-55938102c092,William Aguilar,31,MALE,Ergonomist,1661371.15,MEDIUM,Nauru,Lake Tammyhaven,VERIFIED,False,False,2026-06-27,BUSINESS,2450.43,17911.68,1,Mayotte,LULB05187976532370
523a03ad-0931-4f7d-a9d4-c3ae241ede5a,Matthew Perry,77,MALE,"Psychologist, counselling",303696.87,MEDIUM,North Macedonia,East Dawntown,PENDING,False,False,2025-01-12,INDIVIDUAL,43248.34,11779.59,2,Solomon Islands,XEYO56295481329709
bf0b0ca8-2c94-4250-a376-57d103baf1c9,Jacqueline Nelson,33,FEMALE,"Psychologist, counselling",211930.25,LOW,Seychelles,Port Kristin,PENDING,False,False,2025-07-15,INDIVIDUAL,37769.44,95654.3,1,Malta,XWCA41031120934817
844fbdb9-112d-4783-8de0-7c7c836880fb,Nichole Jones,31,FEMALE,"Psychologist, forensic",1560627.15,LOW,Gambia,South Dannychester,PENDING,False,False,2025-07-29,BUSINESS,34989.2,64651.43,3,Myanmar,UDKQ26709742813089
9d4f1c54-b698-4297-838f-29eb9a7fcf8d,Clinton Thomas,74,MALE,Materials engineer,1836175.6,MEDIUM,Bhutan,Rhodesfurt,VERIFIED,False,False,2022-01-14,BUSINESS,37599.05,53215.63,1,Spain,ENBO35745514392335
ae8e5a0f-b11c-46c4-a22e-78cbde0e79f5,Tiffany Gutierrez,67,OTHER,"Psychotherapist, child",252871.36,MEDIUM,Cuba,Carlland,VERIFIED,False,False,2023-06-02,INDIVIDUAL,24232.26,79363.82,4,Cuba,NHMM01203230684446
b281a50a-999c-4650-b1d7-cb453dbb6a00,Matthew Morris,28,MALE,Actor,92014.13,MEDIUM,Canada,New Brentfort,PENDING,False,False,2021-12-05,INDIVIDUAL,34760.19,17153.25,3,Dominica,VMII51851260978478
13247c19-7d95-4e3a-9a6d-2e54ec0ad956,Denise Hill,84,OTHER,Holiday representative,1818799.56,HIGH,Sweden,Nicholasborough,VERIFIED,False,False,2023-08-08,INDIVIDUAL,48440.55,11031.01,2,Mongolia,RAYP12637432153471
3b971e05-feb0-4058-9936-36604241eb07,Tina Schmidt,34,OTHER,Dentist,1801881.59,MEDIUM,Falkland Islands (Malvinas),Lake Michaelmouth,VERIFIED,False,False,2023-12-14,INDIVIDUAL,21947.39,76894.75,2,Greece,QTXO95158519758662
cb5bd24c-c5fa-422b-af25-961f11ca3eca,Robert Richardson,71,OTHER,Freight forwarder,1758483.56,HIGH,Kyrgyz Republic,Shepherdport,PENDING,False,False,2022-08-09,BUSINESS,17303.91,16341.59,1,Madagascar,MDTK04228385988689
5e2c7b52-5aa2-40ad-9656-d8701e7e70b0,Robert Johnston,47,MALE,Editorial assistant,1317697.81,LOW,Vietnam,Turnerfort,VERIFIED,False,False,2026-04-11,INDIVIDUAL,28038.11,90203.13,3,Hungary,VUHV14555310007650
7b74a009-5101-4ea7-8018-a5da6144a307,Matthew Mcclure,75,MALE,Equality and diversity officer,1124867.42,HIGH,Sweden,North Erinton,VERIFIED,False,False,2023-09-27,BUSINESS,15231.39,73181.19,2,Zimbabwe,OXKS16645232982008
4ce97b1d-27a0-4381-8e91-b46cd9e06068,Nicholas Williams,78,FEMALE,Illustrator,318435.11,MEDIUM,Lebanon,Youngtown,VERIFIED,False,False,2024-07-31,INDIVIDUAL,18907.46,8496.52,3,India,BVTY90858780102931
4a5b2c98-e445-40fa-a314-423be8e3ab5b,Jacob James,48,OTHER,Counselling psychologist,1462809.47,MEDIUM,Denmark,Bethanystad,PENDING,False,False,2025-01-04,INDIVIDUAL,34779.46,23854.12,3,South Georgia and the South Sandwich Islands,FRSB83221583761224
4536a5d6-3001-4b4d-9e0e-b59cf51146ac,Mark Lee,80,OTHER,Orthoptist,687999.86,HIGH,Greenland,Troyside,PENDING,False,False,2022-05-09,BUSINESS,5376.68,27050.79,1,Luxembourg,LQAZ46627880237184
d132c3e9-d26b-443b-b399-9e546afab500,Jaime Mccarty,77,MALE,Airline pilot,350036.28,LOW,Guinea-Bissau,Port Jillhaven,PENDING,True,False,2025-01-29,BUSINESS,6005.36,52979.43,4,Cyprus,KSIG14762072313267
23058ab7-1f45-4897-ac14-5fdd729e3518,Kathleen Smith,46,FEMALE,Video editor,409327.8,LOW,Northern Mariana Islands,Daniellechester,VERIFIED,False,False,2024-03-03,INDIVIDUAL,10837.52,4821.82,3,Portugal,KGKC53809474680157
e49fa4da-b748-4a0c-a40b-bec5718258ca,Katherine Miller,70,FEMALE,Product designer,1977676.89,MEDIUM,Ireland,Walkerhaven,PENDING,False,False,2025-10-17,BUSINESS,36756.94,79296.69,4,Mongolia,GTDP92758669902250
83ae0b42-2049-49dd-8dc7-dd821d2ef135,Martha Ward,68,MALE,Equities trader,1221024.65,LOW,Ghana,North Melissa,PENDING,False,False,2025-03-16,BUSINESS,14186.26,4058.13,2,Brunei Darussalam,YHPI48237040654240
78fe59ce-ed68-4eef-8169-259882ed5c85,Christina Rogers,67,OTHER,Technical sales engineer,1115598.95,HIGH,Tanzania,East Jasonport,VERIFIED,False,False,2023-11-21,BUSINESS,30865.36,61114.26,1,Zambia,MDXI43018887233899
4f4e03d7-1c8c-48ab-946f-02911351086c,Cameron Williams,22,FEMALE,Telecommunications researcher,1167484.28,HIGH,Liberia,Freemanstad,PENDING,False,False,2023-11-02,BUSINESS,32535.46,82357.11,2,Jordan,UBPF95215479640608
299bc4d7-10cd-4cee-9629-2db5734a4220,Ronald Pena,42,MALE,Health physicist,500285.45,HIGH,Svalbard & Jan Mayen Islands,East Christina,PENDING,False,False,2021-11-06,BUSINESS,6035.03,18684.02,1,Togo,YFGT42444115553483
96599e92-3daa-4e79-b4a6-b23f30383668,Timothy Williams,26,FEMALE,Lawyer,1324419.83,MEDIUM,Guam,Benjaminmouth,VERIFIED,False,False,2022-05-20,BUSINESS,20406.95,24345.28,3,Netherlands,UCID02449189525679
8e56e384-6780-4f19-a502-289d2e6e90cf,James Williams,70,OTHER,Publishing copy,683950.41,MEDIUM,Norfolk Island,Susanburgh,PENDING,False,False,2025-08-14,INDIVIDUAL,36101.17,15960.51,4,French Guiana,WZAS38530460974006
aa422359-0d26-4b49-9cf6-0d306176bdbc,Norma Cooper,21,FEMALE,Further education lecturer,1842591.3,HIGH,Reunion,Madisonburgh,PENDING,False,False,2022-05-11,INDIVIDUAL,15891.29,5786.07,1,French Guiana,AVLR40970830363035
affe0daf-32ff-40cb-ab2c-9b8af944afe6,Thomas Morris,40,FEMALE,Dealer,45022.87,HIGH,Honduras,Lake Bobbyport,VERIFIED,False,False,2022-07-14,BUSINESS,48091.35,33584.95,3,Botswana,PKLQ90514938448535
6a07d261-742f-4a88-bccc-300bc2467d57,Shane Hamilton,55,OTHER,Acupuncturist,541846.52,MEDIUM,Gibraltar,Port Daniel,VERIFIED,False,False,2022-05-24,INDIVIDUAL,24731.09,50679.8,4,Isle of Man,PJXC10418472822087
de4452a3-24a9-446d-a0f4-e4468148e7d6,Marc Kennedy,74,MALE,Farm manager,1092203.85,HIGH,Saint Barthelemy,Lake Nicholasville,VERIFIED,False,False,2026-01-02,INDIVIDUAL,34564.22,59407.41,1,Vietnam,QLBR15526210248918
05151dc6-21ad-42be-bbec-36934817e247,Dawn Wood,69,OTHER,Insurance claims handler,833546.68,MEDIUM,Zimbabwe,Port Nichole,VERIFIED,False,False,2026-04-12,BUSINESS,21440.36,50357.08,4,Argentina,ZQNY33728444912760
41172113-c054-4dda-9d88-6b103fc3ade5,Teresa Reynolds,39,OTHER,Market researcher,1593221.89,HIGH,Eritrea,Hickmanmouth,PENDING,False,False,2024-05-08,INDIVIDUAL,29678.45,11654.53,3,Liberia,TQZE25545978625912
b017962c-61e4-4576-8474-a1d362eb1dbf,John Fuller,83,MALE,Insurance broker,514500.0,HIGH,Tanzania,Williamport,VERIFIED,False,False,2024-10-22,INDIVIDUAL,19410.65,49352.93,2,Hong Kong,YIDP72414535148785
756a41df-824b-4af7-b33b-07b7da902bd2,Patrick Stone,39,FEMALE,"Designer, interior/spatial",1547481.83,MEDIUM,Congo,North Roberto,PENDING,False,False,2022-08-28,BUSINESS,29732.6,82962.77,3,Benin,EBCE57287361231832
715728bb-7101-49ea-87a7-173efd7c2db6,Megan Atkins,69,FEMALE,Marketing executive,603967.99,LOW,Holy See (Vatican City State),North Richard,VERIFIED,False,False,2023-06-08,BUSINESS,44044.44,57231.89,3,Panama,VMCT97211094876382
70405802-d8a4-4786-b335-1b59acd89de2,Matthew Smith,37,FEMALE,"Designer, television/film set",183005.96,LOW,Liechtenstein,North Caitlynland,VERIFIED,False,False,2021-12-18,BUSINESS,1077.35,71209.24,4,Chile,CVDH46183973623737
96120726-c404-4ab8-a92e-efa8d8fe3747,Robert Howell,22,MALE,Merchant navy officer,1613403.75,MEDIUM,Comoros,Littleview,PENDING,False,False,2025-08-30,INDIVIDUAL,20673.51,62085.49,2,Slovakia (Slovak Republic),COJA79558100640479
4d191017-d284-45ca-a079-beea36648be2,Cindy Lucas,33,OTHER,Curator,1691318.62,LOW,Kazakhstan,Port Christopher,PENDING,False,False,2023-06-06,BUSINESS,17923.42,10456.74,1,Isle of Man,JTFD07981198624302
07e87802-3880-4346-9c66-d40c61da43d6,Jennifer Morales,48,OTHER,"Teacher, secondary school",1781515.55,MEDIUM,South Africa,Danielbury,VERIFIED,False,False,2022-02-05,BUSINESS,39572.73,3487.48,2,Nigeria,VSMW38365925614771
89356a1a-54e3-4556-bee7-1989bc67694f,Cheryl Mack,68,FEMALE,"Accountant, chartered public finance",1373000.25,LOW,Nepal,Lloydville,VERIFIED,False,False,2023-10-14,BUSINESS,42496.22,91926.37,3,Belize,BWDX06396445802781
af6a5a9a-21e0-4e38-8348-8a8ba675973c,Betty Christensen,75,MALE,Fast food restaurant manager,553184.41,MEDIUM,Heard Island and McDonald Islands,East Kathleen,VERIFIED,False,False,2026-06-03,INDIVIDUAL,36543.53,72483.8,3,Nigeria,QEFL17974657007667
93322bcf-a49c-4345-bba9-0f5afdb1b20d,Donna Phillips,44,MALE,Sports coach,119204.26,LOW,Liechtenstein,New Shannon,PENDING,False,False,2022-10-16,BUSINESS,30913.42,15312.31,4,Micronesia,IMVN45998008007977
ee780b27-4b01-42e6-b9f0-f9ec61d1f499,Henry Burnett,46,OTHER,"Engineer, technical sales",1038473.5,MEDIUM,Cape Verde,Lake Kimberly,PENDING,False,False,2023-05-15,BUSINESS,24440.0,54872.25,3,Serbia,ZXDR04868615316250
02e6ae03-3fd8-4760-8013-26f8fd2270cb,Jasmin Smith,53,OTHER,Medical illustrator,154604.84,MEDIUM,Tanzania,Lake Kelseyton,PENDING,False,False,2021-10-05,BUSINESS,25496.16,79758.24,2,Puerto Rico,TWNN65190094740391
4851652d-c79c-433c-a7cf-9544db1ca40d,Connie Lucero,32,MALE,Site engineer,969675.9,HIGH,Madagascar,Josephshire,PENDING,False,False,2022-09-17,BUSINESS,5417.71,75419.39,1,Guinea-Bissau,ZMJW76557029751257
f5631d34-4f47-4735-9b33-5751d69c3e14,Walter Stewart,19,FEMALE,"Accountant, chartered management",1403390.94,HIGH,Finland,Hayesside,PENDING,False,False,2025-09-08,INDIVIDUAL,19374.61,5067.08,4,Moldova,BLJU68315656222874
0fd22d25-9485-454a-8743-8295e7b7726b,Christine Patel,58,FEMALE,Drilling engineer,538553.79,LOW,Solomon Islands,Masonton,VERIFIED,False,False,2024-04-17,INDIVIDUAL,23824.12,72063.35,2,Timor-Leste,GXUC56648592161286
fdb418e5-6a5a-4059-a5b8-a242f6389534,Michelle Johnson,24,OTHER,IT trainer,1223796.83,LOW,Aruba,West Gregory,PENDING,False,False,2023-11-28,BUSINESS,5954.21,4446.97,2,Madagascar,GAXJ55045547235404
9151d67d-2d5d-4e06-aae1-ef0cabffefa0,Jeffery Freeman,70,OTHER,Warden/ranger,219771.26,HIGH,Moldova,Brewerport,PENDING,False,False,2022-04-27,BUSINESS,21564.4,8222.49,2,Central African Republic,UKRA89099949105000
edc6a2d7-b5ab-486f-9654-00f96eb82327,Timothy Kennedy,69,MALE,Chartered public finance accountant,1746981.42,LOW,Tonga,Lake Tammy,VERIFIED,False,False,2021-11-21,BUSINESS,33119.34,42301.64,3,Tajikistan,MYSF58604119911620
a13343d1-9d52-4b6d-82a1-b6b9e4764840,Brian Bridges,65,MALE,Exhibition designer,1461800.38,HIGH,Bahamas,Bennettville,PENDING,False,False,2022-01-15,BUSINESS,43963.57,73628.16,2,Bahamas,XGAU87279361380688
c96b21a5-1dac-4ed1-9464-a3766831eb0b,Earl Adams,73,MALE,"Editor, magazine features",1052667.71,MEDIUM,Nauru,East Whitneyhaven,VERIFIED,False,False,2023-08-14,BUSINESS,42259.7,7578.71,3,Saint Barthelemy,LIUP43236518393584
2a1dd253-b447-4964-a180-bcc9d1cd97e2,Devin Webb,20,OTHER,"Engineer, structural",290990.49,HIGH,Oman,Port Jodi,VERIFIED,False,False,2024-07-09,INDIVIDUAL,20545.34,92931.5,1,Czech Republic,EFMU67250195515045
2c3d156e-2c6f-472b-bc4e-43082843afa6,Cameron Clark,78,OTHER,Set designer,980563.34,LOW,Papua New Guinea,Lindseyside,PENDING,False,False,2026-02-20,INDIVIDUAL,20172.49,63237.13,4,Burundi,RDVU50811380319757
9733eddd-cdfe-4217-a754-b2bc02e8e0dd,Jason Miller,37,FEMALE,Technical author,1846434.44,LOW,Saint Lucia,Harperview,PENDING,False,False,2023-04-03,INDIVIDUAL,46458.65,56803.44,4,Uganda,DSYI56989467260923
4558abb6-dda6-42e6-8e9a-b6afb314c244,Lawrence Meza,68,FEMALE,Chartered loss adjuster,103036.94,LOW,Western Sahara,Kevinfort,VERIFIED,False,False,2025-12-21,BUSINESS,31156.95,23982.36,3,Turkmenistan,YJAF93855960553825
bb1a8d88-75ac-4659-a523-433906f784d0,Lindsay Bishop,70,OTHER,Orthoptist,1238748.76,LOW,Ethiopia,East Kevin,VERIFIED,False,False,2026-04-07,INDIVIDUAL,12352.9,50453.11,2,Gambia,QVFB36933265141060
bdd488e0-fbcb-4f5f-9675-1668ebca385d,Donna Gomez,66,FEMALE,Legal executive,1285529.53,LOW,Estonia,Taylorport,PENDING,False,False,2023-01-24,BUSINESS,8239.65,55304.85,4,Samoa,IHVR96948437414978
99d5ceaa-1cf6-40bf-87e7-781eed06d172,Gary Boyle,19,OTHER,Barista,288359.57,MEDIUM,Ethiopia,Colleenton,PENDING,False,False,2022-07-05,BUSINESS,13856.78,91072.09,2,Bahrain,ZHLR67819044554494
e9275729-f098-4c47-97fb-6c2b58f8c8da,Rick Gonzalez,72,MALE,Diplomatic Services operational officer,1162965.19,MEDIUM,Azerbaijan,Lake Tammybury,VERIFIED,False,False,2026-06-30,INDIVIDUAL,16315.93,39167.97,1,Gambia,GODV17776632288300
757af7c7-6d01-42e8-8300-5327c3d1bbb1,Mary Dalton,87,OTHER,Ecologist,568236.19,MEDIUM,Greece,Port Vanessafort,PENDING,True,False,2024-05-08,BUSINESS,47559.48,70406.7,4,Maldives,KCWA12143428868351
f9314ac4-2244-404d-8e62-c9b1fcdad248,Tyler Fuller MD,31,MALE,"Designer, jewellery",1747285.61,LOW,Serbia,Cynthiashire,PENDING,False,False,2025-08-02,INDIVIDUAL,22641.06,38750.91,3,Germany,CYTE67452877272393
8ccbabec-81e5-4092-a1fe-3701d5a49055,Jennifer Cruz,82,OTHER,Child psychotherapist,1109701.09,LOW,Burkina Faso,Riosmouth,PENDING,False,False,2022-10-21,INDIVIDUAL,31765.67,28519.17,1,Finland,FIJK88484583542393
9c473a99-53b1-4b14-894c-454400fc25bb,Daniel Carson,86,MALE,Occupational hygienist,1278999.77,MEDIUM,Hungary,Sophiaburgh,PENDING,False,False,2026-05-14,INDIVIDUAL,8858.38,33005.99,3,Brunei Darussalam,ZETP09011220953510
c73138e3-1f93-43b0-a708-904bf369f946,Shelly Hernandez,60,MALE,Analytical chemist,258150.54,MEDIUM,Qatar,West Donaldshire,VERIFIED,False,False,2025-02-04,INDIVIDUAL,48532.52,21675.0,3,United States Virgin Islands,ELQM58516900586895
8046fae9-151d-4c47-9512-ad3c57430075,Andrew Khan,27,OTHER,Manufacturing engineer,1217222.51,MEDIUM,Sri Lanka,Tonyville,PENDING,False,False,2022-11-27,BUSINESS,27565.11,12689.88,2,Serbia,OQOU30009461070756
0915ce60-11c0-44ab-87b5-66f54f9c2b02,James Dixon,58,MALE,Public librarian,1916745.44,HIGH,Myanmar,Silvaton,VERIFIED,False,False,2025-09-09,INDIVIDUAL,29157.55,9375.37,3,Canada,PVNU01731779869308
0788fbf9-7805-4fee-9d69-e3b92a463d64,Melinda Garcia,68,FEMALE,"Surveyor, building control",674175.72,MEDIUM,Gambia,Huntland,PENDING,False,False,2022-11-12,BUSINESS,29360.26,49806.81,2,Bosnia and Herzegovina,VKIW91046942386086
5731ad96-2f43-47cc-8326-ca542c8002e6,Sabrina Mcdaniel,82,MALE,Retail manager,1853347.8,HIGH,Hungary,North Eduardoland,PENDING,False,False,2023-11-18,INDIVIDUAL,33194.73,34835.41,4,Sudan,ARHQ33740474027572
d74fbd0a-bac1-43a1-ba12-5d506d04f113,Amanda Gregory,79,FEMALE,Dramatherapist,1534908.55,MEDIUM,Thailand,Huynhtown,VERIFIED,False,False,2022-01-31,BUSINESS,40824.74,56500.88,3,Turkmenistan,PHHI62211760939228
a473c805-4ed2-4a2d-92df-9476984e5d98,Linda Chapman,32,MALE,Biomedical engineer,1805202.49,MEDIUM,Antarctica (the territory South of 60 deg S),North Jesse,VERIFIED,False,False,2025-05-07,BUSINESS,17029.69,7686.54,3,Taiwan,GIIZ98478539266137
0ba314b0-757e-47e1-a5a0-028279d53391,Austin Beard,71,FEMALE,"Optician, dispensing",1334144.11,HIGH,Costa Rica,Riveramouth,PENDING,True,False,2022-08-06,BUSINESS,15584.38,81015.68,4,Cyprus,YHTW87761578036621
aa5aba93-85d1-4828-93f4-370616f9c928,Sarah Buck,79,FEMALE,Higher education careers adviser,750388.26,MEDIUM,Somalia,Port Kimberlyfort,PENDING,False,False,2026-07-16,INDIVIDUAL,12298.27,24042.63,1,Pakistan,WZVW89487501867125
bf93e2e6-6bb4-4377-b3d4-90ac945fc243,Justin Williams,26,FEMALE,"Designer, industrial/product",1809608.68,HIGH,Tuvalu,Alexisstad,VERIFIED,False,False,2022-05-02,INDIVIDUAL,47719.96,6501.61,2,Poland,QKTN35537349887200
97fbf781-328b-4f03-bf36-440c27552670,Tamara Price,35,MALE,Retail merchandiser,96154.98,LOW,Dominica,East Sandratown,PENDING,False,False,2022-10-24,BUSINESS,42876.68,78588.16,4,Svalbard & Jan Mayen Islands,STPP84121506560367
85dfb518-a142-4d2c-88d9-5c1927fbd4f1,Lauren Adkins,70,MALE,"Engineer, automotive",1742601.47,MEDIUM,Switzerland,Port Maria,VERIFIED,False,False,2022-01-25,INDIVIDUAL,8381.73,71868.84,1,United Arab Emirates,IHNO94391829063628
577c97a6-052b-4037-ad14-15b3489beb4f,Kevin Johnson,89,OTHER,Secretary/administrator,415980.83,HIGH,Romania,Port Reneeport,VERIFIED,False,False,2022-08-22,BUSINESS,2876.41,47870.93,1,Gabon,QXKY32778284359696
e95c6173-8690-418f-956f-e6f1dd1f572a,Anthony Rivera,45,FEMALE,Housing manager/officer,303687.63,HIGH,Guernsey,New Omar,VERIFIED,False,False,2025-03-13,INDIVIDUAL,1512.43,69064.95,1,Fiji,EFVS12766907236557
7b74d603-f712-4275-b071-f91bbdd8a299,Evan Miller Jr.,64,OTHER,Mudlogger,801819.67,MEDIUM,Mayotte,Jeremyfurt,VERIFIED,False,False,2023-04-22,BUSINESS,32983.69,35261.63,1,Tunisia,BWML71354141157565
c3202ec8-360f-4765-b701-6db381456318,Andrew Owens,77,OTHER,Travel agency manager,715147.69,LOW,Cuba,New Johnbury,PENDING,False,False,2024-10-01,INDIVIDUAL,27463.44,53695.52,4,Trinidad and Tobago,NUCU83782911106993
4860c08d-e326-426e-850c-27f7e4006dee,Justin Mullins,78,FEMALE,"Chemist, analytical",1209771.59,MEDIUM,Ireland,Oliverhaven,VERIFIED,False,False,2024-12-17,BUSINESS,21051.04,46151.01,4,Japan,BTXI63703736261638
c28348d3-3a4e-4038-b865-ff67dafe7969,Tonya Petersen,19,MALE,Biomedical scientist,177886.9,LOW,Guam,North Janicehaven,PENDING,True,False,2023-12-18,BUSINESS,11901.06,97474.75,3,Mexico,AWOS91679362723611
16b92709-2c33-4bf6-aeeb-565a40194db2,Timothy Mcdaniel,59,FEMALE,"Surveyor, commercial/residential",807766.34,LOW,Sierra Leone,Stephenbury,VERIFIED,False,False,2025-12-07,INDIVIDUAL,18215.55,13868.24,4,Costa Rica,XYXI52462655257694
ad685bf6-012f-4ad8-a641-a96e4befa5f9,Brenda Rhodes,23,FEMALE,Education administrator,302654.71,LOW,Gibraltar,New Ericton,PENDING,False,False,2025-07-26,BUSINESS,28401.15,9468.35,3,Equatorial Guinea,KVEZ49905218786465
9bc49cf8-a409-4d55-a5dc-e5937b4dca73,Ashley Johnson,85,FEMALE,Trade mark attorney,882745.79,HIGH,Czech Republic,Dennistown,PENDING,False,False,2022-02-05,BUSINESS,36109.59,63164.78,2,Guinea-Bissau,UTQT54544880000492
48142953-0eaf-4d54-ae15-2e2eda5abc8d,Molly Garcia,51,FEMALE,Plant breeder/geneticist,1806315.99,LOW,Saint Barthelemy,West Nathan,PENDING,False,False,2023-02-22,INDIVIDUAL,38008.2,53673.4,1,Ethiopia,XBPT80643463085304
0aeb45f2-69de-4bb3-a247-017428c037b9,Russell Smith,30,OTHER,Special effects artist,1326543.05,LOW,Mali,Warnershire,PENDING,True,False,2024-10-16,BUSINESS,5775.78,92456.07,4,Israel,HQUI31065406217336
6cfe2834-3165-4aa5-910b-2b5456c50e95,Samantha Bryant,78,FEMALE,Aid worker,525937.9,MEDIUM,Kiribati,Jackstad,VERIFIED,False,False,2022-03-02,INDIVIDUAL,22202.68,55081.58,3,Saint Helena,ZEGE22333210522106
a85b2798-ff13-4a8e-a938-51100ca3afab,Gary Stone,52,MALE,Therapeutic radiographer,1288537.06,LOW,Chad,Dannyville,VERIFIED,False,False,2024-09-23,INDIVIDUAL,4456.54,45418.8,1,Antigua and Barbuda,OASA57686526861034
111fef88-5458-48e2-a963-1dfcd42a1fac,William Smith,89,OTHER,"Engineer, mining",1411837.24,LOW,Japan,New Shelbyland,PENDING,False,False,2022-10-13,INDIVIDUAL,3343.86,88388.79,2,Cuba,XTSW03511431160929
535b2305-ebed-4180-8b03-7bc8a841e44b,Diana Lambert,51,FEMALE,Armed forces training and education officer,1284385.41,HIGH,Norfolk Island,Smithbury,VERIFIED,False,False,2026-02-01,BUSINESS,12683.7,86999.24,2,Guinea-Bissau,DWAT93330299788188
d01c2183-a819-480e-8d15-a96d19bb6a9a,Maria Edwards,30,MALE,"Therapist, occupational",955461.77,MEDIUM,Netherlands Antilles,East Anthonystad,VERIFIED,False,False,2022-01-24,INDIVIDUAL,17655.17,78330.65,1,Equatorial Guinea,UPYG87484038999300
06b427f0-68e1-4207-9f7c-0997e8fb8295,Shawn White,46,FEMALE,Sport and exercise psychologist,1485179.66,LOW,Lebanon,Anthonyview,VERIFIED,False,False,2023-11-21,INDIVIDUAL,32440.62,43824.34,1,Guinea,EVJC97439138756510
1b1c6561-7765-432b-95b5-794a0fb5a71e,Jeremy Schwartz,64,FEMALE,Artist,100215.07,LOW,Heard Island and McDonald Islands,East Jennifer,VERIFIED,False,False,2022-09-15,INDIVIDUAL,42788.78,16331.84,3,Malaysia,MDLI65841905301922
f9ef82ed-6c90-4987-b354-a1587baec7dc,Jeremy Blackwell,81,FEMALE,Chief Strategy Officer,766300.2,LOW,Cameroon,Carlsonshire,VERIFIED,False,False,2023-01-06,INDIVIDUAL,6078.56,15288.27,4,Mexico,VJGM15771330606787
477882f4-6fcb-4159-8eca-90ea124c592e,Jonathan Bailey,84,FEMALE,Mudlogger,62054.14,MEDIUM,South Georgia and the South Sandwich Islands,Vanessamouth,VERIFIED,False,False,2025-02-22,INDIVIDUAL,19557.13,98868.71,2,Austria,AAXT07223159366746
745e9eb6-d93a-4850-a9b8-1c5a1a80194c,Shannon Malone,87,MALE,IT sales professional,367969.22,LOW,Somalia,New Scott,VERIFIED,False,False,2022-05-02,INDIVIDUAL,7969.11,39880.95,1,Finland,LMXB58765879558406
77df0ae9-0fe5-4f60-a310-6a28697f5870,Edward Smith,81,FEMALE,"Scientist, research (medical)",31387.07,MEDIUM,Libyan Arab Jamahiriya,West Craigview,VERIFIED,False,False,2023-01-27,BUSINESS,33595.53,17043.21,3,Papua New Guinea,SZQM02794126930491
c9bd54d4-cbc7-4268-81eb-3aae168ef8e6,Stacey Carey,32,OTHER,Building surveyor,921388.63,HIGH,Bhutan,North Sharon,VERIFIED,True,False,2023-06-07,BUSINESS,34463.12,72241.74,2,Cote d'Ivoire,IAER01765532733115
a7cf0746-24a4-4f4f-ba23-b50e8a6a9574,Vincent Roberts,20,MALE,Medical laboratory scientific officer,163928.84,HIGH,Egypt,Lake Karaview,PENDING,False,False,2025-04-05,INDIVIDUAL,26005.1,30274.34,4,Korea,RCOY50032662499426
68ea0961-48d0-4fd0-9db5-f9c4688c60f3,Anthony Barrera PhD,85,OTHER,Systems analyst,1181505.53,MEDIUM,Swaziland,East Lisa,VERIFIED,False,False,2023-09-05,INDIVIDUAL,37700.33,84112.58,2,Sri Lanka,ZCTZ80160314513891
ba5383ab-079f-4ac3-a1bc-ce6133d22d83,Shawn Garza,55,MALE,Housing manager/officer,1624464.69,MEDIUM,Holy See (Vatican City State),East Shannonburgh,PENDING,False,False,2022-12-07,INDIVIDUAL,13655.57,91943.74,4,Qatar,XRKD65986723873912
e4837b05-d972-4b3c-b949-a07ca9d76ceb,Marie Murphy,56,OTHER,Financial manager,1326587.12,HIGH,Saint Barthelemy,North Sean,PENDING,False,False,2026-03-04,BUSINESS,14161.97,16157.02,3,Colombia,LTJK85523524521939
b38610b3-b749-472b-a603-2dfe9ba521ae,Karen Lamb,34,FEMALE,Chief of Staff,379428.5,HIGH,Guinea-Bissau,Lake Michele,VERIFIED,False,False,2023-10-05,BUSINESS,17431.56,71820.09,1,Rwanda,XLSK22484167326657
6a75b39b-fb13-404f-afff-fa35d42622ab,Dylan Zimmerman,49,FEMALE,"Geologist, engineering",762935.75,MEDIUM,Sao Tome and Principe,East Carolynport,PENDING,False,False,2022-05-24,BUSINESS,31588.13,46702.24,2,British Indian Ocean Territory (Chagos Archipelago),QTXG13800530726217
dd46cc56-4da8-4682-aa0e-5f5c44cfe6c2,James Rodriguez,24,MALE,Museum/gallery curator,578970.98,HIGH,Anguilla,Oconnorside,VERIFIED,False,False,2023-05-12,BUSINESS,22320.09,72448.27,2,Niue,YANI52296995250585
581b1170-74d8-4cc5-a812-158491698e0c,Susan Thompson,87,MALE,Information officer,1167679.77,LOW,Samoa,North Barbara,PENDING,False,False,2024-03-24,BUSINESS,38766.81,2395.03,1,Namibia,IXLK20841103236916
fea63498-f3b2-4916-bb87-5bc9b816497f,Jessica Thornton,39,OTHER,Microbiologist,1621574.47,MEDIUM,Luxembourg,North Deannaburgh,VERIFIED,False,False,2024-01-03,INDIVIDUAL,13463.49,34796.83,4,Zimbabwe,KJXL28446686293342
1d643f56-f578-4c21-bdf3-d90028c9f44c,Timothy Gray,70,MALE,"Administrator, sports",1985144.59,HIGH,Isle of Man,Hamptonside,PENDING,False,False,2022-09-03,BUSINESS,35530.87,73505.16,2,Georgia,LLQH90852090571260
e2be05b7-4420-40d3-9b09-7559f37cd149,Michelle Horn,43,MALE,"Psychologist, sport and exercise",161839.89,HIGH,Malaysia,Riddlefort,PENDING,False,False,2021-11-29,BUSINESS,14151.16,75243.87,4,Lesotho,FWHF73936820081899
e8cc4439-9387-4a76-8995-5bba3966d931,George Santiago,31,MALE,Arts development officer,1183142.66,MEDIUM,Belize,North James,PENDING,False,False,2026-07-13,INDIVIDUAL,45943.88,26811.22,4,Congo,JMCF24260755173863
fa8cef67-3f77-4ca6-ab7e-dccaaff727ac,Catherine Harper,22,FEMALE,"Runner, broadcasting/film/video",1659733.41,LOW,Malawi,North Ashley,PENDING,True,False,2025-08-21,INDIVIDUAL,19047.55,17512.72,2,Bahrain,JMSN89847655794035
f8dd4c74-7683-4741-bb37-421c67842f9f,Michelle Lane,56,MALE,"Teacher, secondary school",1699158.51,MEDIUM,Croatia,Danielchester,VERIFIED,False,False,2023-11-04,INDIVIDUAL,49619.68,23548.9,3,Indonesia,YYNK84083305813356
4b1144a4-74ca-4187-96b4-0269f51a7950,Linda Waters,90,OTHER,Ranger/warden,1063831.86,HIGH,Macao,East Matthew,PENDING,False,False,2025-03-28,INDIVIDUAL,33984.4,63215.59,3,New Caledonia,FCOR06350031965987
0b52ea83-41f8-44e4-8ac8-83f0f5844076,Mr. Danny Freeman DDS,40,FEMALE,Health and safety adviser,1065663.08,HIGH,Poland,Justinshire,VERIFIED,False,False,2025-12-07,INDIVIDUAL,48319.3,20750.8,3,Cyprus,PONH50530251546987
79a4aa65-62fb-49a3-9c73-9c47bd6907ab,Sean Shaw,53,OTHER,Translator,1569767.26,HIGH,Tonga,Lake Davidmouth,VERIFIED,False,False,2024-08-21,INDIVIDUAL,49969.18,13564.79,4,Canada,MVHJ31280915378064
52f422ef-530b-4517-84ac-99066db94ab1,Arthur Taylor,44,MALE,Special effects artist,1434692.13,HIGH,Djibouti,Hansonfort,PENDING,False,False,2025-08-17,BUSINESS,14676.95,29356.04,2,Malawi,KLTJ91519887576901
1da65a0a-da01-406f-ba1b-3521079f72c5,Lauren Hill,77,OTHER,"Conservator, museum/gallery",552698.7,MEDIUM,Faroe Islands,Haastown,PENDING,True,False,2022-12-11,INDIVIDUAL,15818.0,7313.04,3,Afghanistan,OZCU12817709873977
e6aa85c3-93ab-4c0a-8321-4e6dc7d6a996,Dana Gutierrez,36,FEMALE,Occupational hygienist,420195.8,LOW,Saint Barthelemy,Emilyhaven,PENDING,False,False,2023-02-11,INDIVIDUAL,47940.86,20898.58,1,Micronesia,MUUB65514502288946
1d06f85d-8e2e-42cf-88a3-425330afd0b3,Stacy Eaton,40,OTHER,"Designer, blown glass/stained glass",1963906.65,LOW,Moldova,New Rhondachester,PENDING,False,False,2025-12-04,BUSINESS,6129.29,22557.26,1,Sweden,GAVU60483626372966
22859faa-bd01-408f-ab70-ca86b8adf58f,Jacob Ortiz,24,MALE,"Conservator, furniture",1839923.68,MEDIUM,Tunisia,Burtonshire,VERIFIED,False,False,2024-01-24,BUSINESS,20598.33,1847.94,1,Belize,JQRY23987604052348
811cee06-d33b-45c7-ae0b-7a97652f4cc9,Ricky Fletcher,55,OTHER,"Education officer, environmental",318343.51,MEDIUM,Egypt,Wardmouth,PENDING,False,False,2025-03-25,BUSINESS,3067.43,61454.52,3,Bosnia and Herzegovina,WVTB71376803781638
e2d3b8ed-2e9f-495f-a7ef-82ea4a1a1c38,Emily Ramirez,70,MALE,"Research officer, government",1449830.51,LOW,Liechtenstein,New Tina,VERIFIED,False,False,2021-10-03,INDIVIDUAL,23594.67,48252.21,1,Slovenia,ZAVT00146853310163
c72d9275-23a9-4fdd-9932-54ebcc97dd7b,Lindsay Hughes,78,OTHER,Insurance broker,1058240.17,LOW,Netherlands,Crystalmouth,VERIFIED,False,False,2024-09-26,INDIVIDUAL,8979.74,57973.67,1,North Macedonia,AOZF05705949385567
52754264-1fa6-4afb-81f7-ee42acc8ba0d,Penny Wu,56,MALE,"Surveyor, minerals",1114937.86,LOW,Kenya,Gomezville,PENDING,False,False,2024-10-14,INDIVIDUAL,17352.58,94351.11,3,Western Sahara,FUXM89916690442184
7929e58f-ceb7-4a73-bd43-a6093fd8f85f,Katherine Hernandez,65,MALE,Media planner,1193725.52,MEDIUM,Uganda,Jenniferburgh,VERIFIED,False,False,2025-05-31,BUSINESS,15399.72,20212.75,2,Jamaica,DDWX94574485185759
9ecef684-c76a-4163-8695-87fa02f8263d,Amanda Campbell,38,OTHER,"Geneticist, molecular",433461.48,HIGH,Turkey,South Douglasfurt,VERIFIED,False,False,2025-07-20,INDIVIDUAL,19836.63,16727.75,1,Dominican Republic,XVKM63804334481027
e96cb5f4-bf78-495e-aab1-6f2c5a140ea3,Laura Jackson,50,OTHER,Dramatherapist,144634.81,HIGH,Mozambique,Alanchester,PENDING,False,False,2023-04-22,INDIVIDUAL,21681.57,22808.28,1,Romania,IYRO66705896531010
87828bc0-b6c7-4bad-a49d-132a08f6cbef,Mindy Patel,77,OTHER,Dentist,1024168.38,LOW,Gambia,Virginiamouth,VERIFIED,False,False,2021-11-29,INDIVIDUAL,19672.59,47840.38,1,Finland,UCCE00766491055477
d583552e-671c-4a91-87a8-a0855e074e4b,Ashley Parker,18,MALE,"Geologist, engineering",1434505.38,MEDIUM,Yemen,Wadefort,PENDING,False,False,2023-03-24,BUSINESS,2210.16,92414.67,1,Sao Tome and Principe,QLLD84743459246988
ff753337-c29a-4843-b39a-02c77795c5aa,Melanie Martin,88,MALE,"Accountant, chartered management",951351.93,MEDIUM,American Samoa,Pattontown,VERIFIED,False,False,2023-12-02,BUSINESS,8168.91,97180.76,2,Bahamas,LEAW79828246391456
b9f20e7f-1f5d-4964-9129-9255fb85a752,Regina Rush,24,OTHER,"Psychologist, counselling",860434.07,MEDIUM,Guam,South Matthew,PENDING,False,False,2022-12-24,INDIVIDUAL,10341.24,44476.07,1,Martinique,FMNL85755869652787
e834e531-0729-4a60-bb89-204b6f633207,Patrick Garcia,57,MALE,Personnel officer,1104454.18,MEDIUM,Sudan,New Janet,PENDING,False,False,2023-02-20,INDIVIDUAL,17802.99,86317.38,3,Indonesia,HUBK47428961894415
1ab2a96d-7241-4173-9eb3-931fed475623,Anthony Griffin,69,OTHER,Comptroller,1493104.18,LOW,Colombia,West Patriciabury,VERIFIED,False,False,2023-07-26,BUSINESS,11599.76,75862.84,3,Kenya,VTUP38704240401797
bf45c776-bc45-480b-a3cc-87a0d6dc947d,Kristen Gutierrez,71,OTHER,"Sound technician, broadcasting/film/video",1127738.89,MEDIUM,Guernsey,New Tyler,VERIFIED,False,False,2022-03-10,BUSINESS,45908.99,18310.55,4,Turkmenistan,MDCH89265955135144
143d1e55-cbd5-4825-8ed3-d14c81be6f37,Mrs. Abigail Rowe,24,OTHER,Dealer,86806.19,HIGH,Reunion,New Traceychester,PENDING,False,False,2025-04-11,INDIVIDUAL,45173.39,90504.59,4,Chile,MVFC83524206345875
efbf23cc-1f26-4a18-afcc-bd6197b104f7,Amanda Gregory,41,FEMALE,Aid worker,384407.8,HIGH,Aruba,Jeffreytown,PENDING,False,False,2025-02-22,INDIVIDUAL,33358.71,78006.8,3,Sao Tome and Principe,UDVG09823495832562
60c35083-8b95-427b-970e-39222e55d450,Matthew Dennis,36,OTHER,Sales executive,1229759.86,HIGH,Hungary,Port Patrickchester,VERIFIED,False,False,2026-05-10,BUSINESS,14455.79,54776.99,1,Timor-Leste,XIKE80782018761174
0fb14391-b221-4b56-b934-576fbbccb442,James Leblanc,22,MALE,Probation officer,1092788.07,LOW,Bahrain,New Russell,PENDING,False,False,2026-02-04,BUSINESS,23640.81,21420.56,1,Micronesia,JOPL55843894682944
06e1c197-e4b1-4af4-8ae9-3b73fc195f20,Barbara Ramos,21,MALE,"Therapist, sports",1892092.44,HIGH,Saint Helena,Johnbury,PENDING,False,False,2024-01-31,INDIVIDUAL,44793.46,26997.66,2,Slovakia (Slovak Republic),NIWE08879238578692
45f6746b-128d-4ee2-800c-e72a57d8af67,Dominique Williams,56,FEMALE,Research scientist (medical),991101.21,HIGH,Saint Kitts and Nevis,East Jason,VERIFIED,False,False,2022-02-03,INDIVIDUAL,9013.48,13951.05,4,Zambia,UVGB05490973281612
0f98bc0c-b168-4998-8b61-f5fe53fbc287,Kathleen Sanders,75,FEMALE,"Buyer, retail",828840.3,HIGH,Bhutan,New Jamesburgh,VERIFIED,False,False,2022-08-21,BUSINESS,40438.93,50858.17,4,Chile,YRNR97894439103286
5b2e5e7f-2656-4d1e-aaa3-6bfa3cb8dd9e,Craig Snyder II,56,OTHER,Accommodation manager,342103.87,MEDIUM,Botswana,East Jeff,VERIFIED,False,False,2023-03-28,INDIVIDUAL,33477.5,90044.15,1,Peru,EAKV06448378701628
33ca0298-6745-4a54-a156-a90a1fd0402d,Leslie Jones,69,FEMALE,Estate manager/land agent,277472.84,LOW,Montenegro,Cardenasstad,PENDING,False,False,2024-08-07,INDIVIDUAL,36127.03,9933.31,2,China,WHML89896376045030
3571f9e7-403a-427c-8eb8-c8d690954f99,Jessica Roth,72,OTHER,"Surveyor, land/geomatics",1828269.21,MEDIUM,Slovenia,Patricialand,VERIFIED,False,False,2025-10-19,INDIVIDUAL,23555.94,38838.6,1,Morocco,RQJB82017730813926
e0948daa-ed36-4acf-8235-cc2ad1c28666,Stephen Carter,37,FEMALE,Community pharmacist,1271793.42,LOW,Haiti,North Alexander,VERIFIED,False,False,2021-10-13,BUSINESS,49385.27,90706.19,3,Jordan,QTWA87051213673169
d28211db-f729-4858-8158-237bad24c404,Erin Norman,66,OTHER,Heritage manager,1478404.35,LOW,Rwanda,New Victorview,VERIFIED,False,False,2024-05-27,INDIVIDUAL,3559.7,88956.27,4,Kiribati,CAMN26339411820568
5e1e24dc-90e6-4ebd-b54f-d935044aa499,Donald Peterson,23,FEMALE,Architect,1112749.17,LOW,Cuba,Burtonport,PENDING,False,False,2022-08-10,BUSINESS,8722.56,65705.64,2,Saint Lucia,XJGA28784796874594
234d2386-a734-4f14-b1fd-acdb48918069,Garrett Duran,48,FEMALE,Land/geomatics surveyor,1764623.51,LOW,Rwanda,Port Williamside,VERIFIED,False,False,2025-10-23,BUSINESS,38723.76,11064.37,2,Morocco,KYUI93723264705503
94aaabd9-573c-4ed5-8436-4af2efab7c10,Kimberly Young,61,OTHER,Clinical embryologist,1353622.62,MEDIUM,French Polynesia,South Todd,VERIFIED,False,False,2021-09-01,BUSINESS,31358.46,29227.11,4,Equatorial Guinea,IYMB06641011750480
27466eed-2a57-4dfb-bb93-d4d8b2f679c5,Anthony Gallagher,27,OTHER,Youth worker,553711.76,LOW,Oman,Damonland,PENDING,False,False,2022-04-26,INDIVIDUAL,32433.75,21813.42,1,Taiwan,XVZS70286611040876
f8d24375-5957-42c5-8f1e-c25f22dd6203,Bianca Smith,47,MALE,Private music teacher,428588.63,MEDIUM,Greece,Levineland,VERIFIED,False,False,2021-11-06,BUSINESS,9922.81,25878.34,4,British Virgin Islands,DIHX78324322674098
7c818aeb-8136-4412-82a1-a33e6a6cb6a5,Dylan Wright,29,FEMALE,Naval architect,460575.74,LOW,South Africa,Lake Bradleyport,VERIFIED,False,False,2024-04-11,BUSINESS,20694.96,16090.71,2,Mauritius,YNZR83457685429020
212ab453-1a67-436c-8738-fc198c37d290,Cynthia Leach,79,OTHER,Archivist,1494301.46,HIGH,Jordan,South Sarah,VERIFIED,False,False,2022-01-01,INDIVIDUAL,32027.07,69240.65,2,Vietnam,RFXG36217539522264
43e75c96-62fb-41b0-b1b7-4b1b7149da4c,James Lindsey,37,OTHER,Management consultant,1305573.6,MEDIUM,Saint Vincent and the Grenadines,Johnsonland,VERIFIED,False,False,2024-04-25,INDIVIDUAL,20520.87,21711.13,4,Nicaragua,LQHS72507532445991
886894c7-ba58-4e92-8f15-6dd9123e2184,Joshua Fitzpatrick,84,MALE,Insurance broker,1048061.03,LOW,Dominican Republic,Simston,PENDING,False,False,2023-06-12,INDIVIDUAL,44973.08,28819.7,4,Sweden,QHLH19977186170405
5c36e7c5-1b5d-4b84-bdb8-c12928a43059,Anthony Johnson,46,MALE,Publishing rights manager,393665.57,HIGH,Anguilla,Collinsburgh,VERIFIED,False,False,2025-01-27,INDIVIDUAL,35110.76,39986.99,1,British Indian Ocean Territory (Chagos Archipelago),SMGD71117065731962
146db068-72ca-48a4-8cc2-ea0ca4c815bb,Laura Daniels,85,FEMALE,Estate agent,1190380.79,HIGH,Kyrgyz Republic,Marksside,VERIFIED,False,False,2026-03-02,INDIVIDUAL,14476.04,37149.22,2,South Georgia and the South Sandwich Islands,RMJL34938074031870
b3bb7bfd-720c-458d-9a7b-bf38269928ec,William Mann,88,MALE,Theatre stage manager,953295.7,HIGH,Bolivia,North Janet,VERIFIED,False,False,2023-08-13,INDIVIDUAL,11216.92,94015.84,2,Tunisia,MCWI12174818873981
3e43c26a-09c3-41ec-a99d-9a3c6a161d2d,Matthew Hamilton,76,FEMALE,"Engineer, manufacturing",273251.71,HIGH,Japan,Port James,VERIFIED,False,False,2024-11-03,INDIVIDUAL,17967.88,41089.32,4,Czech Republic,OSDM54763844177354
08fda913-1b62-4bf5-a8d4-102c73e3d039,John Hinton,30,OTHER,Marketing executive,1175151.62,MEDIUM,Cyprus,Fordfurt,VERIFIED,False,False,2025-10-13,BUSINESS,9377.94,97713.85,3,Mexico,IPAF97935678226465
faec735c-4618-47f9-89da-9b8c878be7e3,James Ruiz II,77,FEMALE,Architect,1360130.91,HIGH,Guadeloupe,South Saraton,VERIFIED,False,False,2026-02-25,INDIVIDUAL,25291.16,41854.02,3,Cape Verde,TEJT38925643395114
e1cea7ed-0b65-4860-9b98-8728ae38c785,Johnny Camacho IV,29,MALE,"Psychologist, educational",1151272.19,LOW,Mayotte,Antoniotown,PENDING,False,False,2025-02-15,BUSINESS,43037.79,30608.54,4,Russian Federation,KEMG20912823414336
5a784c16-5017-4eef-9cfd-07c524f8f736,Joseph Garrison,24,MALE,Software engineer,707167.29,LOW,Korea,New Bridget,PENDING,False,False,2021-09-30,BUSINESS,44986.3,76011.74,3,Micronesia,QQGL55265119144836
353dc0b9-e990-4186-b15e-3c97dbe2c77b,Aaron Flores,71,FEMALE,Records manager,177859.22,MEDIUM,Senegal,Rossland,VERIFIED,False,False,2024-12-03,BUSINESS,20407.4,61529.18,2,Georgia,OWEY38300945303817
d589a225-e53a-4476-9445-360d5bfc17f5,Angel Cox,47,MALE,"Biochemist, clinical",1685388.31,MEDIUM,French Southern Territories,North Barbara,PENDING,False,False,2024-03-29,INDIVIDUAL,22501.37,24621.81,3,Falkland Islands (Malvinas),KYCI97264934796260
deadc13c-0341-4587-a524-b482c95851e7,Mark Palmer,28,FEMALE,"Editor, magazine features",1174030.28,HIGH,Sao Tome and Principe,Wadehaven,VERIFIED,False,False,2025-09-22,BUSINESS,45185.28,90417.77,3,Ethiopia,JKSB39376773999541
176fdd05-5e95-48eb-8484-0ecd8457e1ac,Kristy Sanchez,51,MALE,Police officer,1898036.26,MEDIUM,Thailand,Lake Davidview,PENDING,False,False,2025-07-31,INDIVIDUAL,35335.68,91063.46,1,Samoa,EYEK77334199476322
fc2a9bbd-3862-4c14-b812-7ad3a6b8f518,Casey Clements,87,FEMALE,Exhibition designer,340853.33,LOW,Mauritius,Lake Christopherville,VERIFIED,False,False,2023-05-02,INDIVIDUAL,25434.04,8772.95,2,China,FNMZ92001199349087
e21e8b66-1293-48a0-b106-149ba4424e2e,Andrea Romero,73,MALE,Petroleum engineer,999495.39,HIGH,Haiti,West Derrick,VERIFIED,True,False,2025-05-20,INDIVIDUAL,28735.91,70757.55,3,Vanuatu,VPHG05647299595483
899592e1-2b3c-4c41-b535-9034267bf14e,Patrick Gonzalez,41,FEMALE,Science writer,1536285.25,LOW,Northern Mariana Islands,South Mariahbury,PENDING,False,False,2024-04-25,BUSINESS,2065.27,94393.77,4,Singapore,GOOG01295843665539
a90f95c4-caa2-43dc-88d3-54cac29ef0b5,Michael Cross,68,MALE,Maintenance engineer,1343093.39,LOW,Dominican Republic,Martinland,VERIFIED,False,False,2024-06-08,BUSINESS,32263.48,46779.05,3,Samoa,FGWI69076105638219
6cc6d5bf-d0c1-4c2f-8076-00d0a43075fc,Anthony Harvey,48,FEMALE,Company secretary,1276506.53,LOW,Ecuador,Kellychester,PENDING,False,False,2025-04-11,INDIVIDUAL,21201.26,68644.09,1,French Southern Territories,GJSH40856926409863
309514c5-bfa5-46f5-b3e2-26abe6e66029,Patricia Jarvis,64,MALE,Careers information officer,1386182.9,HIGH,Guatemala,East Ericborough,PENDING,False,False,2025-04-24,INDIVIDUAL,38065.12,35643.73,4,Mexico,XWDJ71289121946339
4dc5850f-7a88-4662-8640-1528c02e5515,Jimmy Sosa,68,FEMALE,Sub,514952.55,LOW,Singapore,New James,VERIFIED,False,False,2024-04-23,BUSINESS,5844.07,70336.98,4,Gibraltar,DSBL58239385664880
263f28dd-bff2-4b55-ab64-d706b6aa8c23,Ana Reed,63,OTHER,Bonds trader,1706713.51,MEDIUM,French Polynesia,South Mark,VERIFIED,False,False,2023-12-16,INDIVIDUAL,23040.09,62424.35,3,Azerbaijan,TLYK16146654973361
3baec90c-6337-40d7-925a-30235d1c1db8,Madison Johnson,63,FEMALE,Landscape architect,1156473.5,LOW,Venezuela,Johnmouth,PENDING,False,False,2024-08-21,INDIVIDUAL,29392.99,69313.63,3,Djibouti,TFYM97341866872107
ab0703f4-106f-4ef4-8af1-69d4e34a9227,Justin Ayers,79,FEMALE,Building services engineer,697770.12,LOW,Burundi,South Nancymouth,PENDING,False,False,2024-02-23,INDIVIDUAL,33070.78,93528.91,1,Palestinian Territory,YPCE36965959838075
553a9915-2f96-45be-b7f4-34cf0493f114,Rebecca Roberts,52,FEMALE,Lawyer,1794474.17,HIGH,Namibia,South Christiefurt,PENDING,False,False,2026-07-16,INDIVIDUAL,6704.16,77395.46,2,Swaziland,TCUQ90523467294342
98b75705-2612-4604-bf04-0950e1470233,Cynthia Summers,88,FEMALE,Furniture conservator/restorer,725669.65,HIGH,South Georgia and the South Sandwich Islands,New Melodyborough,PENDING,False,False,2025-11-20,INDIVIDUAL,6585.34,89758.5,3,Aruba,LDHK21214814720688
9221b722-fb7d-42cc-b3e7-b09339ac4fa8,Ashley Coleman,80,OTHER,Civil Service administrator,647636.57,MEDIUM,Guinea,Lake Kelseyfurt,VERIFIED,False,False,2022-07-18,BUSINESS,22739.44,71223.32,4,Azerbaijan,VFSL52835277219736
29fd7e70-dff9-4950-8de7-43249defe20d,Andrew Buck,69,OTHER,Dancer,499772.16,MEDIUM,Egypt,East Samueltown,VERIFIED,False,False,2026-04-16,BUSINESS,23966.75,20901.91,4,Vietnam,GGQG07085020974581
0a331e46-2f4e-4b15-9e51-f4e3b4d24a91,Kelly Graves,64,FEMALE,Special educational needs teacher,96386.81,LOW,Montenegro,Brendachester,PENDING,False,False,2022-12-06,INDIVIDUAL,11085.12,85077.91,3,Angola,VNCE86218781356473
bd0082ba-67ae-4006-af6a-04afe59092bf,Carl Turner,33,MALE,Lexicographer,1588661.25,MEDIUM,Greenland,Lake Dawn,PENDING,False,False,2025-06-14,BUSINESS,49794.37,10672.28,1,Colombia,NIWI87009620006513
c8da26f7-21bc-4006-bb93-41178d1deb1b,Kimberly Flores,21,OTHER,"Scientist, research (physical sciences)",1853004.47,MEDIUM,Estonia,Michellestad,VERIFIED,False,False,2022-09-13,INDIVIDUAL,35030.65,44193.56,2,Western Sahara,DARJ80065241705195
dbaa7e5a-b0ab-4ddd-b2bc-17dff69ff81a,Joel James,36,FEMALE,Special effects artist,280999.4,HIGH,Taiwan,Smithport,VERIFIED,False,False,2021-10-26,INDIVIDUAL,12473.97,74905.99,3,Norfolk Island,DWFN92622025118546
6bf6dc51-f269-4052-b60b-ef59bbeb040f,Cheyenne Richardson,86,FEMALE,Land/geomatics surveyor,1078135.28,MEDIUM,Saint Vincent and the Grenadines,Lake Carl,PENDING,False,False,2024-09-12,INDIVIDUAL,21192.06,56384.77,3,China,UOPV97595391967954
2266a2bd-91d2-4fc5-acae-f8c49ace1eaa,Nicholas Hayden,18,FEMALE,Camera operator,1332180.15,MEDIUM,Japan,Alexandermouth,VERIFIED,False,False,2024-06-02,BUSINESS,5780.57,52186.37,2,Kazakhstan,WUTH03310174692305
6d838ce3-d7d9-4566-99ed-ba4f55a9c306,Melinda Martin,67,OTHER,Interpreter,952022.18,MEDIUM,Guatemala,Lorettaton,PENDING,False,False,2024-03-12,BUSINESS,16666.7,10988.24,4,Solomon Islands,LDSS60279435579639
7b7ca394-0e39-49af-b2ee-1db6ec5e4633,Daniel Ware,57,MALE,Illustrator,96790.17,LOW,Mauritius,West Stevenstad,PENDING,False,False,2023-08-09,BUSINESS,34414.69,69438.14,4,Ukraine,CMJJ18238064328126
16af0da0-b5e8-48d5-8cff-eb2abee654d6,James Robinson,51,OTHER,Software engineer,372879.51,HIGH,Iraq,Tammiemouth,VERIFIED,False,False,2022-01-20,INDIVIDUAL,30175.29,46057.77,4,Sudan,HRLT08914582124566
9ec6abff-93f6-42b9-89aa-7dc8410c1826,Brandy Dunlap,77,FEMALE,"Psychologist, prison and probation services",435488.32,HIGH,Russian Federation,Johnmouth,PENDING,False,False,2025-08-23,BUSINESS,42734.1,25234.2,1,Cocos (Keeling) Islands,JFIV54372301750165
4814bf24-336e-43f7-90c7-705ac2f54f8e,Rebecca Ruiz,71,OTHER,"Engineer, biomedical",1714631.29,HIGH,Mozambique,New Kevin,PENDING,True,False,2022-11-05,INDIVIDUAL,6388.2,8352.15,4,Argentina,BJTR76671681419405
59f8070c-1346-41f7-8204-e333e99ddc93,Mary Conley,62,MALE,Museum/gallery curator,490157.31,MEDIUM,Benin,Patrickborough,VERIFIED,False,False,2025-05-23,BUSINESS,45997.23,32656.02,2,Western Sahara,RUAF42196606626075
8756b548-bd17-4ff9-9342-488e79dc3b20,Brandon Jones,88,FEMALE,Transport planner,1819141.11,MEDIUM,Syrian Arab Republic,Davisborough,VERIFIED,False,False,2024-05-12,BUSINESS,14866.07,42744.41,2,Cote d'Ivoire,PUPO28013636563587
415d8eac-6a89-484f-be05-b828f949fff1,Matthew Martin,46,MALE,Medical secretary,1971010.3,LOW,Bahrain,Lake Carrieborough,VERIFIED,False,False,2021-10-30,BUSINESS,19955.35,26305.41,2,Faroe Islands,MPGT68194798103919
4f8bcb24-84aa-43dc-91d2-4d0a4396da47,Jessica Guerrero,81,MALE,Quantity surveyor,505414.31,LOW,New Zealand,Tanyaside,PENDING,False,False,2022-07-07,BUSINESS,36137.9,60741.65,3,Brunei Darussalam,ZOFV57002616720515
dd7a7eae-6583-4999-a145-6f9b9e1f0424,Joseph Taylor,61,MALE,Solicitor,904750.91,MEDIUM,Chad,South Heatherville,VERIFIED,False,True,2023-01-06,BUSINESS,45748.51,90351.41,3,Sweden,MYHO58473735520900
7d529a1d-3464-4a65-a191-576dc29dc4b5,Elizabeth Medina,56,MALE,Operations geologist,1016802.42,MEDIUM,Guatemala,South Pamela,VERIFIED,False,False,2025-10-15,INDIVIDUAL,25102.54,20463.37,4,San Marino,WYSF66393221893033
ce32e018-30bf-4222-b058-9e27d6edd3fe,Gary Floyd,34,FEMALE,Medical secretary,380150.25,HIGH,Zambia,Carolynview,VERIFIED,False,False,2024-09-24,BUSINESS,21482.49,21059.63,3,Iran,NLAY02427640459884
77312e98-912b-4005-8a81-af957b761496,Brian Lucas,69,OTHER,Fitness centre manager,779097.43,LOW,Iran,West Jessicaland,VERIFIED,False,False,2024-01-31,INDIVIDUAL,1204.7,28482.73,1,Comoros,DPRN12764530587346
c85541eb-3774-4d37-a483-2b0254da617e,Brittney Ryan,71,OTHER,Firefighter,1917894.27,LOW,Lithuania,Cynthiaberg,VERIFIED,False,False,2024-01-01,INDIVIDUAL,39944.04,25517.91,4,Comoros,FQHG74976468620063
083215af-e7af-4686-92d7-9fdd1a23ca62,Christopher Newton,61,OTHER,Local government officer,1223781.46,MEDIUM,Comoros,Joneschester,VERIFIED,False,False,2024-08-04,INDIVIDUAL,7553.73,38161.18,1,Cook Islands,KIDI91011542379103
0e943ab3-082c-4d5c-81e9-8c74768d6f6c,Steven Hernandez,18,FEMALE,Seismic interpreter,1025250.61,LOW,Holy See (Vatican City State),West James,PENDING,False,False,2023-05-04,INDIVIDUAL,13282.31,90235.02,2,Iran,ENOA73600728638558
ad87b333-303e-418d-9de7-944993f106a1,Anne Wright,49,MALE,Dietitian,567483.0,HIGH,Canada,Craigtown,PENDING,False,False,2022-03-08,INDIVIDUAL,16596.92,63168.64,3,Syrian Arab Republic,ETIU55084755328340
7e1991d0-ca5e-41fa-a23c-52c8c884130d,Sandra Jones,81,MALE,Lawyer,991011.16,MEDIUM,Guinea,Ryanmouth,PENDING,False,False,2023-05-01,BUSINESS,22605.09,23800.68,4,Burkina Faso,KIVV14731508345906
2f3b20b5-59c2-4de5-80ba-241cc0e55fa0,Douglas Pearson,54,FEMALE,Hospital pharmacist,1687534.13,LOW,Mauritania,Jenniferchester,VERIFIED,False,False,2022-08-12,BUSINESS,18558.89,29589.92,1,Isle of Man,BIAQ04829014013969
f50ce058-6995-464e-83c8-cccd5e049192,Kevin Conrad,74,FEMALE,Oncologist,492723.16,HIGH,Trinidad and Tobago,Lake Susanton,VERIFIED,False,False,2024-04-11,BUSINESS,900.06,70284.65,3,Jersey,XIZP69463867275627
40f28bc0-49de-40c4-aa36-94cc78cd821d,Crystal Mcdonald,71,MALE,"Journalist, magazine",1723349.77,LOW,Slovakia (Slovak Republic),East Gabrielle,VERIFIED,False,False,2026-01-24,INDIVIDUAL,30991.46,82632.12,1,Qatar,QSOV42636148752703
4265aa37-d248-496c-9cfd-c9586dc53b7c,Robin Lawrence,23,MALE,Ceramics designer,353134.81,LOW,Guinea,Johnsonland,PENDING,False,False,2025-02-15,BUSINESS,24643.36,67385.66,2,Marshall Islands,PODV86766255661650
baca3ab2-32f8-4c34-b2fe-4e1033430515,Gina Johnson,89,OTHER,Comptroller,339890.13,LOW,Mali,Johnsonfort,PENDING,False,False,2024-03-22,INDIVIDUAL,10545.4,30736.95,4,Macao,MHXJ16199060068572
f65da9e4-dc9a-43cf-827f-79ced84be79d,Donna Lewis,83,OTHER,Retail merchandiser,850991.92,LOW,Yemen,Port Christinastad,PENDING,False,False,2023-02-04,INDIVIDUAL,36175.0,69798.08,3,Timor-Leste,HUGI14102254354565
2f7cddf5-14bc-49b4-a9fa-7cc933af46b4,Kimberly Young,67,OTHER,Civil Service administrator,1584733.85,HIGH,Guyana,New Gloria,VERIFIED,False,False,2024-01-18,BUSINESS,25763.96,96813.34,4,Montenegro,YAAH63384108199976
d103fda3-b3aa-4392-962f-be758bd1933f,Michael Howard,35,OTHER,Child psychotherapist,1829423.83,MEDIUM,Russian Federation,Contrerasside,PENDING,False,False,2022-10-11,BUSINESS,9605.03,84856.3,3,Saint Pierre and Miquelon,QEZI05112067065132
a8887673-b1fb-4097-8a65-163d81449b3a,Kimberly Richardson,51,OTHER,Estate manager/land agent,227353.57,HIGH,Hong Kong,South Becky,PENDING,False,False,2022-08-29,INDIVIDUAL,3090.35,71754.8,4,Guernsey,TQED05502751825225
d26110c4-982c-4dc5-a904-c35ed1624b07,Julia Odom,38,MALE,Physiotherapist,707895.27,HIGH,Papua New Guinea,Romanbury,PENDING,False,False,2022-11-24,BUSINESS,14929.37,18663.8,3,Lebanon,GPYQ74521363355843
cad47b46-d3c7-4bd7-b756-8d59934169ff,Aaron Waller,69,MALE,Armed forces technical officer,1380370.3,HIGH,Bulgaria,East Scottport,VERIFIED,False,False,2024-06-26,INDIVIDUAL,49099.51,78511.06,3,South Georgia and the South Sandwich Islands,OBKJ60728468995574
d554006e-9fa7-44f8-b3fb-11281e49686c,Jonathan Brown,88,OTHER,"Engineer, electronics",384186.85,LOW,Monaco,Williamchester,PENDING,False,False,2023-10-04,INDIVIDUAL,21468.71,88292.48,1,Croatia,MKDD95963969666351
3052eb31-73ff-467c-9113-c5933818db7c,Carolyn Mccoy,45,OTHER,"Clinical scientist, histocompatibility and immunogenetics",198719.56,HIGH,New Zealand,Port Anthonymouth,PENDING,False,False,2021-11-10,BUSINESS,40520.88,3974.91,3,North Macedonia,HZKS89415932704358
c356c179-5b34-4eb4-8f7c-a8a4747f73fa,Bethany Wood,54,MALE,"Librarian, academic",1643805.31,LOW,Iraq,Michaelmouth,VERIFIED,False,False,2025-09-23,BUSINESS,22159.88,92041.88,1,Angola,HUCH82191685194233
e1d34c6d-6977-418a-ab03-e57a44df22c4,Michael Russell,68,OTHER,Armed forces logistics/support/administrative officer,132585.87,MEDIUM,Cambodia,Griffinbury,VERIFIED,False,False,2025-06-08,INDIVIDUAL,27028.5,29777.87,1,Tuvalu,ZFOG75962816307771
30187df1-6630-47e1-a550-13fc5eeb618a,Joseph Stevenson,38,MALE,Visual merchandiser,468658.37,MEDIUM,Comoros,North John,VERIFIED,False,False,2026-02-16,BUSINESS,49349.18,47973.4,2,Indonesia,EYPV65280865219262
ec7dfc49-37c4-4860-ad3b-db32d1728162,Jenna Reynolds,21,OTHER,Logistics and distribution manager,339898.7,HIGH,Vietnam,Lake Michaelmouth,VERIFIED,False,False,2023-04-01,BUSINESS,2256.96,11737.37,1,Japan,XUUV76861037678001
19f83eb9-81dc-4dc0-a5eb-9e2a36c46ec1,Terrence Gordon,56,OTHER,"Scientist, clinical (histocompatibility and immunogenetics)",638641.84,MEDIUM,Luxembourg,North Brent,VERIFIED,False,False,2024-09-02,BUSINESS,9714.89,19265.09,3,Afghanistan,ZXJJ94234319114474
cc6e04fd-a011-4ad9-9308-02e4504d936a,Michael Gaines,55,FEMALE,"Scientist, product/process development",973764.71,HIGH,Myanmar,New Eileenland,PENDING,False,False,2023-09-29,INDIVIDUAL,9460.89,19108.11,1,Central African Republic,FAGL39427062594604
1376cbc1-978f-4427-b4d3-b3756c7a2a9a,Erica Campbell,90,MALE,Therapeutic radiographer,1828522.13,HIGH,Guernsey,Diazmouth,VERIFIED,False,False,2024-11-15,BUSINESS,29937.39,55354.25,3,Germany,UWSF42902350245517
d37c9f48-1f71-448b-ad8a-7ae35cd6a071,James Drake,21,OTHER,Paediatric nurse,713280.95,HIGH,Belgium,Scottmouth,VERIFIED,False,False,2023-01-18,INDIVIDUAL,25884.09,33121.41,2,Mongolia,ZWLN00950078170674
a9d28c21-2e89-4f77-a9ab-7e958d09c51e,Brandy Perez,86,MALE,Medical technical officer,602438.04,HIGH,Norway,Port Anthony,VERIFIED,False,False,2022-07-23,BUSINESS,8723.77,87368.81,1,Montserrat,DWPH55138878100596
7ddcb4f8-007e-45c7-983b-69525e7f310e,Johnny Torres,37,OTHER,Architectural technologist,977127.19,LOW,Israel,Jenniferhaven,VERIFIED,False,False,2023-06-18,BUSINESS,32010.03,72800.92,4,Ukraine,GGST96708301485011
71ac568b-03a7-47c3-abc3-e4b52665fa79,Susan Edwards,75,MALE,"Administrator, sports",557434.65,HIGH,British Indian Ocean Territory (Chagos Archipelago),Michaelside,PENDING,True,False,2025-08-27,BUSINESS,27147.48,79209.64,3,Turks and Caicos Islands,AEZG25390019167600
5910ca9b-6745-4759-8ca0-055834d11ca3,Christine Hubbard,66,FEMALE,Consulting civil engineer,864142.31,MEDIUM,Costa Rica,Jamesmouth,PENDING,False,False,2023-09-17,BUSINESS,48966.09,99713.13,3,Bolivia,XXTL57571876509176
0e512151-8b19-49ef-9444-03f96df6c43c,Amy Conner,51,OTHER,Health and safety inspector,505551.01,LOW,Uganda,West Sarahview,VERIFIED,False,False,2021-11-22,BUSINESS,3310.22,51929.07,4,Angola,WQLC02518721071685
3816c27b-afad-4ef1-87a8-79386cab2d76,Terri Sexton,53,MALE,"Engineer, structural",1354360.83,LOW,Barbados,Makaylafurt,VERIFIED,False,False,2023-05-27,BUSINESS,8655.14,18699.17,1,Iraq,LLEJ40159115314773
cf5c618f-f505-4b0a-b7e0-ddf4e02c927b,David Adams,57,MALE,Financial manager,1825204.14,HIGH,Portugal,Banksland,VERIFIED,False,False,2022-03-30,INDIVIDUAL,32017.19,4982.79,2,Antigua and Barbuda,SXGC50076402718323
7d3318c4-4311-4286-ad1f-7d536bca113f,Bryan Johnson,70,MALE,Geochemist,935587.08,HIGH,Dominica,West Stephaniemouth,PENDING,False,False,2021-09-01,BUSINESS,766.4,80141.49,3,Kiribati,SWMD60471776998885
fe389fe0-34ee-436d-98b4-c909ab645234,Carl Thomas,47,OTHER,Garment/textile technologist,1513485.16,LOW,New Caledonia,New Lori,VERIFIED,False,False,2025-09-27,BUSINESS,20468.76,72179.5,1,Germany,JBSK20956655614866
47918508-d679-4c44-9af2-1f53d3cb2a93,Antonio Williams,30,MALE,Industrial/product designer,382418.77,HIGH,Algeria,New Frankborough,VERIFIED,False,False,2025-10-27,INDIVIDUAL,42185.0,52823.09,4,United Kingdom,SUDY07113183632164
b8bf9daf-b592-4e1c-a5f6-9ffef802878d,Carl Lopez,29,FEMALE,"Research officer, political party",1650053.23,MEDIUM,Tuvalu,West Christineville,PENDING,False,False,2021-11-06,INDIVIDUAL,42381.06,2207.42,3,Senegal,JFBN29379758289583
fd991480-95e7-42da-9946-5e6dc94eb957,Stephen Harris,64,MALE,Animator,160863.13,MEDIUM,Ecuador,Hollyside,PENDING,False,False,2022-03-31,INDIVIDUAL,43441.14,86628.4,3,Vanuatu,GRFS21007069350901
29c1b620-8022-4fea-9d64-c89b3731141d,Sarah Schultz,74,FEMALE,"Civil engineer, contracting",473403.79,MEDIUM,Isle of Man,Jonesside,PENDING,True,False,2025-12-28,INDIVIDUAL,17399.97,72751.07,2,Malaysia,YFVI30029122155222
7c9d8008-fad9-4dc6-ad5f-9485b13d1a7f,Vernon Orozco,48,FEMALE,Health physicist,89649.52,LOW,Mali,North Williamside,VERIFIED,False,False,2024-01-03,BUSINESS,48389.87,3597.89,2,Guinea-Bissau,ZPSJ92823235814283
5aef059e-92be-4063-afd3-25a59c2b8c04,Tracey Miles,72,FEMALE,Network engineer,28621.34,LOW,American Samoa,Sarahfurt,PENDING,False,False,2026-03-26,INDIVIDUAL,3124.12,78614.9,2,Saint Pierre and Miquelon,PIDY38223421574244
31fe2990-2522-4bd0-9fa5-3f1a959ff0aa,Erica Martinez,55,OTHER,Clinical biochemist,1957028.49,MEDIUM,Burundi,Fernandezmouth,PENDING,False,False,2023-02-09,INDIVIDUAL,9480.52,13741.66,1,Saint Kitts and Nevis,WHFR54045438350176
e9e2552d-313d-499b-a4b6-3973bfb7f777,Sarah Herrera,46,MALE,Medical secretary,998791.99,LOW,Philippines,Port Denise,VERIFIED,False,False,2021-12-03,INDIVIDUAL,33048.74,7226.58,3,Heard Island and McDonald Islands,HOHP41624691121656
52afdf37-972a-4fa0-9e1d-7992757c51f1,Tyler Riley,42,FEMALE,"Biochemist, clinical",754838.96,HIGH,Italy,New Charlesfort,VERIFIED,False,False,2022-08-10,INDIVIDUAL,25895.27,27609.44,4,Heard Island and McDonald Islands,WVGC91831580303343
99cf3734-0e9c-48b3-bd0b-9c07b9b5affb,Donna Tucker,24,FEMALE,Insurance underwriter,379897.04,LOW,Canada,Caitlinstad,PENDING,False,False,2024-09-04,BUSINESS,27274.31,24639.72,1,Brazil,GFPD40509252372377
241b11e2-f04b-42d0-921a-5d6ea9575aa7,Joshua Stone,26,MALE,Professor Emeritus,776669.48,MEDIUM,Korea,North David,VERIFIED,False,False,2023-06-25,INDIVIDUAL,32554.3,46020.6,3,Grenada,CTUY10803089355309
58da4aff-d631-4f08-b4db-309d019556d7,Leah Jenkins,39,OTHER,Housing manager/officer,894203.21,HIGH,Svalbard & Jan Mayen Islands,Fostershire,VERIFIED,False,False,2024-10-17,BUSINESS,39485.98,39071.27,2,India,QOHH44849898055244
2c68e15e-70db-4976-90ed-962ad5c6fca1,Colleen Parker,26,MALE,Chiropractor,84538.4,MEDIUM,New Caledonia,West Johnathan,VERIFIED,False,False,2026-01-20,INDIVIDUAL,6622.07,47244.21,4,Vietnam,CFHW05230524472531
0fcaad17-faf0-4f1d-a07c-0d02d6af847a,Nicole Gonzalez,18,OTHER,Pension scheme manager,1087420.76,LOW,Cote d'Ivoire,Bellville,PENDING,False,False,2022-07-19,BUSINESS,11405.88,24142.81,1,Zimbabwe,NRWC13098873930355
35f827b8-63d7-4ffc-9aa8-0d18bae4303c,Karen Wade,32,MALE,Ranger/warden,1285302.48,MEDIUM,Argentina,Lake Deborah,VERIFIED,False,False,2026-07-24,INDIVIDUAL,49061.84,12221.44,4,Brunei Darussalam,GHHG74471507653696
9bdbb5f5-afaa-4022-a6b0-81f12efea436,Cameron Schmitt,19,MALE,Information officer,602294.62,LOW,Guinea,Port Brianna,VERIFIED,False,False,2026-05-25,BUSINESS,24938.24,64768.63,4,Kuwait,SZYF35633855681040
9a171372-dd2c-49f4-b23f-d7a27dc2e74d,Christopher Allen,44,MALE,"Engineer, communications",425823.66,HIGH,Kiribati,Bauerchester,VERIFIED,False,False,2023-07-04,INDIVIDUAL,17212.66,53710.85,1,Qatar,VGEY38425950762565
3e7ec5a2-57ee-4f6d-a9a2-ecac4b983081,Mr. Dakota Poole,44,FEMALE,Financial planner,1824022.22,LOW,Sri Lanka,Lopezfort,PENDING,False,False,2023-01-25,INDIVIDUAL,14160.49,9276.71,4,Thailand,HADD72502456483022
e744b57c-5bba-4777-81cb-7e76479d89ee,William Gonzales,66,FEMALE,Heritage manager,867849.44,MEDIUM,Togo,Katiefort,PENDING,False,False,2024-11-21,INDIVIDUAL,34187.54,22449.79,4,Sweden,UQKK74821696141851
6108ad89-2605-448d-aeb9-0026e93cacdb,Sarah Wolfe,56,FEMALE,Public relations account executive,971186.94,MEDIUM,New Zealand,Laurenborough,VERIFIED,False,False,2025-12-28,BUSINESS,19670.42,32933.09,4,Palestinian Territory,CLED12835804257423
cc1764fd-311a-44c7-9402-6eebd8354f9a,Lisa Vincent,61,OTHER,Interpreter,993825.12,LOW,Singapore,North Jacquelinemouth,VERIFIED,False,False,2023-01-06,INDIVIDUAL,39564.69,9108.88,4,Isle of Man,GQSC07114350821457
cfbf56d2-efb7-4a01-9264-bdb044b75037,Teresa Frazier,39,MALE,"Embryologist, clinical",41226.44,HIGH,Singapore,New Sara,VERIFIED,False,False,2025-02-14,INDIVIDUAL,42467.51,15566.8,3,Anguilla,TZBB37767947578512
a109fa3c-0cf2-4311-a030-cc3acb55a0ab,Susan Case DDS,84,MALE,Clinical molecular geneticist,1957208.49,LOW,Cyprus,Kathleenburgh,VERIFIED,False,False,2026-07-16,INDIVIDUAL,45696.98,97571.52,1,Vietnam,RSBV01405228598335
7a9ebecb-04e7-4b63-874e-ea4935a25eff,Christopher Williams,83,FEMALE,Medical illustrator,314032.5,LOW,Ghana,Sheriport,PENDING,False,False,2021-08-25,INDIVIDUAL,29156.37,68585.18,2,Qatar,NPSV42281432927661
5d87e760-6ddd-43aa-a020-227a02d5e160,Alison Miller,90,FEMALE,"Designer, furniture",322518.2,HIGH,Lebanon,Drewbury,PENDING,False,False,2021-08-22,BUSINESS,45947.77,76057.0,2,Romania,PNXF18806733170663
073f44c2-002e-46d0-9da1-337eba3ca3e9,Chelsea Thompson,34,MALE,"Engineer, water",1945039.26,HIGH,Saint Martin,Woodsberg,PENDING,False,False,2022-07-20,INDIVIDUAL,30712.85,52611.71,4,Greece,LLIP89966161095360
098ef1a9-2be8-40b4-98de-5e859f86bd42,Eric Castillo,64,FEMALE,"Teacher, primary school",1604288.67,MEDIUM,Brazil,Bartlettport,VERIFIED,False,False,2022-11-29,BUSINESS,16640.27,20179.48,2,Croatia,UZHP03383253533642
046edf06-d9c5-48dc-a8fb-0403ab5fc658,Jasmine Ray,26,FEMALE,Environmental health practitioner,812173.35,MEDIUM,Switzerland,Lawrenceburgh,VERIFIED,False,False,2026-02-24,INDIVIDUAL,28196.36,88708.27,3,Guatemala,SZTM96437769980498
d9d4c528-6658-460a-907b-7c122a7a0487,Lisa Jones,66,OTHER,Housing manager/officer,315710.77,HIGH,Central African Republic,Williamsstad,PENDING,False,False,2025-06-12,INDIVIDUAL,42581.73,86317.25,2,Yemen,YWAU00868133951066
c3999eb8-73aa-49a6-b835-8fbe95522e3b,Lisa Riley,61,FEMALE,Cartographer,1235876.41,HIGH,Vietnam,Royhaven,VERIFIED,False,False,2026-01-12,INDIVIDUAL,2830.46,57745.99,3,Germany,JVMF12986420746335
47a88b10-9d0e-42fd-9446-fa086e02d47e,Anthony Dorsey,26,OTHER,Radio producer,1710379.35,MEDIUM,Kuwait,North Joseph,VERIFIED,False,False,2022-07-29,BUSINESS,9260.21,83714.33,1,Austria,FRAW90223071922953
cdc784fb-4ed0-4c38-84f8-5b8e8cf6e040,Derek Davila,67,MALE,"Designer, textile",853597.92,LOW,Estonia,Gonzalesview,PENDING,False,False,2022-11-28,INDIVIDUAL,1292.07,71006.1,1,Dominican Republic,QXFE19576737368356
8130ac60-bebd-4eff-983d-ecca4046ce28,Vincent West,73,MALE,Geoscientist,1083948.8,MEDIUM,Libyan Arab Jamahiriya,New Ashleyfort,VERIFIED,False,False,2022-01-13,BUSINESS,3719.62,85947.76,4,Saint Lucia,AMMN37019014519056
5a8f9642-2d75-47f3-afc4-4a53343c1e7b,Angel Huerta,71,OTHER,Consulting civil engineer,838898.81,MEDIUM,Cayman Islands,Calhounshire,PENDING,False,False,2021-09-19,INDIVIDUAL,13880.78,46966.6,4,Hungary,OZLD32704311747271
12a75b18-d240-4a0e-8103-6d4f92279fab,Gabrielle Wilson,78,OTHER,Sports development officer,1988444.38,HIGH,Gambia,Jacksonfurt,VERIFIED,False,False,2025-12-11,INDIVIDUAL,35628.93,12020.0,1,Cuba,FWSV98935021393084
83a60186-bd9f-4dae-8361-83fcd98563fe,Rebekah James,66,FEMALE,Cabin crew,820905.77,HIGH,Ecuador,Jessicaberg,VERIFIED,False,False,2021-11-22,INDIVIDUAL,21799.33,25537.78,4,Guernsey,OHOO16320327676683
ec5b72cb-4b4d-435a-b764-c3405f761623,Jessica White,36,OTHER,Barista,1825479.48,LOW,Anguilla,South Paula,VERIFIED,False,False,2025-04-12,BUSINESS,21943.73,81239.68,1,Zambia,GVZD37378580542233
2566f9d9-6878-4c57-b54f-a8c467a7d352,Tabitha Bates,73,FEMALE,Automotive engineer,1007737.25,MEDIUM,Hungary,West Mindyton,VERIFIED,True,False,2025-06-19,BUSINESS,32652.51,69732.02,3,United Arab Emirates,VXOM02899607577666
84e02888-8b55-4d65-93e2-f842444fb872,Shannon Johnson,75,OTHER,"Social research officer, government",1758893.97,HIGH,South Africa,North Cameronview,VERIFIED,False,False,2025-02-23,INDIVIDUAL,44001.36,45268.26,1,Namibia,JLDN80841081422258
e8e35c50-2611-4b27-91da-23a806684a43,Scott Warner,73,FEMALE,"Research officer, government",215665.24,MEDIUM,Egypt,West Brettbury,PENDING,False,False,2025-04-29,INDIVIDUAL,36793.31,6357.26,2,Malta,JQOG91882693934411
74172668-d3d5-4197-8407-cd2ffaad595e,Mary Rodgers,39,FEMALE,Water engineer,1623013.93,MEDIUM,Micronesia,Jonesmouth,PENDING,False,False,2022-07-18,BUSINESS,27416.66,54010.49,1,Ecuador,TZXH75453036780843
164e2a09-ce25-4b82-9e95-8bc5484fd302,Cassandra Gonzales,47,OTHER,Local government officer,700402.0,MEDIUM,Portugal,North Alexandra,VERIFIED,True,False,2023-08-10,INDIVIDUAL,45334.64,70895.69,2,Lao People's Democratic Republic,LQPW99833729979055
bf10c5b8-51be-4416-b4b4-97d9d29c936f,Caroline Mayo,21,MALE,Mudlogger,327688.55,MEDIUM,Switzerland,North Kaitlinville,VERIFIED,False,False,2023-05-08,INDIVIDUAL,35551.71,66029.47,4,Saint Pierre and Miquelon,TOHG15758669776236
a453ae0d-4edf-4996-b872-a0939f827ba4,Susan Baxter,76,OTHER,Web designer,1811693.08,LOW,Congo,Millerview,VERIFIED,False,False,2022-11-30,BUSINESS,35013.03,44943.74,2,Timor-Leste,FOBF14424639138657
a418a1c6-d0fb-4a3c-832d-a5cd7995e997,Timothy Hunt,25,OTHER,Printmaker,781045.69,LOW,Germany,East Tammy,PENDING,False,False,2023-02-27,BUSINESS,13273.47,32669.92,2,Kyrgyz Republic,NRCW69883555548099
57e30bcc-a683-47c0-ac28-b572f50f8430,Susan Larsen,49,FEMALE,Proofreader,1445082.82,HIGH,United Kingdom,Lake Lindsay,VERIFIED,False,False,2025-10-14,INDIVIDUAL,6330.61,39942.79,4,Niue,FXRS97255856454609
862e5aa5-a04f-4c72-9a21-a1d0cb4e1cd6,Brian Wheeler,63,OTHER,Forensic scientist,376061.73,HIGH,Saint Martin,Ortegaburgh,PENDING,False,False,2026-07-20,BUSINESS,6161.68,20901.96,1,Central African Republic,NSVZ96080708245192
74b1a406-0ec4-4cb1-a2c6-8df1722b59fe,Mark Townsend,46,MALE,"Engineer, drilling",1254617.88,LOW,Samoa,Coryland,VERIFIED,False,False,2021-12-06,INDIVIDUAL,11682.81,75492.93,4,Morocco,TYDH77498805576110
a4c2c618-ff24-4627-8a72-d2d96d20f6e4,Christopher Lyons,71,MALE,Press photographer,1276297.61,LOW,Faroe Islands,Kimberlystad,PENDING,False,False,2023-01-26,BUSINESS,28167.81,36318.35,2,Iran,LREP63614620355698
7cf5917b-78c2-4cc1-ace6-a9e5f0534c8a,Sarah Esparza,61,FEMALE,"Loss adjuster, chartered",1330389.55,HIGH,Cyprus,New Julie,VERIFIED,True,False,2024-07-17,BUSINESS,15821.68,10229.32,1,Sri Lanka,OSRB35103736324021
da951876-f14d-4a0c-b3c1-a72b1d884769,Julie Matthews,90,FEMALE,Information officer,341141.54,HIGH,Burundi,Adamberg,PENDING,False,False,2025-06-01,INDIVIDUAL,5384.12,13199.65,3,Nepal,HMXF77426078126067
31db40c1-c4c8-4f6d-8f82-8bdffcd8f5b4,Cynthia Alexander,47,MALE,Firefighter,1664493.69,MEDIUM,Greece,New Kristinamouth,PENDING,False,False,2024-07-05,INDIVIDUAL,20821.9,22668.05,3,Poland,EPDA89300781944085
5acde0e1-8aec-4002-b8cf-81ffbcd8ba38,Pamela Johnson,73,MALE,Psychotherapist,661798.84,LOW,Turkey,Lake Sarah,PENDING,False,False,2026-02-06,BUSINESS,5274.54,57262.26,2,Cyprus,MYXE84231732369310
8e808332-7423-4887-88ed-d9b6bcc57fc8,Karen Anderson,69,MALE,Barrister,86134.75,LOW,Tokelau,Williamland,PENDING,False,False,2025-10-07,BUSINESS,49994.56,45235.74,1,Rwanda,HIBL64949876788480
6d4c47ba-c0a1-4fc9-a51e-65066078f844,Amanda Ramos,33,OTHER,Hospital pharmacist,1033766.09,LOW,Wallis and Futuna,Danielside,VERIFIED,False,False,2021-10-31,INDIVIDUAL,38847.9,18438.78,3,Bolivia,GTYQ84657411023918
4260dde5-4959-450e-bdaa-4db60fb01657,Natalie Perez,60,OTHER,"Designer, industrial/product",1532089.11,MEDIUM,New Zealand,Port Alejandro,VERIFIED,False,False,2025-06-06,BUSINESS,1018.45,55027.14,2,Ukraine,QKTU92582983089348
fa96da9a-bad0-439f-bd4c-ffba9ea38c64,Kathy Lambert,38,FEMALE,Amenity horticulturist,250173.53,LOW,French Guiana,Lake David,PENDING,False,False,2025-03-06,INDIVIDUAL,36185.27,40222.6,1,British Indian Ocean Territory (Chagos Archipelago),FEKD10138754280704
9689fcc2-0719-45e6-9634-1c7e1993f74f,Jeff Hickman,64,OTHER,Location manager,1547372.02,HIGH,Palau,South Robert,PENDING,False,False,2023-12-20,INDIVIDUAL,6385.56,89464.32,2,Uganda,IGSN81957633126875
7435093b-570d-47e0-93c7-b0943a16bc32,John Flores,82,MALE,Graphic designer,571699.5,LOW,Lao People's Democratic Republic,Lake Tammyport,PENDING,False,False,2026-01-11,BUSINESS,49348.83,17410.29,3,Panama,KSEY66145906207234
e61563e6-21a7-4820-99ac-86d7c97b1408,Jeffrey Park,79,MALE,"Lighting technician, broadcasting/film/video",1856880.48,LOW,Guadeloupe,Aaronfurt,VERIFIED,False,False,2024-03-08,BUSINESS,11431.35,19904.04,3,United States Virgin Islands,IDBG94268059489959
9ec18eab-57d2-466c-b5e9-e9168d69b689,James Farrell,57,OTHER,Solicitor,1973623.43,HIGH,Argentina,South Donald,VERIFIED,False,False,2024-10-10,BUSINESS,32551.38,99251.58,3,United Arab Emirates,TRDS62323739249211
3a0e1e18-a4ae-4836-a8b3-a3caaacf9a13,Christine Cobb,68,MALE,Print production planner,664488.02,LOW,Indonesia,East Shelley,PENDING,False,False,2022-02-25,BUSINESS,48237.36,89123.82,3,Monaco,OSLB77804213118830
25ce1229-0d85-4662-92a2-8cc201d4b0cc,Brian Butler,69,MALE,Information systems manager,974021.2,HIGH,Saint Martin,Davidmouth,VERIFIED,False,False,2026-05-27,INDIVIDUAL,30911.9,35685.15,1,Zambia,WNVV59380688439944
2d210103-3fd6-47c4-964b-8f8d8b1cdbbf,Dennis Carpenter,60,MALE,Cytogeneticist,1467103.66,LOW,Northern Mariana Islands,Martinton,VERIFIED,False,False,2021-12-31,INDIVIDUAL,14376.9,39716.02,4,French Polynesia,ODQA84475607093681
2e5c11a9-efaf-4b87-aa56-00bbc86a70e6,Mary Hayes,63,MALE,"Development worker, community",1721452.02,HIGH,Botswana,North Nicole,VERIFIED,False,False,2021-12-29,INDIVIDUAL,13736.32,24275.16,4,Central African Republic,YLCU38613933005053
3354d58c-a06f-4a8b-bafc-5ad3956a4157,Jesse Moore,34,OTHER,"Lecturer, further education",1932304.83,LOW,Dominican Republic,Lake Victorland,VERIFIED,False,False,2022-01-22,INDIVIDUAL,44144.82,91461.93,2,Korea,TFRR56463976476489
4c4284f4-c23e-4828-af1d-812c58ba6ffa,James Moore,18,MALE,Photographer,260368.6,LOW,Swaziland,East Andrew,VERIFIED,False,False,2025-05-29,BUSINESS,34435.16,72409.13,1,Ethiopia,QOZV02505578928231
08cee1b2-44df-4dcf-8c5e-a5870c48fa44,Lauren Carlson,26,MALE,Customer service manager,527622.62,LOW,Congo,New Lori,PENDING,False,False,2026-02-11,BUSINESS,43632.88,3832.59,3,Christmas Island,JSWI04895767614668
700805ca-a7d5-468e-b047-831371eb0f17,Lori Wagner,18,OTHER,Educational psychologist,1484166.9,MEDIUM,Singapore,Port Robin,VERIFIED,False,False,2024-04-18,BUSINESS,37972.38,93197.55,2,Germany,MZUE41750206614852
296de809-82ae-4068-ba60-047e79fe7c97,Courtney Cox,81,OTHER,Midwife,1238934.05,MEDIUM,Rwanda,New Brandonside,PENDING,False,False,2025-10-25,BUSINESS,46184.55,9233.52,1,Guatemala,UZCA58221255962431
6447063b-a0ed-4c30-9bb7-f6ac28ee0aeb,Lisa Dillon,73,MALE,Chief of Staff,1021967.37,LOW,British Indian Ocean Territory (Chagos Archipelago),Mariebury,VERIFIED,False,False,2025-08-30,BUSINESS,18664.89,84950.78,1,Afghanistan,IUYC42953940633903
968543fc-7ae7-4939-9734-f43b1601f893,Robert Wells,67,FEMALE,"Horticulturist, amenity",796466.67,HIGH,British Indian Ocean Territory (Chagos Archipelago),Port Annaview,VERIFIED,False,False,2023-07-11,BUSINESS,19951.01,26703.4,2,Saudi Arabia,IGTV60593978263725
8fa05e37-b35f-40f2-b9ed-4d69c5e521e0,Eugene Freeman,76,FEMALE,Politician's assistant,510092.6,MEDIUM,Bahrain,North Gina,VERIFIED,False,False,2021-12-29,INDIVIDUAL,15819.43,32832.27,3,Sierra Leone,QVQQ18632804846234
7028d1e8-5886-435f-84f5-8dcb8e7c46a5,Karen Stark,77,MALE,"Accountant, chartered",1424905.69,LOW,Central African Republic,West Rhonda,PENDING,False,False,2021-11-07,BUSINESS,38213.4,93098.61,1,Christmas Island,YLGR93017020262192
414706a7-f44c-4b8f-8330-0e828b43ff4a,Breanna Logan,89,MALE,"Nurse, adult",646414.3,HIGH,Lao People's Democratic Republic,South Markbury,VERIFIED,False,False,2025-01-02,BUSINESS,42371.27,50136.95,3,Faroe Islands,DTIR77757933187780
1a4a5782-6512-43ca-a941-fdce146ff035,Jeremy Gonzalez,53,OTHER,Clinical research associate,1901392.03,HIGH,Malawi,Harrisonfort,PENDING,False,False,2025-05-20,INDIVIDUAL,38973.63,50257.22,3,Spain,VYBJ50031024392942
bc411599-e9de-4fcf-a164-01e09e45f649,Keith Parsons,83,MALE,Horticultural therapist,788681.84,MEDIUM,Gabon,Davidberg,VERIFIED,False,False,2023-07-18,BUSINESS,24254.1,94389.47,3,Luxembourg,WXZX39333895623014
c9341412-9e68-4726-b9ca-59d9d632005e,John Burns,52,OTHER,Chief Executive Officer,694332.5,MEDIUM,Christmas Island,Beanmouth,PENDING,False,False,2021-12-18,BUSINESS,3466.23,21637.23,1,Zimbabwe,QFRL29996061647419
cc8da8fb-46a4-4ba0-b1e8-53985037fe83,Jason Parks,27,FEMALE,"Nurse, learning disability",1074165.62,LOW,Gambia,Thomasmouth,VERIFIED,True,False,2021-08-28,BUSINESS,29086.73,30637.18,1,Gibraltar,NIJA45581102303691
b4cd57be-e45e-4d32-95ee-254f0f178589,Laura Jones,64,OTHER,"Producer, television/film/video",1037800.59,LOW,Pakistan,Patriciachester,PENDING,False,False,2022-11-22,BUSINESS,25681.36,50868.08,2,Turks and Caicos Islands,KCWC39961205919103
32fbf55f-519a-4f61-ad6d-bb973ebeede3,Adam Sexton,84,FEMALE,Agricultural consultant,1737298.06,LOW,Uganda,New Bobbymouth,VERIFIED,False,False,2025-06-23,INDIVIDUAL,8210.59,13627.52,1,Jordan,WSNO13561541405242
90b2b634-673b-454e-ad5a-2c6a9ab67a8b,Christina White,29,MALE,Clinical embryologist,1699780.66,LOW,Mauritania,Navarroborough,PENDING,False,False,2022-12-09,BUSINESS,7864.09,56434.95,4,Saint Pierre and Miquelon,ZJUL29117548367176
aca18d05-d2a1-46b3-be97-8716737c47d5,Kristen Bishop,81,OTHER,Community arts worker,602918.01,MEDIUM,Sao Tome and Principe,East Connie,PENDING,False,False,2026-04-22,BUSINESS,45728.17,17081.33,4,Luxembourg,QEJC85605816560702
c8a9fcd6-a237-4674-8e2a-612111fb9c49,Brenda Christensen,80,OTHER,Event organiser,202575.87,HIGH,Congo,Leeberg,VERIFIED,False,False,2023-10-25,BUSINESS,39880.19,54548.51,3,Cambodia,TNAU21424115011831
f0fbebdf-48d3-4620-8261-e7f8f6c9b8ba,Alexander Austin,72,OTHER,Music tutor,69592.55,MEDIUM,Timor-Leste,Deniseton,PENDING,False,False,2022-09-29,BUSINESS,22286.98,92654.18,2,Poland,PIQJ33102808503134
e7ca4481-961f-43e2-817a-6aa09ba8be7d,April Davis,45,MALE,"Geneticist, molecular",1792995.57,MEDIUM,Andorra,West Sheila,PENDING,False,False,2024-01-16,BUSINESS,11291.49,47886.02,2,Nigeria,FIYG83575741470316
6dab7898-7f71-4bd7-947b-0880a5c445aa,Stanley Escobar,59,FEMALE,Plant breeder/geneticist,1904806.29,HIGH,Maldives,East Jamesfurt,PENDING,True,False,2023-09-25,INDIVIDUAL,5900.9,41611.99,2,Gambia,ZYEH05000957896048
2d7dc83c-88ea-40ec-b5a4-a895f43e36a6,Barbara Sanchez MD,56,OTHER,Careers adviser,712561.88,LOW,Congo,Graceberg,PENDING,False,False,2023-01-25,INDIVIDUAL,46986.07,17584.37,2,Saint Barthelemy,HVFV12617327033473
3ec0b74c-b9e0-465f-b1d1-444fbe9ae0f5,Debbie Baldwin,87,OTHER,Chartered certified accountant,1628801.98,HIGH,Chile,Smithville,PENDING,False,False,2023-01-07,INDIVIDUAL,3373.17,83199.64,3,Rwanda,HNEU09966222476840
cad7b4a9-329c-44d1-b8b9-67ab4b74997c,Erin Sullivan,59,FEMALE,Banker,412375.27,HIGH,Ecuador,North Michael,PENDING,False,False,2023-08-07,BUSINESS,29835.41,60113.88,1,Haiti,EJUU08371140250181
aed48805-5464-4cc1-8d9a-aed792b6e69a,Terry Watkins,59,MALE,Sports development officer,1272171.04,MEDIUM,Russian Federation,Brianberg,PENDING,False,False,2023-08-04,INDIVIDUAL,14409.42,16526.6,3,Togo,VMAE53103969259187
0dd2b50a-f588-48fd-8f58-fef6a3958c03,Erin George,22,FEMALE,Horticultural consultant,958358.46,MEDIUM,Fiji,Rebeccahaven,PENDING,False,False,2024-04-22,INDIVIDUAL,45921.62,66018.47,4,French Southern Territories,GBKI85333073814066
344de990-a8eb-4855-98b0-1b35051cea3c,Daniel Castro,46,OTHER,Chartered loss adjuster,112782.03,LOW,Gibraltar,Port Ronaldfort,VERIFIED,False,False,2026-05-31,BUSINESS,42158.86,66613.62,2,Ethiopia,YKJT95181873057692
888f4446-fc0e-40a5-9e53-ce58719ae587,Ellen Wilson,72,FEMALE,Chartered accountant,1605064.68,LOW,Niger,Edwardshaven,PENDING,False,False,2022-01-12,INDIVIDUAL,27665.51,62102.93,1,Nicaragua,UKGH18877794025212
77837b24-b8eb-43c4-942d-5027dfd632d6,Elizabeth Rojas,49,FEMALE,Higher education lecturer,1715092.87,HIGH,South Africa,Susanmouth,PENDING,False,False,2025-10-30,INDIVIDUAL,42185.16,71854.73,3,French Guiana,ACZY78188163484141
9ac22c3f-a12d-4151-99f6-44e07cb2ff49,Richard Price,45,FEMALE,Sports therapist,1928356.35,MEDIUM,Congo,North Christine,PENDING,False,False,2024-09-17,BUSINESS,9206.52,86101.68,4,Oman,BQLI78430761486854
9ca89a95-07cc-44f8-b6f1-abea8255154a,Jeremy Hernandez,74,MALE,Ergonomist,1438078.39,MEDIUM,Papua New Guinea,Theresashire,PENDING,False,False,2022-06-27,BUSINESS,27047.68,76391.27,3,Cambodia,QIUX04839280664250
413d5785-02e1-4cd7-b54f-71d4cfae1247,Susan Williams,57,FEMALE,Higher education lecturer,897984.64,HIGH,Ireland,West Paul,VERIFIED,False,False,2023-08-28,BUSINESS,37072.93,8355.98,3,Puerto Rico,FTXR25202165956590
40130d38-9297-4572-963e-6a4e641206a2,Jeffrey Byrd,69,FEMALE,Occupational psychologist,1553936.19,MEDIUM,Kiribati,West Heather,VERIFIED,False,False,2022-05-04,INDIVIDUAL,15761.4,95042.72,4,Venezuela,KKAE45505643483272
c37d9667-6ef0-4ad2-a0ac-45c5111c291a,Kelsey Hunter,85,FEMALE,"Librarian, public",721487.62,LOW,Saudi Arabia,Jefferyshire,VERIFIED,False,False,2022-09-01,BUSINESS,38166.37,14861.45,4,Cocos (Keeling) Islands,TDBU20430633452891
76864713-c24a-4ea3-ba8b-0502e0aa312a,James Martin,85,FEMALE,Equities trader,337803.41,MEDIUM,Svalbard & Jan Mayen Islands,Melissaton,PENDING,False,False,2024-02-29,INDIVIDUAL,31982.64,10100.75,2,Honduras,NMAL38387919523700
7b50d029-968e-4ca0-b148-619a8b22851d,Mitchell Henry,28,FEMALE,Psychotherapist,1686457.97,LOW,Guernsey,Mcculloughstad,VERIFIED,False,False,2022-09-15,BUSINESS,13892.46,8803.97,2,Guinea-Bissau,GODM45449186336670
a97cc6f4-c6df-41d2-b56d-dbe5284b5be3,Steven Conner,23,OTHER,Leisure centre manager,360488.03,HIGH,Guadeloupe,Timothystad,VERIFIED,False,False,2024-12-10,INDIVIDUAL,7520.96,89284.76,2,Afghanistan,AQCO36809587792615
f064fb96-2534-4393-ad6d-c7c6f308d2f7,Alison Noble,23,FEMALE,"Therapist, art",246946.05,LOW,Cyprus,Cobbside,PENDING,False,False,2021-11-17,BUSINESS,25550.36,23196.37,3,Indonesia,YFKO17672975995825
74b1e36b-5799-4563-a7ff-e0f839e6d9fb,Diane Meyer,41,OTHER,Fine artist,1072665.41,MEDIUM,Botswana,South Hannahside,VERIFIED,False,False,2025-10-22,BUSINESS,8881.86,58924.4,1,Mongolia,CKFO56870993042730
ad1161f3-3f7e-480b-8d81-c39e62ebdf79,Joseph Clements,44,MALE,Secondary school teacher,978512.65,MEDIUM,Svalbard & Jan Mayen Islands,Wilsonberg,VERIFIED,False,False,2025-04-03,BUSINESS,14977.2,93195.92,3,Panama,IAZN36392610773699
f349fab8-0030-483f-9f3c-1e36044951e2,Christian Martinez,62,FEMALE,Stage manager,1509244.68,HIGH,Azerbaijan,New Alexandra,VERIFIED,False,False,2025-01-01,BUSINESS,33627.88,65012.56,4,Kazakhstan,OTJI73700572857077
2adf34c9-156e-4f0e-be52-858446ac7546,April Clayton,44,FEMALE,"Scientist, research (physical sciences)",180904.09,LOW,Lebanon,South Dustin,PENDING,False,False,2025-12-13,INDIVIDUAL,4479.64,96166.76,2,Canada,PEKM60964919170452
35c98e74-ea59-4bbe-a199-2e59a57ed7c6,Michelle Rodriguez,69,MALE,Science writer,830608.66,HIGH,New Zealand,Reidside,PENDING,False,False,2021-09-02,BUSINESS,19764.78,54744.74,1,Cyprus,XOPI03967706593687
e068f726-3b71-406c-afa3-1db14c9f344c,Shelby Oliver,28,FEMALE,Haematologist,1389856.03,LOW,Albania,North Robertfurt,PENDING,True,False,2022-07-17,BUSINESS,43650.82,36550.19,1,Brunei Darussalam,LMQE87125363554591
e504a68c-c489-42ff-bed4-d7fe78052ae2,Victoria Peck,53,OTHER,"Therapist, nutritional",1670622.06,LOW,Iran,Haydenberg,VERIFIED,False,False,2022-06-07,BUSINESS,48916.63,69070.95,4,Jordan,UMJT91796500235959
f6ee628c-2e5c-4a76-8912-e08c3fbbbaed,Rita Murillo,43,MALE,"Production designer, theatre/television/film",1962845.4,HIGH,Hong Kong,Petersonshire,VERIFIED,False,False,2025-04-29,BUSINESS,25497.72,76012.12,4,Czech Republic,TERX27586011449509
aef364a3-e19d-4f35-ae29-dd353a836f77,Christina Lee,43,MALE,"Embryologist, clinical",634361.6,MEDIUM,Saint Lucia,Robertsbury,PENDING,False,False,2024-05-23,BUSINESS,43740.58,4883.7,2,Greece,KTBZ23955202146964
13e20c17-3877-46da-8b3a-8ea39c291c68,Makayla Griffin,39,MALE,Police officer,1333202.36,MEDIUM,Sudan,Lake Emilyton,VERIFIED,False,False,2025-02-18,INDIVIDUAL,42229.63,99886.49,2,Wallis and Futuna,UAOB16372993121872
b0b1feb9-f13e-48d1-a4ed-ddaceb2b4c5e,Dr. James Ramsey,64,FEMALE,Research scientist (life sciences),1513084.31,LOW,Dominican Republic,South Gregory,VERIFIED,False,False,2024-01-09,INDIVIDUAL,39835.7,86187.3,4,Hungary,LQGC70360465043610
412cd830-d8b4-4e6f-8d2a-af1188dcb181,Kevin Williams,77,MALE,Quarry manager,855389.9,MEDIUM,Switzerland,Patrickchester,PENDING,False,False,2022-07-24,BUSINESS,24416.57,12579.47,3,Bermuda,ZYPF82217318230010
279ef22d-248f-4281-9c46-1f63d687a674,Lisa Lopez,80,FEMALE,"Teacher, primary school",973802.25,MEDIUM,Oman,Mariaburgh,PENDING,False,False,2023-03-29,BUSINESS,20880.04,28528.03,1,Libyan Arab Jamahiriya,TUND51363088080472
e2f7df2c-6b91-46e5-85a2-34f760bf9291,Alexander Curtis,53,OTHER,"Engineer, agricultural",1393524.93,HIGH,Bulgaria,South Brandishire,PENDING,False,False,2024-11-27,BUSINESS,20432.08,76733.1,3,Ghana,JWZG11426271097492
9599f6fb-3e1c-430b-9884-6afcb877bd6c,Glenn Cruz,77,FEMALE,Neurosurgeon,21785.41,HIGH,San Marino,Port Emilybury,PENDING,False,False,2026-03-14,BUSINESS,30662.72,96222.33,1,Marshall Islands,XAOV37923728382264
95ae8622-436c-4caa-a499-327cc00c8e31,Martha Lam,26,OTHER,"Designer, blown glass/stained glass",388414.56,HIGH,Portugal,Thomasfort,VERIFIED,False,False,2023-04-07,INDIVIDUAL,42231.95,11407.95,3,Kuwait,VQVG24971556800401
be44bb74-cb68-4260-a4d2-0d5ec8409f70,Mark Wilson,52,MALE,"Surveyor, hydrographic",875277.98,MEDIUM,Nauru,Ashleyton,VERIFIED,False,False,2022-12-10,INDIVIDUAL,38562.46,28242.45,4,Mongolia,OGTK87502474893425
6d1f0ccd-99b8-4795-8973-ad9d9fb6a5a6,Carly Hart,84,OTHER,"Engineer, production",981928.01,LOW,Monaco,Port Sherifort,PENDING,False,False,2023-09-26,BUSINESS,44869.94,78061.74,3,Nigeria,FESY49628725553046
bb228eb3-d222-4e09-a975-d13cf3c80c2d,Rebecca Jacobson,56,MALE,"Geologist, wellsite",1077084.8,MEDIUM,Italy,Stacychester,VERIFIED,False,False,2026-01-23,BUSINESS,16666.26,17038.91,1,British Virgin Islands,SDYE73343212817155
6abab292-04bb-41b4-a516-f3f3101c679f,Katherine Cardenas,67,OTHER,Commercial horticulturist,97755.65,LOW,Bermuda,Michaelshire,PENDING,False,False,2022-11-27,INDIVIDUAL,7725.18,59711.83,1,Morocco,BZFZ18730896349004
35df2c19-4186-4458-9534-7c21a77d8f20,Philip Smith,18,FEMALE,Media planner,390084.35,HIGH,Lao People's Democratic Republic,East Rodney,PENDING,True,False,2022-06-02,INDIVIDUAL,3209.87,87959.04,1,Slovakia (Slovak Republic),NAZZ23863977721112
1963c069-2635-4ddc-9a61-c50f6e804173,Robin Soto,83,FEMALE,Production engineer,1352527.05,MEDIUM,Russian Federation,Stephanieland,PENDING,False,False,2022-09-07,BUSINESS,14039.84,69236.83,2,Nicaragua,SEFB07695162928144
4b924f8d-19e9-443c-a9fa-750f80337fa4,Joseph Schroeder,35,OTHER,Conference centre manager,1587251.76,HIGH,Sao Tome and Principe,Claytonchester,VERIFIED,True,False,2023-03-18,BUSINESS,566.46,24586.34,3,Dominica,NGEC91865718073098
2e190949-9936-42c1-9c1a-2ecbe9313c7c,Victoria Spencer,28,FEMALE,Local government officer,192520.73,MEDIUM,Finland,West Josephview,PENDING,False,False,2026-05-07,INDIVIDUAL,34586.34,22537.13,4,Iceland,RNWI42794224871477
a985cb40-bfc9-476e-8929-3c9bd54b0754,Lauren Young,82,OTHER,"Editor, film/video",865848.57,HIGH,Panama,North Rhondaside,VERIFIED,True,False,2025-09-23,INDIVIDUAL,14841.68,71304.06,1,Panama,NTIF55106555714167
4333052b-b9b9-4bce-9e7b-926007f0ec8e,Robert Lowery,68,MALE,"Production assistant, television",312090.09,LOW,Sierra Leone,Bryantport,VERIFIED,False,False,2022-05-01,INDIVIDUAL,6392.49,62095.13,3,Turks and Caicos Islands,GYLS66261115557580
ab71f506-7354-4b49-8b10-6eafac33b6cf,Bobby Silva,36,FEMALE,Manufacturing engineer,1986393.54,LOW,New Zealand,South Rebecca,PENDING,False,False,2025-11-28,BUSINESS,45607.76,79846.45,2,Saint Helena,METR81613996433981
9d4c39e9-56d8-43f6-a320-6545a54765c4,Stephanie Porter,50,MALE,"Conservation officer, nature",494939.26,HIGH,Cayman Islands,North Jamesborough,VERIFIED,False,False,2025-07-17,INDIVIDUAL,48550.51,92406.05,2,Aruba,ZIPO10405246420219
766366be-1c32-4dd0-a271-fe21b8993d1f,Sandra Simmons,18,OTHER,"Engineer, electronics",1418122.78,MEDIUM,Norfolk Island,Andersonland,PENDING,False,False,2024-08-31,INDIVIDUAL,46929.41,96288.08,2,Saint Pierre and Miquelon,FEDA90674880304140
2d8474a2-6093-47dc-9140-6f11aecd5e8a,Travis Jackson,80,MALE,Chartered accountant,1901855.05,MEDIUM,Taiwan,Lake Amberburgh,PENDING,False,False,2022-05-09,INDIVIDUAL,2033.21,9927.61,1,Cayman Islands,PHKT40991830503737
87c54919-ca9e-4666-88ec-067fb0126e7e,Julia White,72,OTHER,Network engineer,1806487.43,MEDIUM,Argentina,West Kenneth,PENDING,False,False,2026-07-05,INDIVIDUAL,40639.78,14760.13,1,Belize,MHAU43919369867334
29835e3a-bb3c-4f6f-83b4-9b0a945173b7,Robert Jackson,78,MALE,Veterinary surgeon,819110.02,MEDIUM,Norway,Amberstad,PENDING,False,False,2025-02-16,BUSINESS,28189.0,39415.66,1,Saint Pierre and Miquelon,ZKJZ51900345980285
4e226149-89e9-4f2a-8133-3e605d0a0f91,Lori Wilson,61,OTHER,Town planner,1276040.45,HIGH,Guam,Serranoview,VERIFIED,False,False,2021-10-29,INDIVIDUAL,15648.97,20602.95,1,Cote d'Ivoire,VMSJ67757849649287
98f3bb31-5802-4ef3-9234-988a30ef3e3c,Mario Blake,88,OTHER,Furniture designer,903066.42,LOW,Haiti,East Leeberg,VERIFIED,False,False,2023-09-17,INDIVIDUAL,13356.94,36153.81,2,American Samoa,YNFW78553290952468
78b563e0-44f6-48be-b913-7f357efee0de,Craig Ballard,37,MALE,"Buyer, retail",531244.0,MEDIUM,Reunion,Mejiabury,PENDING,False,False,2024-02-22,INDIVIDUAL,15294.83,14715.35,2,Korea,YPVW56862910205365
9a930cdf-9fe0-4e8f-94e1-d02dd78e8974,Cynthia Maldonado,41,MALE,English as a foreign language teacher,96853.37,HIGH,Puerto Rico,East Marychester,PENDING,False,False,2024-10-03,INDIVIDUAL,45655.25,94086.42,2,Haiti,CUXF36803323944871
90178f0f-6d2c-4ce5-8791-1c374967056e,Jaime Moore,34,FEMALE,Physiological scientist,344657.19,HIGH,France,New Veronica,VERIFIED,False,False,2025-04-29,INDIVIDUAL,9547.44,33110.2,2,Ireland,EDZW95703885206547
455eae2b-b4dd-403e-95b5-4655ffad80a6,Kristin Conner,61,FEMALE,Financial manager,1379268.91,MEDIUM,San Marino,Townsendchester,PENDING,False,False,2022-07-27,INDIVIDUAL,1509.21,56895.01,3,British Indian Ocean Territory (Chagos Archipelago),RSVT22505867770582
101fa541-5a8c-4df6-900c-786832466878,Carolyn Sutton,62,FEMALE,"Merchandiser, retail",564921.61,HIGH,Azerbaijan,Port Brian,VERIFIED,True,False,2022-10-22,BUSINESS,17863.77,82628.57,3,Northern Mariana Islands,KQGJ42363825117764
830f46e6-aa56-46e5-abfc-033229f360a7,Dakota Jones,82,MALE,Product manager,815916.74,HIGH,Gabon,Port Kennethstad,PENDING,False,False,2023-10-14,INDIVIDUAL,21372.64,67123.78,1,Fiji,BUMP31448868148260
c3f11a0d-6434-412c-ba7e-034bc527ad06,Wesley Hawkins,58,FEMALE,Legal executive,1144249.83,LOW,Belarus,Cookhaven,PENDING,False,False,2023-04-07,BUSINESS,30825.35,57479.58,1,United States of America,BEBS97901737357852
f3ce9e6e-d993-43a6-89d5-a30d078c941a,Kristen Torres DDS,33,FEMALE,"Scientist, research (maths)",1520375.41,MEDIUM,Azerbaijan,South Ryan,VERIFIED,False,False,2023-05-14,INDIVIDUAL,20393.58,94264.46,4,Lao People's Democratic Republic,XPQQ52193262453723
da7972e3-b764-4fe6-983c-31fa7f8bd2d6,Lindsey Huber,90,FEMALE,"Teacher, secondary school",623466.97,HIGH,Western Sahara,Taylorview,PENDING,False,False,2022-11-13,BUSINESS,11657.58,5027.24,3,Afghanistan,AXCI13025188309963
d5dedda5-9d8d-4bc1-b48c-aeb3a46e86a9,Laura Scott,75,FEMALE,Clinical psychologist,865532.27,HIGH,Faroe Islands,Port Sarah,PENDING,False,False,2024-09-01,BUSINESS,4919.26,54177.5,3,Malaysia,ZCEU46820952847732
036d0064-4cb1-4ddd-8631-1eb8f74a59a4,Julie Barnett,41,MALE,"Secretary, company",1050548.95,HIGH,Tanzania,East Angela,PENDING,False,False,2021-10-26,BUSINESS,25297.86,25694.53,2,Ireland,TPYJ62858565756622
5903820c-dca0-4225-aafc-b3ccbddaedbc,Sandra Patrick,37,MALE,Special effects artist,558429.54,HIGH,Bhutan,Lake Kennethtown,VERIFIED,False,False,2025-08-12,BUSINESS,36265.75,30499.15,2,Korea,GMTQ75132509320553
09999077-400a-4e88-865e-3618ca8d5df2,Edward Gray,42,FEMALE,Audiological scientist,1034721.81,MEDIUM,Sierra Leone,Morganland,VERIFIED,True,False,2025-01-17,INDIVIDUAL,46190.63,76256.63,4,Greece,EOHV97578209275981
76e47a00-f1c2-49bc-93ee-6d9eea211f7d,Lori Whitaker,64,OTHER,Proofreader,86998.81,HIGH,Chile,Ortegahaven,VERIFIED,False,False,2026-06-16,BUSINESS,25227.38,50103.02,2,Palau,VCIP22966697335871
9751b689-b49c-41f5-8644-7d1809e30cd6,Russell Quinn,61,OTHER,"Surveyor, planning and development",386749.61,MEDIUM,Bermuda,North Mollyfurt,PENDING,False,False,2023-07-31,BUSINESS,38160.88,39898.41,4,Montenegro,ARZJ79235597645808
d51d8843-3570-444c-9895-469cfdcb63f5,Elizabeth Fuller,84,FEMALE,Dietitian,735781.17,LOW,Heard Island and McDonald Islands,Matthewside,VERIFIED,False,False,2025-04-11,BUSINESS,17091.17,21587.0,4,Morocco,FKZN83958481809142
0038694e-46ba-4182-b46a-882920ecaa79,Jennifer Jones,38,OTHER,"Engineer, agricultural",1617459.18,LOW,Mexico,Snyderbury,PENDING,False,False,2023-06-26,BUSINESS,18698.33,83790.43,4,British Virgin Islands,XCBY27058096109267
0e9f0b38-b78d-4426-ad1b-dd9b81758d91,Cindy Yates,50,FEMALE,Equities trader,1424240.3,HIGH,Senegal,Vasquezside,PENDING,False,False,2022-02-19,BUSINESS,9272.87,87034.15,1,Bangladesh,XAOI69005717024158
b53a3153-c336-4faf-82ec-194a6bff9e91,John Richardson,28,OTHER,Press photographer,1577112.28,HIGH,Zimbabwe,Hillside,PENDING,False,False,2022-06-16,INDIVIDUAL,30869.83,13918.11,2,Timor-Leste,LKPX71004030211671
a97aab44-eb69-4263-a48b-5d4291cfe4ea,William Crane,33,MALE,"Surveyor, building",783758.24,HIGH,Tokelau,Jenniferfurt,VERIFIED,False,False,2026-05-02,BUSINESS,8255.17,57073.14,1,Ghana,RIBV56390806720338
908cd102-7721-4114-920b-41bb92e33eb2,Traci Williams,52,OTHER,Interpreter,921484.37,HIGH,Martinique,Faithhaven,VERIFIED,False,False,2022-10-18,BUSINESS,37558.84,3751.46,3,Czech Republic,CXLW32020023588529
784e54b7-101b-461b-b0bf-1cc1446ecac7,Justin Armstrong,75,MALE,Professor Emeritus,197706.72,MEDIUM,Falkland Islands (Malvinas),Cartermouth,PENDING,True,False,2023-02-22,INDIVIDUAL,44012.58,91780.55,3,Brazil,PTTK96447855162677
6206eb33-9ec6-424b-9d1e-9dad016b36cd,Stephen Barnes,51,OTHER,Hydrogeologist,1763345.51,MEDIUM,Comoros,Robertfort,PENDING,False,False,2024-07-24,INDIVIDUAL,10220.62,97006.49,2,Armenia,NJSZ78501271203346
abe4b8a9-aa5e-4fca-ac5b-cf7fa77f6c80,Edward Woods,32,MALE,Community development worker,831960.3,MEDIUM,Timor-Leste,Lopezside,PENDING,False,False,2024-06-03,BUSINESS,35065.48,89202.21,1,Comoros,HDZZ26762909479747
4556d31a-26a9-4131-8359-e04ea2838e88,Alan Valdez,84,FEMALE,Race relations officer,794028.16,HIGH,United States Minor Outlying Islands,West Julie,VERIFIED,False,False,2023-01-11,BUSINESS,24742.1,87995.8,4,Argentina,GWXI12712007025762
262a4d2c-a2ee-4e5c-b847-60c623b35112,Samantha Little,36,MALE,Prison officer,1632153.52,MEDIUM,Togo,West Jimfurt,VERIFIED,False,False,2024-06-21,INDIVIDUAL,14248.32,22890.16,4,United Kingdom,OPBL55285413928024
a7071a31-9a76-42f2-938d-6340cda0144d,Patricia Chapman,30,FEMALE,Warden/ranger,1374605.3,MEDIUM,Albania,North Garyfort,VERIFIED,False,False,2023-04-30,INDIVIDUAL,12634.23,4982.78,1,Bermuda,TEGI17771739766891
f2726a36-a8b7-433d-8664-5e7eb411a5c4,Jonathan Mckenzie,50,MALE,Operations geologist,1681933.49,MEDIUM,Liechtenstein,West Nicole,VERIFIED,False,False,2024-01-24,BUSINESS,31361.08,67663.84,2,Ghana,QRGH73683298454913
b7807294-e857-460c-ab87-78deb1ef1450,Kyle Hicks,29,FEMALE,Hospital pharmacist,640023.51,MEDIUM,Venezuela,New Derektown,VERIFIED,False,False,2026-02-18,BUSINESS,43953.18,56245.48,3,Poland,FBUI14234589275613
040b23d2-e216-47cd-9eae-74e98168353d,Tina Rodriguez,88,MALE,Charity fundraiser,1577654.73,HIGH,Nigeria,Gomezshire,PENDING,False,False,2026-02-15,INDIVIDUAL,984.35,46493.2,3,Slovenia,NFUD76906713837861
d9bb58e1-1aa9-4d4a-8287-d931395e5eca,Timothy Kelly,19,MALE,Administrator,1183295.21,LOW,Holy See (Vatican City State),Gregstad,VERIFIED,False,False,2024-06-14,BUSINESS,16330.58,47814.45,1,Cook Islands,SFWM90323119703614
c7caef5d-82aa-4653-a696-bb5b003da0ae,Ashley Johnson,71,OTHER,Graphic designer,1998131.12,LOW,Mauritania,Hicksside,VERIFIED,False,False,2022-08-02,BUSINESS,14015.96,5850.29,3,Gibraltar,UXQL81691103599848
e447736b-949f-4172-9012-6701b374cdc6,Katherine Gardner,24,FEMALE,Careers adviser,743925.53,MEDIUM,Nauru,South Curtis,VERIFIED,False,False,2023-08-23,INDIVIDUAL,10796.75,34922.07,1,Guernsey,JWHG28795636173926
97435893-81d3-4677-b8f9-5c1d6ff69dc2,Denise Bradley DDS,28,MALE,Technical brewer,497651.3,HIGH,Philippines,East Timothyshire,VERIFIED,False,False,2022-12-31,INDIVIDUAL,40914.42,8126.29,2,Lithuania,NLFH34778448372805
fd32925d-739c-4dbf-a0cb-ed8ddb321a20,Roger Torres,69,FEMALE,Corporate investment banker,1316174.06,LOW,British Indian Ocean Territory (Chagos Archipelago),Port Ronaldbury,PENDING,False,False,2022-02-03,BUSINESS,39826.22,38184.36,1,French Polynesia,POTK95991781268987
02e2867a-6d4f-484d-83a6-ffe6b0c2e3ee,Lisa Berry,40,OTHER,Hydrographic surveyor,1915544.25,LOW,Guernsey,New Jefferyhaven,VERIFIED,False,False,2022-10-21,INDIVIDUAL,2720.58,37845.86,3,Malta,YHXK05628205734713
454264c2-f0ca-417b-b7b1-997f9be07a0d,Nicole Bullock,79,OTHER,Primary school teacher,388598.73,LOW,Mayotte,Knappside,VERIFIED,False,False,2025-10-31,BUSINESS,37775.8,66404.56,2,Canada,TWEJ33991037337072
a50c2c4a-ee27-478e-964c-fb929dea929f,Jean Ho,54,MALE,Environmental education officer,630476.6,MEDIUM,Fiji,Davidberg,VERIFIED,True,False,2021-11-29,INDIVIDUAL,49117.37,23063.36,3,Georgia,MJVB66115346529967
d76b6bab-86fd-401f-934c-682d1dcd771b,Sara West,51,MALE,"Runner, broadcasting/film/video",423871.28,LOW,Germany,West Lancemouth,PENDING,False,False,2026-01-03,BUSINESS,19880.43,3969.07,4,Papua New Guinea,KUZP28444199038267
2b93da32-8680-4ef4-bda3-870062cdc2fc,Yvonne Wang,70,FEMALE,Nature conservation officer,196305.84,MEDIUM,Saint Helena,New Shelby,PENDING,True,False,2024-07-29,INDIVIDUAL,19865.61,81529.48,2,Czech Republic,WNRZ60551309032542
b29782df-1e5d-4fda-9247-77ac933474e1,Laura Reese,35,FEMALE,Television floor manager,651329.67,HIGH,Moldova,Port Gregoryhaven,VERIFIED,False,False,2021-12-14,BUSINESS,16599.18,55386.17,3,Denmark,CHWL94921183221566
1e7638d3-9858-444d-8fb8-c2a3a967bf7d,Christopher Hammond,41,MALE,Teaching laboratory technician,482255.73,HIGH,India,Thompsonland,VERIFIED,False,False,2025-04-26,BUSINESS,26163.95,21272.64,4,Algeria,LJLQ67570077352981
e1067feb-a294-4fe5-94b0-73ec700f9737,Tina Mcdonald,76,MALE,Video editor,1948406.26,LOW,Reunion,Shermanside,VERIFIED,False,True,2025-09-01,BUSINESS,18930.58,46865.62,3,Saint Helena,QVTY10838582301180
ba1e024b-eeaf-4005-b06a-a3f230beb3ae,Tiffany Rhodes,30,OTHER,"Nurse, adult",620487.26,HIGH,Ecuador,West Kari,VERIFIED,False,False,2025-05-20,INDIVIDUAL,26239.2,6135.04,4,Anguilla,PMVH18770183072299
0a298ad7-68f7-43fa-b7d4-258f842e87b5,David Lewis,22,OTHER,Illustrator,1876846.99,MEDIUM,Svalbard & Jan Mayen Islands,East Robin,VERIFIED,False,False,2023-12-22,INDIVIDUAL,25749.46,80248.38,2,Saint Barthelemy,WIBD00879635726187
d6f4f902-be48-42e9-a64e-7bf2c3923e7b,Lauren Rogers,78,FEMALE,Museum/gallery conservator,783456.25,HIGH,United Kingdom,Gonzalezview,PENDING,False,False,2022-11-18,INDIVIDUAL,31438.88,26854.5,3,Djibouti,QGOR06445900681365
30c8b400-d95c-4550-9c97-5ca90fe53bb1,Nicholas Lee,43,FEMALE,Hospital pharmacist,222580.38,MEDIUM,Liberia,Stuartfurt,VERIFIED,False,False,2021-09-11,INDIVIDUAL,12851.03,62308.53,2,Costa Rica,ECFR81603206778755
76c149b7-e168-45fa-aab0-84564cdaab0a,Kyle Haynes,72,MALE,Banker,1320406.56,LOW,Pitcairn Islands,Port Jameschester,PENDING,True,False,2026-03-17,BUSINESS,17637.61,57215.27,2,Egypt,MJAE13973583766891
457cffeb-edb6-4b70-800f-77e879bb4648,Jill Carroll,55,MALE,Energy engineer,678630.57,LOW,Equatorial Guinea,West Kimberlymouth,PENDING,False,False,2025-09-09,INDIVIDUAL,2635.86,21560.45,4,Saint Martin,RAEU00628783147329
e3805638-f8ed-46df-afb2-06db62b3730d,Pamela Obrien,42,FEMALE,Public relations officer,746940.98,MEDIUM,Tanzania,East Kimberlymouth,VERIFIED,False,False,2022-08-18,INDIVIDUAL,17222.19,14872.55,3,Lebanon,FLOC68303514138930
3c013ea9-65e4-4bd1-9ad4-c68eae529072,Bryan Cooper,66,OTHER,"Designer, fashion/clothing",1981248.71,MEDIUM,Korea,New Mark,PENDING,False,False,2022-06-27,INDIVIDUAL,8833.41,99916.91,4,Puerto Rico,HBXF81571022201415
e07862ae-6118-4c18-8112-92408f46a22a,Nicholas Marsh,69,MALE,Horticultural consultant,1910544.93,LOW,Andorra,Dennisstad,VERIFIED,False,False,2025-08-31,BUSINESS,45644.9,10480.78,2,Zimbabwe,AKIP93509091561653
0c4285ce-d0a0-4e10-b34d-4b50915ae6c8,Jesse Anderson,44,FEMALE,Occupational hygienist,1860682.97,HIGH,Western Sahara,Williamtown,VERIFIED,False,False,2022-12-19,BUSINESS,37628.48,34159.87,4,Grenada,VCLV94653759768243
e2d366da-8f93-4068-b4fa-0f394315228f,Eric Robinson,22,FEMALE,Insurance account manager,1191057.52,HIGH,Paraguay,Lake Christinaview,PENDING,False,False,2026-03-23,INDIVIDUAL,29162.63,13111.47,3,Iceland,XFGT89527257391285
96ad9dd4-fe61-44f7-8c9e-9a9611b9ed81,Jennifer Hernandez,86,FEMALE,Bonds trader,346724.08,HIGH,Cameroon,South Samantha,PENDING,False,False,2023-11-14,INDIVIDUAL,42687.08,82883.98,1,Estonia,UVWW39521947748710
d96bd3ce-9e6e-4462-baee-736272e7775d,Mrs. Jessica Mitchell PhD,89,FEMALE,Land,494057.41,MEDIUM,Malawi,East Jessicaborough,PENDING,False,False,2024-02-23,BUSINESS,42208.76,70117.66,2,South Africa,XOKJ51622194782489
b6512536-c0b6-4fa7-8422-0d54b97a0b2c,Paul Campbell,78,OTHER,Geophysicist/field seismologist,591719.59,LOW,Comoros,Harrisstad,VERIFIED,False,False,2021-11-04,BUSINESS,3730.05,97052.39,4,Italy,KUOH08784206690356
b0259291-730c-4544-b9b9-894ffbb766ad,Beverly Evans,76,MALE,Graphic designer,761480.09,LOW,Oman,South Kristen,VERIFIED,False,False,2024-03-30,BUSINESS,34198.07,48268.69,4,Algeria,BFDV58697750529888
4e881de2-ef58-4cf4-af66-d68451eaa00d,Joshua Pratt,85,OTHER,Chief Operating Officer,1834149.73,LOW,Dominica,Lake Daniel,VERIFIED,False,False,2024-09-18,BUSINESS,38770.57,10809.32,4,Dominican Republic,AGSN75953764869391
9864a368-b2ba-439c-b084-f8fe70ed7cb6,Denise Grimes,83,OTHER,Research scientist (life sciences),578988.67,HIGH,Japan,Lake Tiffanytown,VERIFIED,False,False,2024-06-08,BUSINESS,12371.21,99373.29,4,Albania,WETY10734600642472
0a9cebb1-26fb-4a4f-9f42-bb10f86a8540,Jason Smith,43,OTHER,Public relations account executive,536849.72,HIGH,Tonga,Jarvisburgh,VERIFIED,False,False,2026-03-28,INDIVIDUAL,47962.09,71006.52,2,Andorra,MDHX35059349687685
ffeb20a7-973a-4a4d-9ef6-9489b465ee15,Tristan Dean,54,OTHER,Press photographer,632564.64,MEDIUM,Pakistan,Lake Michael,VERIFIED,False,False,2023-01-26,BUSINESS,16421.54,19690.93,1,Bahamas,DMLX86049038505613
627f625a-898a-480e-bfde-db0f6aa21d27,Robert Cobb,29,OTHER,"Nurse, adult",303437.1,LOW,Afghanistan,Shannonborough,VERIFIED,False,False,2025-06-22,BUSINESS,42688.83,65122.8,4,Antigua and Barbuda,UNPZ69268802077862
a266a209-2d88-4ff5-a584-7f8c2bbe3fbe,Travis Ruiz,28,MALE,"Nurse, adult",413269.47,MEDIUM,Netherlands Antilles,Scottberg,VERIFIED,False,False,2023-01-27,INDIVIDUAL,1409.97,83717.96,3,United Kingdom,QTRC01032741117633
9b9998ef-e009-4a24-8d8d-b0bbefc573b7,Lisa Walter,64,OTHER,"Psychologist, counselling",981948.23,MEDIUM,Uganda,Brandiville,VERIFIED,False,False,2022-12-02,INDIVIDUAL,27234.73,49994.24,3,Guam,QWAY09632077509506
534d3d30-a9ea-426f-846c-1682b19d5df7,Christopher Johnson,30,FEMALE,"Chemist, analytical",1423696.19,LOW,Serbia,North Jaimestad,VERIFIED,False,False,2025-10-11,BUSINESS,35897.72,89676.5,3,Guam,RNBQ25525748828323
5557500f-9c59-4480-b5cf-342ac9fe965b,Caleb Montgomery,28,FEMALE,Actor,702955.74,HIGH,El Salvador,Martineztown,PENDING,False,False,2025-07-20,BUSINESS,14457.46,40758.34,3,Isle of Man,EDXY00834860075983
d67a4bdc-cb60-4fe3-95a4-46b5759cf639,Taylor Jones,51,MALE,"Accountant, chartered public finance",265135.36,MEDIUM,Rwanda,Port Michaelfort,PENDING,False,False,2024-11-06,INDIVIDUAL,48718.39,47790.7,3,Bouvet Island (Bouvetoya),JLIH41205132058705
3d1be3c3-055a-4648-939d-f9f4c1e7278d,Donna Mitchell,51,FEMALE,Soil scientist,1224711.24,LOW,Sweden,Miketon,PENDING,False,False,2026-03-16,INDIVIDUAL,6729.31,6444.24,1,Slovenia,ZTLG95829743290981
d3991466-a3b2-424b-b1c6-693f2fb169b2,Megan Jimenez,87,FEMALE,Civil Service administrator,1441698.31,LOW,Cote d'Ivoire,Deborahside,VERIFIED,False,False,2025-07-14,BUSINESS,16976.79,54230.08,1,Greenland,ZAVC78168878552583
1740628a-bece-4a54-9fcd-d70c625d4d6e,Anna Wagner,33,OTHER,"Engineer, aeronautical",406720.76,MEDIUM,Libyan Arab Jamahiriya,East Catherine,VERIFIED,False,False,2025-02-08,BUSINESS,19674.27,59927.6,3,Guinea-Bissau,BOJS27110091853394
600f5281-d189-40df-b603-44ddbe4c4863,Benjamin Todd,44,OTHER,Conference centre manager,1827292.59,LOW,Guyana,West Devinfurt,VERIFIED,False,False,2025-03-28,INDIVIDUAL,14224.31,88984.29,4,Antigua and Barbuda,HZLL72454235305755
2bc2092b-c83b-4de6-81b8-d2e1fa31826d,Patrick George,22,OTHER,Social researcher,581291.19,LOW,Swaziland,Lopezville,VERIFIED,False,False,2025-04-20,BUSINESS,9570.7,37524.19,1,Brunei Darussalam,JWQK52974427790222
ab1500ac-3dd0-4b2a-85ba-df2287c0dc92,Justin Stephens,62,FEMALE,Hospital pharmacist,1845816.06,HIGH,Georgia,North Amber,PENDING,False,False,2022-09-18,BUSINESS,23132.83,86327.33,4,Indonesia,ENOV19241470474672
66a7d7b3-2f5c-4367-9f46-8ef6a0ef710b,Christopher Keith,55,FEMALE,Oncologist,1128183.96,MEDIUM,Guinea,Caitlinfurt,PENDING,False,False,2023-12-09,BUSINESS,8223.71,69882.18,4,Yemen,VXYW55074691976726
f1edce57-4212-48aa-9242-4e528b8442d0,Sandra Peterson,23,OTHER,Paediatric nurse,587566.59,MEDIUM,Estonia,Mannview,PENDING,False,False,2024-11-15,INDIVIDUAL,30765.12,32773.28,4,Antarctica (the territory South of 60 deg S),GPSF13987357536607
7b39ffff-b11f-453f-82f2-94386f217f09,Amanda Levine,51,OTHER,Textile designer,1688713.05,HIGH,Lithuania,Jameston,PENDING,False,False,2026-06-24,BUSINESS,39230.38,68764.42,2,Netherlands,YIDM06861481648096
df6a9971-d961-4aa6-9e0e-9ec818c192d1,Chad Stanley,51,MALE,Social researcher,403969.54,LOW,Kyrgyz Republic,New David,PENDING,False,False,2022-07-02,INDIVIDUAL,30399.67,94191.37,3,Belize,UNXD54830770968842
0f8f4594-73b2-429c-b010-57e59a09d35c,Taylor Gross,78,FEMALE,Investment analyst,1501600.07,MEDIUM,Chad,Lake Ashlee,VERIFIED,False,False,2022-01-16,BUSINESS,33259.88,97249.61,2,Tunisia,KQST35770521912073
7225aeeb-fc76-4840-867d-1e94ac6aa627,Eric Burton,34,MALE,Music therapist,1302720.69,LOW,Turks and Caicos Islands,Martinburgh,VERIFIED,False,False,2023-01-24,INDIVIDUAL,46588.99,38186.71,3,British Virgin Islands,TSXD46817945013625
121d3d85-f722-40b6-870e-09f884caddb3,Courtney Clayton,72,MALE,"Engineer, mining",159876.99,HIGH,Falkland Islands (Malvinas),Gibsontown,VERIFIED,False,False,2021-09-30,INDIVIDUAL,28026.46,86798.92,1,French Polynesia,ECQA72769227306270
b96b1471-c45f-44b9-a0cd-c61a8e85f4a0,Charles Jensen,24,OTHER,Restaurant manager,1992946.42,MEDIUM,Iraq,West Margaretside,PENDING,False,False,2022-07-31,INDIVIDUAL,47704.37,43699.95,1,North Macedonia,AUDD38608802137052
cc8199f0-b427-48fb-ad36-0239827de635,Elizabeth Ramirez,64,OTHER,Commercial horticulturist,1963306.69,HIGH,Samoa,Port Cherylfort,VERIFIED,False,False,2022-09-20,BUSINESS,10158.29,4163.93,2,Palau,KKNO33822365459790
5149df71-97e4-44b7-adc0-ab3f05505bf3,James Stewart,90,FEMALE,"Psychologist, prison and probation services",1806728.25,MEDIUM,Maldives,North Carl,VERIFIED,False,False,2021-12-06,BUSINESS,27364.33,64712.22,3,Costa Rica,XOFA85003111647324
8f94827c-f4e2-45f5-b307-a31801730b3e,Stephen Torres,74,OTHER,Advertising account planner,385742.46,MEDIUM,Chad,Port Amandastad,PENDING,False,False,2025-11-29,INDIVIDUAL,24586.2,47260.14,3,Peru,ZQFT81701397154959
507398a5-ced6-4a6a-80ac-a74492afe1e4,Patricia Perez,75,FEMALE,"Engineer, civil (contracting)",1723268.15,HIGH,San Marino,Brianberg,VERIFIED,False,False,2024-02-22,INDIVIDUAL,49460.71,70795.85,3,Brunei Darussalam,HZZS09023750518502
ec5a43b5-19b6-40b6-a252-4a15859b3a6c,Zachary Heath,88,OTHER,Social researcher,1114863.34,MEDIUM,Angola,Kanefurt,PENDING,False,False,2024-05-27,BUSINESS,36649.14,55303.06,3,Svalbard & Jan Mayen Islands,XJCA65043618539040
4a2b63cc-b68d-4e2c-8aa9-87b4c1c6e1b0,Karen Conner,75,OTHER,Minerals surveyor,90332.68,HIGH,Uruguay,East Hannah,VERIFIED,False,False,2026-03-12,BUSINESS,48688.32,58473.26,4,Vietnam,UWQH95142913866641
658aaa85-edfb-4bcd-a282-691493cabb58,Eric Moore,66,OTHER,Tax inspector,609541.64,MEDIUM,Mauritius,New Ashleychester,PENDING,False,False,2023-08-02,INDIVIDUAL,1546.79,59842.51,3,Heard Island and McDonald Islands,XWZL14623173750226
2a192380-852d-4206-9358-a22d9b82b1a9,Robert Diaz,35,FEMALE,TEFL teacher,1598948.33,HIGH,Portugal,Howardport,VERIFIED,False,False,2021-10-05,INDIVIDUAL,16045.24,6738.38,3,Ireland,XCGV94023167399083
67c90075-8ae7-4c2f-82a2-47967c74e1ec,Alexandria Torres,88,FEMALE,Theme park manager,1642606.02,LOW,Argentina,North Deborahton,VERIFIED,True,False,2024-05-03,INDIVIDUAL,10623.64,66058.44,3,French Polynesia,XDDU57388087030482
da55c29c-2eb9-4db7-a387-53d635f33f7b,Brandon Gates,54,MALE,Hydrographic surveyor,696234.69,MEDIUM,Bahamas,South Matthewbury,VERIFIED,False,False,2021-11-03,INDIVIDUAL,728.34,72350.34,3,Turks and Caicos Islands,UDDU97404092201025
c7e030ea-c2f6-481a-84cb-4f2d3401c636,Brianna Weber,89,OTHER,Licensed conveyancer,380199.56,MEDIUM,Turkey,Gibsonstad,PENDING,False,False,2022-06-02,BUSINESS,4740.67,6781.79,3,Sweden,JLRO99793890409245
9a1173cd-adff-4a95-b133-86fd41f946b7,Robyn Espinoza,44,OTHER,Video editor,1641782.86,LOW,Zimbabwe,Aaronmouth,PENDING,False,False,2024-07-01,INDIVIDUAL,22511.99,84566.62,2,Cook Islands,WBPH75971217376498
5aca0401-1cec-417f-9c11-0cc71c6debd9,Julie Thomas,42,FEMALE,"Surveyor, building control",1720964.64,HIGH,Seychelles,Port Chad,VERIFIED,False,False,2024-06-16,INDIVIDUAL,48780.15,71340.3,1,Moldova,BYQN53504610087123
4f260bdf-ff8e-499d-b553-e39e1a436b47,Stephanie Green,80,OTHER,Energy manager,1819545.89,HIGH,Congo,Brittanyburgh,PENDING,True,False,2026-05-07,INDIVIDUAL,22811.18,77919.59,1,Egypt,KWCE75257930916480
e972fa15-94c6-4fe2-b7e2-12f56032a6e9,Erin Davidson,49,MALE,Water quality scientist,501736.33,HIGH,Trinidad and Tobago,North Jonathan,PENDING,False,False,2023-01-17,BUSINESS,48166.76,35426.3,2,Vanuatu,ESKH04294175426254
50247493-b403-4fbb-b0f2-62089075c142,Brenda Melendez,78,MALE,Production engineer,1789823.43,LOW,Oman,Port Jeffreymouth,PENDING,False,False,2025-01-01,INDIVIDUAL,34400.34,89784.49,1,Iraq,JAYY09536082985405
2e4fc624-1322-490f-9600-27b9aa232aa3,Bryan Dean,56,MALE,"Scientist, research (physical sciences)",625115.33,MEDIUM,Pitcairn Islands,Melissaland,PENDING,False,False,2023-11-22,INDIVIDUAL,38938.67,97955.74,4,French Guiana,GVZL18177820659640
93c24458-6c47-413f-9903-952cf1d32279,Ashley King,86,MALE,Furniture designer,1777524.93,HIGH,Montserrat,Bellborough,VERIFIED,False,False,2026-03-16,INDIVIDUAL,23103.32,74538.14,1,British Virgin Islands,DCHQ51664346754049
c996919c-fa3a-4e6a-aa4d-7a53c4c99e97,Ronald Huffman,64,MALE,Food technologist,208924.88,HIGH,Mauritania,New Hannahton,VERIFIED,False,False,2023-05-21,BUSINESS,20089.95,26559.69,3,Congo,NIFT56589926070856
4ce595d7-8fa2-492f-a4da-a85f482c8b94,Laura Barnes,19,FEMALE,Visual merchandiser,1766326.69,HIGH,Thailand,Alexanderfort,PENDING,False,False,2024-03-01,INDIVIDUAL,3531.11,40589.96,2,Spain,OXNN78629311144778
48aafc4b-05ed-4dcf-aa49-40917e178dcf,Ryan Brown,42,MALE,Podiatrist,777086.05,HIGH,Turkmenistan,Hodgesborough,VERIFIED,False,False,2025-04-10,INDIVIDUAL,24209.79,5564.05,4,Mozambique,POUC35218282591839
bc620658-9cc2-46a0-885b-99d8ee567f84,Kristen Williams,30,OTHER,Fine artist,1570712.78,MEDIUM,Yemen,Martinville,PENDING,False,False,2021-10-12,INDIVIDUAL,10539.36,66215.03,1,Antarctica (the territory South of 60 deg S),WLIN84057942245388
5763b343-8806-4168-8f03-584d14e3c79a,Michelle Davis,45,FEMALE,Insurance claims handler,1637943.45,LOW,Luxembourg,Michellefort,VERIFIED,False,False,2026-01-10,BUSINESS,36407.8,10647.78,2,Svalbard & Jan Mayen Islands,NBHX17079645359078
40a8102d-ddcb-4852-8ba4-a7f4874835f2,Casey White Jr.,23,OTHER,Sports development officer,489336.3,LOW,Cambodia,New Lisaland,PENDING,False,False,2022-05-19,INDIVIDUAL,21665.0,71472.87,4,Japan,IPLN04242346986738
0d128d53-ee41-4fea-9ffb-e18145dd5d2d,Aaron Webb,69,MALE,Human resources officer,1970549.61,HIGH,Swaziland,Kimberlyberg,PENDING,False,False,2025-01-19,INDIVIDUAL,2807.16,80044.47,4,Switzerland,EBXF53929081690286
a12f50ee-4ffd-4799-99d2-2741e55f2cee,Steven Hull,84,MALE,Insurance account manager,643413.78,MEDIUM,Trinidad and Tobago,Lawsonchester,VERIFIED,False,False,2021-11-17,BUSINESS,3403.25,2380.34,2,Jersey,UZAJ25491470322579
3a79df99-a5c0-4366-af54-42f9c31b99e4,Kevin Peterson,48,OTHER,Cabin crew,890870.88,HIGH,Heard Island and McDonald Islands,Lake Courtneyport,VERIFIED,False,False,2022-07-29,INDIVIDUAL,49384.84,48492.25,1,Ecuador,JFXH29946687489948
35e84889-cf9a-462c-9b46-156c0f82979a,Eugene Lee,39,OTHER,Ecologist,1008694.7,HIGH,Egypt,Andersonton,VERIFIED,False,False,2022-10-20,INDIVIDUAL,24187.38,84240.01,2,Liberia,HIXH00152925518501
9b133e9a-bcac-4e81-aa24-e87beb076220,Nicole Fleming,46,MALE,Personal assistant,145561.83,LOW,Gibraltar,New Jeremyport,PENDING,False,False,2025-06-14,BUSINESS,5782.54,43567.27,3,Oman,UBLV07684750212319
81296d46-45e0-47d6-bcd0-1f2a2cd20e17,Christine Thornton,80,FEMALE,Pensions consultant,1254157.63,HIGH,New Zealand,Meganmouth,PENDING,False,False,2024-11-20,BUSINESS,34578.87,99758.66,4,Antarctica (the territory South of 60 deg S),JZMA05025335183370
e36bbfcd-53b0-490e-96bc-71153fbb85a1,Tracy Foster,44,FEMALE,Research scientist (medical),1927677.5,MEDIUM,Saint Kitts and Nevis,New Theresa,VERIFIED,False,False,2024-07-06,BUSINESS,17781.81,18254.74,3,Timor-Leste,RHUK43060479662234
6a58aba1-c37e-40e1-ad9b-ea09c55352f0,Tanya Mitchell,70,MALE,Technical author,495432.28,MEDIUM,Tanzania,New Brian,VERIFIED,False,False,2025-07-08,BUSINESS,18153.32,95116.63,4,Kenya,BUSZ01211669922447
d5c64c1e-a6c9-48e6-bd24-4e1a5b26540b,John Lamb,62,FEMALE,Marketing executive,1645701.53,LOW,Cocos (Keeling) Islands,Andreabury,VERIFIED,False,False,2025-12-29,INDIVIDUAL,43870.5,48672.13,3,Turks and Caicos Islands,BVQE23190645177941
2abcf165-ff57-43a3-9ca8-faaaed4f132b,Alexander Rangel,87,OTHER,Youth worker,1854486.53,MEDIUM,Liberia,South Janicetown,VERIFIED,False,False,2023-06-14,INDIVIDUAL,36951.16,86645.51,4,Tonga,ZZLH11239536816048
c787fc8c-539a-4492-bc9a-b1775370dc2b,Tina Stevens,46,MALE,Financial adviser,528953.6,LOW,Tajikistan,Saraberg,VERIFIED,False,False,2022-01-29,BUSINESS,5788.26,89434.21,3,Mayotte,YHZP36439680737362
eb8e2fd5-52ca-49a0-9249-a5d07ffbb718,Kimberly Miranda,81,FEMALE,Recruitment consultant,1745033.47,LOW,Estonia,Port Paul,PENDING,False,False,2025-05-30,INDIVIDUAL,1521.86,92019.14,1,Aruba,UTIY66251737692629
8dd59415-1724-4d25-a75a-7b4f3111bd80,Andrew Martinez,81,FEMALE,Acupuncturist,1823121.25,HIGH,Dominica,Christopherland,VERIFIED,True,False,2022-08-17,BUSINESS,33422.59,72400.89,2,Spain,FLZT16796360725518
e706f87c-050f-45d3-b396-8d924cfa106e,James Hamilton,59,FEMALE,Forensic psychologist,332398.38,MEDIUM,Colombia,Kerrton,PENDING,False,False,2022-08-02,BUSINESS,36039.13,7404.5,4,Philippines,FJQL12151894582252
774d3660-74af-4686-b29d-3afa49dcae10,Maria Thornton,83,OTHER,"Scientist, biomedical",965485.87,HIGH,Ecuador,New Charlesmouth,PENDING,False,False,2021-08-03,BUSINESS,4503.45,75406.07,2,Malta,VHKU83850583879898
487cdf68-9627-40ec-b9e5-4102e066a772,Candace Johnson,40,MALE,Naval architect,1354468.15,HIGH,Iran,Lake Jessicaton,PENDING,False,False,2026-05-22,INDIVIDUAL,45685.41,42636.48,3,Congo,QQSK95320336799729
c7259f1a-02df-439d-a83b-c38583666354,Catherine West,19,OTHER,Planning and development surveyor,810433.14,HIGH,Saint Pierre and Miquelon,North Josephside,PENDING,False,False,2025-05-19,BUSINESS,12169.68,81388.09,2,Mali,TITY77971800473504
2feff2e6-809c-4710-af1e-c35ff9f2ef72,Tina Case,57,MALE,Hospital pharmacist,1058252.58,HIGH,Cote d'Ivoire,Kellyland,VERIFIED,False,False,2022-01-04,BUSINESS,5592.65,12324.22,1,Sao Tome and Principe,HXHX63751637964314
237d7782-c139-4239-9cde-b9efe1d869ad,Michael Mckinney II,50,FEMALE,Regulatory affairs officer,455468.81,MEDIUM,Bouvet Island (Bouvetoya),New Jessicatown,VERIFIED,False,False,2022-08-05,INDIVIDUAL,43175.96,5789.01,4,Monaco,TOJU18498311729093
e6921f1e-f98f-4aea-b339-ce226ab4448f,Jennifer Compton,66,FEMALE,Secretary/administrator,434647.2,HIGH,Niger,West Sean,VERIFIED,False,False,2023-09-30,INDIVIDUAL,5441.65,32389.3,3,Nicaragua,ZIIJ82805053011204
94a84edd-a293-48ef-8b23-98a5248e9d02,Angela Dougherty,39,OTHER,Information systems manager,1182168.3,MEDIUM,Sao Tome and Principe,Port Kenneth,VERIFIED,True,False,2022-06-18,INDIVIDUAL,2058.18,41526.95,4,Guyana,KVLH12702483291632
ce504a05-ddac-412b-827d-adf84e51703f,Angel Rogers,55,OTHER,Accommodation manager,1663983.13,LOW,New Caledonia,North Wayne,PENDING,False,False,2021-10-21,BUSINESS,2763.04,98040.21,1,Saint Lucia,DLHO54664455736736
f288a587-0f80-4fdb-9ce6-fd27f2eb0db7,Lisa Thompson,85,MALE,Chiropodist,535209.94,MEDIUM,Fiji,Mcdanielside,VERIFIED,False,False,2026-04-05,BUSINESS,14953.96,80199.59,1,Samoa,TCIP02100281289572
1aa7499b-85d3-499b-92cc-50e8ddd3b61f,Ryan Taylor,22,OTHER,Conference centre manager,68401.56,HIGH,Korea,Susanton,VERIFIED,False,False,2023-11-26,INDIVIDUAL,49316.76,90911.57,4,Senegal,VZEV31868522277700
64451294-02ac-487b-89e4-daa6b305d8ea,Dr. Michele Harris,28,MALE,"Accountant, chartered",1692264.94,LOW,Liberia,Dicksonberg,PENDING,False,False,2022-02-19,BUSINESS,12705.78,72230.65,4,Swaziland,YWSY18859350500250
7d90a7bb-fffa-490f-b87a-f1ee2633bb9c,Jennifer Weeks,73,OTHER,Media buyer,186219.19,LOW,Argentina,Stevenston,VERIFIED,False,False,2022-06-01,INDIVIDUAL,14584.74,7978.3,1,Greenland,OIYR53162935857802
e9fa9a1a-22e3-4071-a179-8557c51babdf,Ronald Kim,48,FEMALE,Tree surgeon,1486805.15,HIGH,North Macedonia,North Jill,PENDING,False,False,2024-09-09,BUSINESS,37605.64,71813.84,1,Peru,PLUE93815969520172
f4ec5a39-5068-4144-a2aa-2d26900d3d37,Judith Watkins,35,MALE,Film/video editor,480627.0,HIGH,Netherlands Antilles,Port Johnview,PENDING,False,False,2024-10-24,BUSINESS,25156.13,3641.2,4,Albania,FORO33548891226820
8c673c04-38e9-4e28-889d-550f3a7e4e4e,Andrew Young,32,MALE,Community education officer,807585.38,MEDIUM,French Guiana,Port Megan,VERIFIED,False,False,2022-07-26,INDIVIDUAL,18044.02,14984.5,4,South Africa,GDUR66024667469149
bd43f2ee-6a18-4df2-9071-2ef896460dbc,Elizabeth Miller,39,OTHER,"Scientist, product/process development",1534255.25,HIGH,Norfolk Island,Michaelstad,VERIFIED,False,False,2022-04-21,INDIVIDUAL,17868.06,71632.69,4,El Salvador,LWFF17046585185891
210bb1da-eed7-4da5-aa2e-f0932f0c42c8,Alexander Abbott,33,MALE,Museum/gallery exhibitions officer,196070.68,HIGH,Bhutan,Gregoryburgh,PENDING,False,False,2022-05-23,INDIVIDUAL,6814.59,20974.91,4,Chile,ITVA86177766352345
2b918981-764f-4af8-8dc2-8982e0a103d7,Tammy Burns,59,OTHER,"Psychologist, clinical",205149.65,MEDIUM,Cayman Islands,Port Faith,PENDING,False,False,2023-12-17,BUSINESS,17147.74,11321.63,1,Sao Tome and Principe,MGHB84575117063543
d4c359f2-1a3b-4bce-a0dd-11bee4f15d6d,Christina Lee,40,FEMALE,Corporate treasurer,812511.66,LOW,Egypt,Blakeland,VERIFIED,True,False,2023-11-29,INDIVIDUAL,23414.79,32316.93,4,Montenegro,YTFL25385198028891
deec87a3-e4ae-47ca-9446-62970b07888d,Bryan Johnson,43,FEMALE,Music tutor,1623087.84,HIGH,Central African Republic,Teresabury,VERIFIED,False,False,2025-06-30,BUSINESS,13635.44,47880.01,3,Malaysia,JDNR56647564530021
dca1b853-6e83-4817-8c65-0fcbfb379404,Misty Parker,40,OTHER,Museum/gallery curator,1068110.0,MEDIUM,Aruba,East Stevenside,VERIFIED,False,False,2021-11-03,INDIVIDUAL,35722.95,93076.04,3,Nauru,LFWC59390813934050
a6e02467-d1ba-4a86-8be0-a02f88b19aaa,Ryan Martinez,31,MALE,"Optician, dispensing",1890396.07,MEDIUM,Chile,North Rebecca,VERIFIED,False,False,2025-09-04,INDIVIDUAL,911.08,6449.61,3,Gabon,KCXK42041560938423
e1bc258e-d36d-4dba-84a4-3bb1ddf2e946,Tony Byrd,43,MALE,Speech and language therapist,434833.28,HIGH,Qatar,East Jenniferside,VERIFIED,False,False,2024-01-06,INDIVIDUAL,14537.27,43996.38,1,Cambodia,KDHA27431593411809
ea4fe215-62f2-4310-9e60-ee331bfb47fe,Courtney Pugh,75,MALE,Network engineer,36618.98,LOW,Egypt,Branchburgh,VERIFIED,False,False,2023-08-11,INDIVIDUAL,15926.76,56558.3,4,Uruguay,DPJM31258480905083
a2f6dafe-9a41-4920-98ae-4f632d5469ab,Kenneth Martinez,18,OTHER,Hospital pharmacist,269259.89,LOW,China,South David,PENDING,False,False,2023-03-11,BUSINESS,2118.59,80695.26,4,Tonga,EVUO04208581195726
48248a29-a0a9-40a8-8a10-fd91c4904a52,Casey Brown,76,FEMALE,Local government officer,914593.18,MEDIUM,Cyprus,Joshuachester,PENDING,False,False,2026-02-18,INDIVIDUAL,3726.31,66916.38,1,French Southern Territories,HAZB18266112485441
a2660c45-6d07-4900-9d57-418e6b21d951,Matthew Davis,19,FEMALE,Quarry manager,938203.03,LOW,Egypt,Lake Kyle,PENDING,False,False,2023-01-26,BUSINESS,42001.5,16542.79,3,Luxembourg,PEAV09513852966408
0cc99d98-eb7b-4dcd-a0bb-e1947e38cfcf,Anne Nash,45,OTHER,"Education officer, community",1926845.47,HIGH,Niue,New Shannonmouth,VERIFIED,False,False,2025-03-04,BUSINESS,12827.51,91661.1,4,Malawi,EIXX53602516707474
bb2d34dc-b2c1-4f69-a641-92b77a28aa88,Sarah Oneal,53,MALE,Armed forces logistics/support/administrative officer,149181.21,MEDIUM,Guam,North Melissa,PENDING,False,False,2025-02-02,BUSINESS,30459.41,60318.23,4,Thailand,IKBG45466365899577
d6439b17-6b1b-4745-b6a9-0fafa3117410,Alice Hester,26,FEMALE,Consulting civil engineer,215227.3,LOW,Somalia,East Manuel,PENDING,False,False,2023-01-25,INDIVIDUAL,34307.9,10386.2,4,Jersey,XXDM38658501877012
43a6eeab-9f4c-478e-90aa-a991e46e0fb7,Cathy Baker,48,FEMALE,Nutritional therapist,1783561.11,MEDIUM,Uzbekistan,Crystalchester,PENDING,False,False,2025-12-13,BUSINESS,44623.99,51199.77,3,Greenland,YCCX67822504573614
c01fde66-9551-45ff-a40b-38c7345f7662,Janet Bell,48,MALE,Music therapist,626905.57,HIGH,Saint Kitts and Nevis,New Mary,VERIFIED,False,False,2026-04-30,INDIVIDUAL,2017.73,16408.19,3,Nepal,TEVG83657041631303
da36d389-d05b-4dfc-9736-40a48d30eb4b,Kevin King,86,MALE,Arboriculturist,1975031.48,LOW,Libyan Arab Jamahiriya,South Sean,VERIFIED,False,False,2022-03-04,BUSINESS,10416.76,97912.9,3,Greenland,UUUG84631996665017
d91eab05-70a4-43fd-ad58-c1f6cdca3498,Adam Snyder,66,MALE,"Designer, industrial/product",222448.52,MEDIUM,Ukraine,New Richard,VERIFIED,False,False,2025-06-05,BUSINESS,37227.06,83768.74,1,Malta,VKOG17165459325699
c19a4103-a9d1-49a2-970a-862a0c5529e7,Ralph Tran,40,MALE,Occupational therapist,634024.29,MEDIUM,Greece,Rachelfort,PENDING,False,False,2024-04-07,INDIVIDUAL,34693.09,89545.8,4,French Southern Territories,CKXS85176870444339
6649531f-6566-468f-8cba-762a58b4367e,Patricia Rhodes,64,MALE,Environmental consultant,1991951.52,MEDIUM,Guinea-Bissau,Charleshaven,VERIFIED,False,False,2022-12-27,BUSINESS,10107.31,20216.04,4,Ukraine,EVRB72008181191192
02c7c098-40b1-46d0-8a2b-853e7940d8da,Gary Miller,32,FEMALE,Corporate treasurer,744557.19,HIGH,Pakistan,Mcculloughborough,PENDING,False,False,2025-08-22,INDIVIDUAL,17241.78,28146.36,2,Hungary,MIPG34534876641081
4b7794d3-00aa-4853-9b8b-0942959fcf1b,Thomas French,87,FEMALE,Commercial art gallery manager,339444.61,HIGH,Croatia,Jenniferbury,VERIFIED,False,False,2023-11-12,BUSINESS,13507.62,28723.16,1,Burundi,BPBK61350237695009
58a30478-3aa7-4194-87db-ce05d11c1390,Valerie Stevens,33,MALE,Translator,1890313.91,HIGH,Azerbaijan,North Shanechester,PENDING,False,False,2026-05-16,INDIVIDUAL,37776.69,84035.54,1,Guadeloupe,HEDY10050818942155
67e802ad-a973-45a5-bcdc-1141607f0bf2,Kenneth Conley,21,OTHER,Merchant navy officer,253906.1,LOW,Czech Republic,Erinport,PENDING,False,False,2026-05-08,INDIVIDUAL,9288.69,38958.37,2,British Virgin Islands,OUXG29777741357278
d92f1069-0965-4836-99a0-887856dde731,Donald Haynes,20,FEMALE,Merchant navy officer,1538528.54,MEDIUM,Namibia,Sherryfort,VERIFIED,False,False,2023-12-31,BUSINESS,14962.97,41673.93,2,Ghana,VZWV43227280365944
47e51e35-9f57-4db4-8b69-67055db933f9,Bryan Warren,71,FEMALE,Marketing executive,1016871.63,MEDIUM,French Polynesia,Lake Sarahmouth,VERIFIED,False,False,2023-11-09,BUSINESS,15975.11,19719.51,3,Holy See (Vatican City State),ZVMH00326998916592
8562e6eb-92e0-415d-b930-f19a0b30293f,William Rodriguez,67,FEMALE,Barrister,1693673.39,MEDIUM,Belarus,South Melissa,VERIFIED,False,False,2025-09-21,INDIVIDUAL,32067.35,54716.6,4,Japan,EKOG92787477442766
db134671-4abb-489f-a2ae-ab77383c8109,Jamie Gonzalez,79,OTHER,"Designer, fashion/clothing",1269498.23,MEDIUM,Libyan Arab Jamahiriya,East Ronald,VERIFIED,False,False,2022-01-28,BUSINESS,16371.66,29479.51,3,Tokelau,CUCA60654787959460
9f5badf5-7bed-4c4d-beb6-d8d8d02980c9,Gregory Carter,75,FEMALE,Comptroller,1135425.09,HIGH,American Samoa,East Johnhaven,PENDING,False,False,2023-09-27,BUSINESS,17483.7,51389.21,2,Aruba,JKBK02605641674225
cdfabc16-3604-4598-82fc-89c63cb5ed68,Virginia Smith,35,MALE,Ceramics designer,1626535.64,LOW,Cocos (Keeling) Islands,East Tammy,PENDING,False,False,2025-03-22,INDIVIDUAL,36436.73,15584.53,3,San Marino,YYOF29795510327782
e30642ae-e497-4ab5-a334-ce6b222585cf,James Norton,53,FEMALE,Dietitian,242932.55,MEDIUM,Uruguay,Port Sheila,PENDING,False,False,2025-10-29,INDIVIDUAL,47340.31,89029.53,3,Mali,WQZR25992623254020
c6d4db28-d91e-4ab9-99ee-5c8bf1fba7a0,Jennifer Jackson MD,49,FEMALE,Emergency planning/management officer,662766.54,HIGH,New Caledonia,North Lesliestad,VERIFIED,False,False,2024-05-01,INDIVIDUAL,42068.89,62847.94,3,Northern Mariana Islands,TYBT75983965888272
ff758e0a-7716-4f58-8d5d-b25580063e41,Todd King,87,FEMALE,Ranger/warden,1676261.11,LOW,Bangladesh,Kevinfort,PENDING,False,False,2022-07-09,INDIVIDUAL,11107.72,77281.0,4,Vanuatu,DXJK38067434236184
36b62b2e-2ed9-40bc-88c5-57829b2cac96,Jacqueline Hammond,39,OTHER,"Designer, fashion/clothing",1279431.12,LOW,Belarus,Nicoletown,VERIFIED,False,False,2024-12-14,BUSINESS,33687.02,92519.4,4,Sierra Leone,DJXS55448412806236
72c02483-3cf6-402f-9eae-3c09dc8b0b6b,Craig Bass,59,FEMALE,Sub,858546.28,MEDIUM,Malawi,Darrenside,PENDING,False,False,2022-10-13,BUSINESS,30146.69,55147.33,1,Luxembourg,XJAB69198057431873
1f44f083-475c-4417-b9d3-4e647966ceac,Matthew Shaw,22,FEMALE,Industrial/product designer,870359.0,MEDIUM,Vanuatu,Phillipsstad,PENDING,False,False,2023-08-12,INDIVIDUAL,41946.17,50635.73,1,France,AAFW45353783393179
3de20ac7-b010-4a72-8eae-f787d582344f,Michael Jordan,70,MALE,Industrial buyer,784416.16,HIGH,India,Lake Angela,VERIFIED,False,False,2021-08-05,INDIVIDUAL,19664.84,94753.15,1,Trinidad and Tobago,HLLL26773462996163
e6428fb8-7d3d-488f-8a5c-6c25b61849c3,Patricia Rodriguez,30,OTHER,Publishing copy,1650979.23,LOW,New Zealand,Hendersonstad,PENDING,False,False,2023-04-11,BUSINESS,44579.4,62659.31,1,Chad,BHUA52774750513839
413576b5-1967-4d67-805d-8ce35c0ab604,Laura Johnson,73,OTHER,Insurance risk surveyor,1394445.29,HIGH,Korea,South Rebeccaton,VERIFIED,True,False,2026-01-22,INDIVIDUAL,35703.95,82295.91,1,Honduras,AEMD06958617382585
5284d407-40d0-4c0d-b70b-805d1e152401,Jeffrey Bullock,40,FEMALE,"Psychologist, counselling",1477565.06,HIGH,Saudi Arabia,Lake Douglas,PENDING,False,False,2024-06-09,INDIVIDUAL,41931.91,88024.44,3,Comoros,TFEP91106023083919
13b0fd05-67ef-421b-8370-dcc7d09f86a0,Melissa Preston,48,MALE,"Designer, jewellery",883670.28,LOW,Latvia,Robertoborough,VERIFIED,False,False,2021-12-27,BUSINESS,48563.3,46360.94,4,Moldova,JPUS01718058163276
3a1b0fd9-2dff-428c-b180-000903f530ec,Robert Page,77,FEMALE,Automotive engineer,997637.59,HIGH,Dominican Republic,Richardshaven,VERIFIED,False,False,2025-03-12,BUSINESS,15864.21,93162.1,1,Tokelau,SVOK61286651450062
53cf27dc-bb6a-4650-877d-efab38dfbb40,Mrs. Caroline Lloyd,67,FEMALE,"Restaurant manager, fast food",76345.92,LOW,Paraguay,East Alison,PENDING,False,False,2023-04-29,INDIVIDUAL,27445.47,63242.63,3,Madagascar,ZUIU41819724635522
814dad96-2c8f-4289-b590-2962689470f1,Kevin Harris,60,OTHER,Barista,1255231.17,LOW,Tonga,New Veronicaland,PENDING,False,False,2024-02-29,BUSINESS,15542.66,14757.39,2,Moldova,UFZO75894511406267
a667fcf8-02ce-4db1-b0bb-5ae91bbf2faa,John Jones,90,OTHER,Media planner,519380.42,HIGH,Comoros,Joshuahaven,PENDING,False,False,2024-10-15,BUSINESS,6251.68,18548.66,1,Denmark,HYOR17602991434823
7e72d632-9fc1-425c-881b-fad8ae47f193,Anne Peck,65,OTHER,Equality and diversity officer,475389.24,LOW,Oman,Tanyamouth,VERIFIED,False,False,2021-12-11,BUSINESS,13900.97,79438.36,1,Trinidad and Tobago,AUQR19824529869403
68c7e5b2-49a7-4025-9236-1404894348c9,Kenneth Nelson,19,MALE,Sports development officer,1946499.84,MEDIUM,Canada,North Jasonhaven,VERIFIED,False,False,2023-05-06,INDIVIDUAL,42897.43,93462.06,4,Swaziland,JUIN69441074481562
c96dbd97-dd75-4a89-b98b-432ccb196a99,Barbara Prince,67,FEMALE,Barrister,1605051.99,MEDIUM,Japan,South Jamesport,VERIFIED,False,False,2026-06-07,INDIVIDUAL,22242.26,89487.4,4,Sierra Leone,REXI48849339029050
76116204-82d5-49bb-b4ff-1253c625a1e6,Christopher Meadows,84,FEMALE,Fast food restaurant manager,436313.39,HIGH,Lesotho,Sanchezburgh,VERIFIED,True,False,2025-03-09,INDIVIDUAL,7894.79,59668.45,4,Norfolk Island,ZPFU67954918420447
f0f3369e-15a9-42e7-9986-721cd9567445,William Collins,23,MALE,Architect,1252492.06,LOW,Djibouti,Lake John,VERIFIED,False,False,2022-02-25,BUSINESS,14608.23,36327.4,4,Greenland,ZSYN95439583988239
fd8ddec6-4239-4065-94e0-c0a91e076f2f,Ian Carter,47,FEMALE,Publishing copy,902294.57,LOW,Hungary,Tracyburgh,PENDING,False,False,2021-11-07,BUSINESS,41829.91,41516.68,4,Russian Federation,WWZB31730831939224
2191df4a-9c78-447d-8dcd-ec700df45d87,Brittany Dixon,32,OTHER,Building control surveyor,819987.2,LOW,Cape Verde,Lake Danny,VERIFIED,False,False,2026-07-20,INDIVIDUAL,15034.49,59366.46,2,Hungary,GNMG12984535313537
aeb88bbd-2d53-4c80-a321-24d0c7868764,Amanda Moses,37,MALE,"Biochemist, clinical",548704.94,HIGH,Macao,Jarvisborough,PENDING,False,False,2025-03-13,INDIVIDUAL,8604.89,40963.58,4,Czech Republic,EISB71723509376920
263c53a4-f7dc-41b8-b3aa-6d7a4e18700d,Tracy Harvey,70,FEMALE,Pharmacologist,1111970.49,HIGH,Luxembourg,Grayport,PENDING,False,False,2023-07-30,BUSINESS,11974.41,87458.54,3,Russian Federation,VEQM19678030034325
8ae5fe66-dcc3-424d-9b64-48a774599961,Brian Smith,53,FEMALE,Warehouse manager,457828.52,MEDIUM,Malawi,West Marvinport,PENDING,False,False,2022-11-05,INDIVIDUAL,24041.69,79264.65,4,Tokelau,SVBV18962794001640
2bd8554e-d627-4883-9038-79dc0ba07771,Heather Perez,26,OTHER,Clinical research associate,1133758.63,MEDIUM,Luxembourg,Snyderborough,PENDING,False,False,2024-05-19,INDIVIDUAL,35332.36,66199.61,2,Djibouti,QHIL41140549350448
8035d683-7fc1-45de-b98b-8a1b431cfbba,Roy Miller,81,OTHER,"Exhibitions officer, museum/gallery",790942.01,HIGH,Thailand,Davidborough,VERIFIED,False,False,2023-12-25,BUSINESS,14861.63,81471.53,1,Belgium,RPLW23424686466312
a8baa104-4aca-4f70-b526-6248b3536b8d,Cole Cervantes,74,FEMALE,Bookseller,386091.68,LOW,Micronesia,Lake Thomas,PENDING,False,False,2023-11-18,BUSINESS,15004.46,68723.45,2,Venezuela,IDXW83205675284214
3d13233d-60f4-485e-9012-a1dd616e2652,Sally Le,40,OTHER,"Surveyor, building",309931.94,MEDIUM,Isle of Man,West Victorton,PENDING,False,False,2022-01-28,BUSINESS,42292.93,78883.17,1,Ireland,DJWC56271060283300
fdeef7e1-f4a2-4c43-ace7-2db0250dcb3e,Kathryn Hicks,64,OTHER,Land,1935078.94,MEDIUM,Eritrea,New Jesuschester,VERIFIED,False,False,2024-10-30,INDIVIDUAL,43812.39,84025.63,1,Tuvalu,JSTY29507623905806
5d2b23ef-a502-4b33-a88d-ec74011a3c6e,Joshua Austin,70,MALE,Counselling psychologist,684911.24,LOW,Bahamas,Emilyton,PENDING,False,False,2023-08-15,INDIVIDUAL,13778.69,62533.4,1,Germany,CVZP63116109855766
bd7996e6-fa42-481d-aaa7-b2ce34f9180a,Alejandro Christian,48,OTHER,Historic buildings inspector/conservation officer,1293790.65,LOW,Nigeria,Carlaburgh,VERIFIED,False,False,2022-01-30,BUSINESS,6773.28,65127.9,3,Guyana,OUYV56084755003332
8b395acb-e337-459e-aa87-fae226f785a3,Bonnie Chen,31,MALE,Trade mark attorney,1040588.44,MEDIUM,Pitcairn Islands,Browntown,PENDING,False,False,2022-03-18,INDIVIDUAL,28490.32,22877.08,4,Samoa,TXDL12805199139808
28720d83-1109-47a4-ae83-3746aea5851b,Adriana Taylor,79,FEMALE,Chief of Staff,299060.99,LOW,Saudi Arabia,Bushburgh,PENDING,False,False,2025-04-14,BUSINESS,11812.1,71405.88,3,Mali,VCJL59326791403753
eb56b1e2-5ac6-4116-93dd-e5811c5662be,Anthony Owen,89,FEMALE,"Therapist, speech and language",550704.59,MEDIUM,Slovenia,South Amandaburgh,VERIFIED,False,False,2025-08-15,BUSINESS,8852.73,12371.01,4,Nauru,LOXO66429557978594
d0cadd82-c60f-429c-95ec-5365ad337a65,Amber Hansen PhD,45,MALE,Clinical psychologist,88944.88,HIGH,Lao People's Democratic Republic,Lake Bradleyhaven,PENDING,False,False,2024-08-13,BUSINESS,41534.28,77448.6,3,Cocos (Keeling) Islands,QGZQ90896296588385
199c063e-2096-48ce-887b-56f3253556e9,Oscar Leon,43,FEMALE,Diagnostic radiographer,504967.75,MEDIUM,Bouvet Island (Bouvetoya),New Juliaview,PENDING,False,False,2021-08-20,BUSINESS,39184.88,51218.51,4,Montserrat,LLHN06612613844642
0107f3eb-ca72-430f-85c0-3d03f7edc4df,Benjamin Forbes,41,MALE,"Psychologist, prison and probation services",1237224.66,LOW,Bahamas,Hammondmouth,VERIFIED,False,False,2025-06-23,BUSINESS,48071.78,37552.42,4,Yemen,AXEV47762034219135
5f590acf-2590-4e82-8860-0b564f62980b,Nicole Harvey,53,OTHER,Research scientist (maths),680322.65,LOW,Guinea,Lake Wendy,VERIFIED,False,False,2023-04-22,INDIVIDUAL,11588.3,71148.22,1,Jordan,RTEE59202812246327
be8ce94e-6ab1-4638-b09e-77f5d09e7db0,Jeffrey Ward,71,OTHER,Commercial horticulturist,1339113.41,HIGH,Romania,West Matthew,VERIFIED,False,False,2024-04-14,BUSINESS,25869.12,31097.49,1,Panama,CRTZ20375848937680
ff73809e-beaa-47ce-a998-51c56fd67295,David Brown,27,FEMALE,Garment/textile technologist,1340250.21,HIGH,Mauritania,Smithberg,PENDING,False,False,2025-10-11,INDIVIDUAL,43580.32,44916.56,3,Malta,UAJX45131273769462
fce17ec7-526d-4363-9590-95394d10e07e,Bethany Hansen,31,OTHER,"Administrator, education",599704.02,MEDIUM,Georgia,New Sara,VERIFIED,False,False,2025-01-29,INDIVIDUAL,8939.67,26958.92,3,Guyana,CRRK66967434794613
47c3b441-7849-4517-9a54-e11259e09d1f,Joshua White,55,MALE,Computer games developer,1487271.84,HIGH,Slovenia,Markchester,PENDING,False,False,2024-11-18,INDIVIDUAL,46153.82,41317.0,1,Malta,MBYX19893182105227
cebe4b0f-462f-4e9d-98e1-5b8e62926dd7,Jon Juarez,85,MALE,Historic buildings inspector/conservation officer,1234791.77,MEDIUM,Spain,Port Abigail,PENDING,False,False,2025-03-24,INDIVIDUAL,25882.65,93337.35,2,Solomon Islands,PERD32646287595359
5194eef5-fe54-4480-a9bc-0a110629e292,Olivia Jimenez,89,FEMALE,Adult nurse,1285217.81,MEDIUM,Portugal,North Johnstad,VERIFIED,False,False,2022-06-15,INDIVIDUAL,32205.2,94359.55,2,Anguilla,VQMC43775121247182
8e80df0d-fa7a-4a7e-9b69-a69fa31a8718,Tyler Phillips,47,FEMALE,Barrister's clerk,313533.57,LOW,Micronesia,Nicolechester,VERIFIED,False,False,2025-06-13,INDIVIDUAL,39040.55,47713.47,1,Denmark,UTDU58568917866014
265875d8-c9be-412a-8d8f-6e6424447780,Gina Williams,62,FEMALE,Biomedical engineer,256517.81,MEDIUM,Estonia,Port Josebury,VERIFIED,False,False,2025-10-03,BUSINESS,12642.61,92074.09,2,Mauritius,KPNF89094991680428
5e721508-50e2-4500-b9ab-d8a8dbcc0cbb,Tyler Nelson,37,FEMALE,"Accountant, chartered",144022.07,LOW,Bosnia and Herzegovina,Port Saraborough,VERIFIED,False,False,2022-09-05,INDIVIDUAL,14534.91,38815.49,1,India,OQTU97089357845804
f80a1549-a22c-4acd-8db3-304e6daf4054,Robert Baker,57,MALE,Town planner,78427.17,MEDIUM,New Zealand,Lake Heather,VERIFIED,False,False,2023-05-18,BUSINESS,39953.57,56625.28,4,Egypt,DXUS00045193255306
ea602547-5e8c-4d4f-9e3a-91d1d282863d,Benjamin Gonzalez,23,MALE,Learning disability nurse,1514439.76,LOW,Liberia,Robertbury,PENDING,False,False,2024-08-11,BUSINESS,21501.85,12511.93,2,Gambia,GREM17029334245176
f9b211f0-cfe0-4abe-9e4a-068616275ce0,Lindsay Hill,58,OTHER,"Teacher, special educational needs",1537453.34,HIGH,Angola,North Jamestown,PENDING,False,False,2024-03-07,INDIVIDUAL,4671.38,22348.25,3,Lao People's Democratic Republic,XUGU90320484037883
d67226f8-8ae1-4861-87d8-72927e1d3cf2,Melissa Alexander,50,FEMALE,"Nurse, learning disability",1921417.15,MEDIUM,Haiti,North Kaylee,VERIFIED,False,False,2025-04-20,INDIVIDUAL,24103.93,35920.54,3,Australia,JYHX79277934735683
1564013c-deb0-4f27-83a3-71b63ab57379,Zachary Perez,24,FEMALE,Minerals surveyor,1266950.69,LOW,Tokelau,Johnsonfurt,PENDING,False,False,2024-05-04,INDIVIDUAL,10495.22,55055.53,3,Samoa,VVLM06807781531288
9a540266-402c-4e41-b937-f18db6f4944a,Ryan Scott,32,FEMALE,"Radiographer, therapeutic",1415067.39,HIGH,Israel,South Briana,PENDING,False,False,2025-02-28,BUSINESS,31930.49,89263.29,2,Greenland,OIIW00146799470397
16aeba31-153e-414c-a49a-e1d6f066717f,Mary Holt,34,MALE,"Social research officer, government",320780.3,MEDIUM,Peru,Port Wandachester,PENDING,False,False,2024-10-02,BUSINESS,19489.77,37541.47,1,Zambia,UDSL27623265794059
9443edab-d6d7-4f48-9a9c-c17293a3f0ab,Tommy Coffey,73,FEMALE,Chartered accountant,1506496.94,LOW,Azerbaijan,Jessicamouth,VERIFIED,False,False,2023-02-17,BUSINESS,31378.96,53348.35,1,Belarus,UUCU71582657239683
ffb24692-3593-4f35-9cdc-6d6a7f43d106,Erica Jones,72,FEMALE,Advertising art director,1109756.86,MEDIUM,Ecuador,Port Kylebury,PENDING,False,False,2026-05-07,INDIVIDUAL,8585.56,96002.97,1,Fiji,IMIN42668817349602
32d018cd-3871-4327-a746-81c51ce8afd9,Carrie Powell,77,FEMALE,Television floor manager,1673747.81,HIGH,French Southern Territories,Floydborough,VERIFIED,False,False,2026-06-20,INDIVIDUAL,10329.01,48327.15,2,Wallis and Futuna,NKRR37979145751271
ae26fb4d-8bed-45fc-981a-9e157a490404,Xavier Graham,47,MALE,"Designer, blown glass/stained glass",1451229.06,MEDIUM,Tajikistan,Port James,PENDING,False,False,2026-03-24,BUSINESS,7400.18,21033.07,1,French Guiana,TFBO60157695415893
df2ac08b-541e-4b9f-a630-e52d704b335a,Julie Hughes,44,OTHER,"Engineer, technical sales",1679694.62,LOW,Micronesia,Davisborough,PENDING,False,False,2023-06-07,BUSINESS,16783.29,36601.65,3,Western Sahara,KQCD52915743591062
544ad8e4-bcab-4750-bc8b-65e102aabb0b,Erica Hansen,73,OTHER,"Geneticist, molecular",1042790.15,HIGH,Egypt,East Maria,PENDING,False,False,2021-11-08,INDIVIDUAL,15528.07,47681.83,2,Trinidad and Tobago,GDED27176706933339
b0969326-c340-4d57-862e-67abcceab6e3,Janet Burton,43,OTHER,Trading standards officer,564796.04,LOW,Bhutan,Brandyshire,VERIFIED,False,False,2025-09-19,BUSINESS,37704.66,33904.92,1,Albania,BYAG65454871557620
09729d39-b1f6-48ec-b4df-bf8bf85475ef,Richard Lester,66,FEMALE,Midwife,667858.3,LOW,Moldova,Russoton,PENDING,False,False,2023-03-21,INDIVIDUAL,42895.5,37699.49,1,Tajikistan,EQQX19613670695979
3f63211a-8804-4dc3-869b-78611954ceea,April Conner,83,FEMALE,Stage manager,1970180.56,MEDIUM,Maldives,North Jacquelinestad,PENDING,False,False,2022-12-05,INDIVIDUAL,42700.88,44778.58,4,China,ZDTI71467049791332
2e1875fe-bdbc-497c-8358-b648f63b1df2,Kenneth Moore,53,MALE,Sport and exercise psychologist,1689594.68,LOW,Jamaica,Rebeccashire,PENDING,False,False,2023-04-24,BUSINESS,12130.88,70671.65,2,Dominican Republic,XQDK51428765116869
974d5862-7860-487f-88cf-7c2b7299e619,Caitlin Christian,50,MALE,Mental health nurse,1398748.86,MEDIUM,Denmark,East Matthew,VERIFIED,False,False,2024-08-23,BUSINESS,48199.29,51367.65,2,Switzerland,HZSD39859173203264
7c1fbcff-13a2-489e-8b01-937fd851c5aa,Jessica Patton,33,OTHER,"Accountant, chartered management",511878.24,MEDIUM,Comoros,Kinghaven,VERIFIED,False,False,2024-02-14,INDIVIDUAL,20252.5,94789.16,2,British Virgin Islands,DMHM08627383215075
d7380ba5-4e7a-4931-9cae-fb6ba4729d4c,Christopher Diaz,33,FEMALE,"Geologist, engineering",1979534.66,MEDIUM,Andorra,South Jackstad,PENDING,False,False,2021-12-01,BUSINESS,33327.11,10053.73,4,Iraq,WPXR22178202996692
f24a1764-f9f9-4fb2-b1c2-4ed6e2e4f937,Johnathan Harris,49,OTHER,Medical laboratory scientific officer,1728810.26,MEDIUM,Botswana,Vargasmouth,PENDING,True,False,2022-10-19,INDIVIDUAL,1276.56,79032.88,3,Guyana,XQBV02875797546573
ba0c75ff-c38b-4b7a-8fd4-2d8132438c7c,Colin Lara,57,FEMALE,Emergency planning/management officer,1863544.92,MEDIUM,Georgia,West Scott,PENDING,False,False,2026-03-24,BUSINESS,19908.89,33510.02,1,Vietnam,VGGP74661736021200
1bf2547a-02df-40ea-abe1-3d34d21a6569,Ricardo Day,79,OTHER,Civil Service administrator,1320962.76,LOW,Turkmenistan,Port Paigebury,VERIFIED,False,False,2026-01-20,BUSINESS,19150.82,30011.54,4,Cape Verde,MOPM52109891365274
ccd2d9f1-8abf-4109-ac56-611edb915323,Randall Mcdonald,54,OTHER,Community development worker,739005.4,HIGH,Zimbabwe,Lake Meredith,VERIFIED,False,False,2026-02-11,BUSINESS,39470.54,91958.4,2,Belgium,WJDO88702770219252
62e579b1-a0b1-4d25-bd44-60d5c3f06c3e,Kristi Olson,43,MALE,"Loss adjuster, chartered",193308.47,HIGH,Afghanistan,North Susanport,VERIFIED,False,False,2025-09-09,BUSINESS,2753.04,57518.49,2,Croatia,TIWQ55265638946330
9102ea8f-a0a0-4922-a03f-fc877389ce65,Ethan Thomas,70,OTHER,"Teacher, English as a foreign language",1990276.11,LOW,Cote d'Ivoire,Thomasview,VERIFIED,False,False,2024-05-20,INDIVIDUAL,10080.9,20701.21,1,Peru,LCNE80204450781873
033baaa7-5597-46e8-af6e-b06724c32347,Alison Hicks,86,MALE,"Administrator, local government",649002.44,LOW,Greenland,Frankmouth,PENDING,False,False,2025-12-21,INDIVIDUAL,5708.73,74841.37,3,Canada,RJLX78815414579587
1ee33984-12e5-4d49-91be-13ade593be44,Cassandra Ferrell,81,OTHER,Information officer,501174.02,LOW,Greece,Johnstonfort,PENDING,False,True,2022-02-23,BUSINESS,37828.8,81446.05,2,Luxembourg,JFOW57518269210065
0ad3ccb0-56e2-488d-a882-84c2229b3925,Christopher Smith,57,OTHER,Chief Executive Officer,369773.07,LOW,Tajikistan,Danielburgh,VERIFIED,False,False,2026-02-08,INDIVIDUAL,47646.55,83168.96,3,Haiti,PJKH30010588573507
5ff90e87-bf94-4105-b9c8-cfe1e3f6c9c9,Heidi Johnson,54,MALE,"Engineer, civil (contracting)",1126307.67,MEDIUM,Congo,Walkerstad,PENDING,False,False,2024-11-08,INDIVIDUAL,23280.88,60052.05,1,Luxembourg,AUCB22152436600089
df9225ae-da7e-46d4-9bba-4c1420d06f42,Jeffery Mora,32,MALE,Chemical engineer,48980.08,MEDIUM,Peru,Lake Elizabethside,PENDING,False,False,2023-07-06,BUSINESS,41386.71,43078.45,1,Sudan,OYDO50625780060840
4c05359d-1c5d-4bff-af30-2bd275ad04ac,Sarah Turner,20,MALE,Artist,309562.75,HIGH,Latvia,East Michaelville,PENDING,False,False,2023-09-10,BUSINESS,4916.57,8753.58,2,Svalbard & Jan Mayen Islands,BGXM68782394480670
e1125c4b-6362-4919-a8a4-530a197d5d5f,Jacqueline Lee,66,FEMALE,Insurance underwriter,243955.79,LOW,Bermuda,Michaelburgh,VERIFIED,False,False,2024-10-19,BUSINESS,18220.3,39625.5,1,Greece,UCCP07810354845551
07746822-1eb2-4a0b-a168-9d2b52b2f2e8,Jason Kent,57,OTHER,"Loss adjuster, chartered",1698366.41,HIGH,Zimbabwe,Jamesside,VERIFIED,True,False,2024-11-17,INDIVIDUAL,22502.88,18065.02,1,Chad,BHGH26541174894110
fbea50fa-5191-4353-847b-4723e1117ffa,Amanda Davis,47,FEMALE,"Editor, film/video",1617285.65,LOW,Congo,West Christophershire,PENDING,False,False,2026-03-10,BUSINESS,34685.78,42102.91,4,Cape Verde,TQEK85296709616240
02b3cb18-4c4a-4f24-9419-7fd953379856,Elizabeth Johnson,32,OTHER,Dispensing optician,482286.03,HIGH,Bahrain,West Eric,PENDING,False,False,2022-08-10,BUSINESS,24922.43,53091.73,2,Kiribati,ZLIV93979544141134
d51d908b-3a9c-4daf-8fcd-290040d8971c,Alyssa Brown,34,OTHER,IT technical support officer,1684879.58,LOW,France,Saraview,VERIFIED,False,True,2023-10-23,INDIVIDUAL,33284.76,15148.45,1,Micronesia,PLJF62134581921253
e5657ff0-716e-4aba-bdeb-4230ecee0831,Michelle Cervantes,54,OTHER,Mechanical engineer,1741450.99,LOW,India,West Ashleyborough,PENDING,False,False,2026-01-12,INDIVIDUAL,7679.19,53630.09,3,Djibouti,FQMO35848644615169
77601570-e8ed-4c19-87c6-b413a54a97e5,Larry Wong,89,MALE,Advertising art director,756423.33,LOW,Ghana,Anthonymouth,PENDING,False,False,2023-04-08,BUSINESS,32487.56,79676.89,4,Kyrgyz Republic,AUIC49700809295277
64ed8a58-27ad-42da-89c8-e5d2c79a1516,Linda Mccormick,56,MALE,"Surveyor, hydrographic",764021.37,HIGH,United States of America,East Catherineton,PENDING,False,False,2024-06-02,INDIVIDUAL,22586.63,41967.96,2,Congo,LOXO58040788505678
8b21f77d-4f10-48e5-9999-c112099f4079,Lorraine Salas,21,MALE,Land,217096.19,MEDIUM,Libyan Arab Jamahiriya,New Rhondahaven,PENDING,False,False,2025-08-21,INDIVIDUAL,42894.18,76018.93,3,Saint Pierre and Miquelon,VVDC13840035509185
243e2945-5b87-4c1a-b3d5-691368c11065,Shawn Ware,67,FEMALE,"Nurse, adult",1082379.63,LOW,Svalbard & Jan Mayen Islands,South Michelle,PENDING,True,False,2021-09-21,BUSINESS,35795.47,90357.69,3,Saint Kitts and Nevis,VYLV35942753527432
69e32615-f5d4-49ae-9d81-12ffd4d1a208,Jason Freeman,38,FEMALE,Diplomatic Services operational officer,519907.7,HIGH,Ecuador,North Haley,VERIFIED,False,False,2022-10-31,INDIVIDUAL,519.66,82801.12,1,Saint Kitts and Nevis,ZFUG26080675405631
ac972e2f-a8ca-4490-9394-69b6ed999dbc,Hector Rose,71,FEMALE,"Psychotherapist, dance movement",1635747.22,HIGH,Mauritius,Ericton,PENDING,False,False,2024-03-22,BUSINESS,15672.89,20870.56,4,Portugal,STJA37832631128326
c44bdf95-f00e-4154-a068-0be921f20f03,Lindsey Armstrong,58,OTHER,Freight forwarder,1390479.58,HIGH,Norway,Port Bradberg,PENDING,False,False,2025-06-25,INDIVIDUAL,5914.23,31835.63,3,El Salvador,LLRZ46863471914312
9f601a8b-53b3-45b8-8645-e9c90ef03327,Tara Snow,24,MALE,Prison officer,471720.84,MEDIUM,Nigeria,East Michaelton,PENDING,False,False,2021-11-26,INDIVIDUAL,3430.74,26715.16,3,Northern Mariana Islands,LLRV09367308534642
eb984ee5-a5cc-4820-967a-af0c4e3aeb87,Dr. Brenda Walker,88,OTHER,"Psychologist, sport and exercise",390970.19,HIGH,United States of America,West Annestad,PENDING,False,False,2023-11-27,BUSINESS,9659.56,78430.59,3,Moldova,ZIWI01382402797124
b05bbf29-61e2-4def-8766-14d2f5170d90,Kenneth Meyer,42,OTHER,Careers information officer,1295936.4,LOW,Saint Pierre and Miquelon,Benjaminside,VERIFIED,False,False,2025-12-20,INDIVIDUAL,29751.39,61344.29,2,Tajikistan,EOEC54948438234048
60461055-8a1b-47d7-bdda-6eeca3eba0e1,Catherine Morrison,86,FEMALE,"Engineer, site",1416182.63,HIGH,Nicaragua,Stephaniemouth,VERIFIED,False,True,2025-06-23,BUSINESS,17726.78,24982.04,1,Saint Vincent and the Grenadines,TDNF63413118964759
bc86242b-14e1-4509-b302-5e21f8bfaa52,Michelle Hickman,37,OTHER,"Engineer, petroleum",1966688.9,LOW,Liechtenstein,West Mackenzieside,PENDING,False,False,2022-06-05,INDIVIDUAL,9675.28,55394.1,2,Bangladesh,FURT33331320180354
2337c799-b96b-4020-8325-4d86df47f141,Mitchell Harrison,71,OTHER,Insurance broker,1367128.93,HIGH,Guatemala,Wongstad,PENDING,False,False,2023-08-15,INDIVIDUAL,49934.5,78854.3,4,Georgia,ZIIJ25894267942836
1db7c3d3-72cb-448e-ba0f-cf093f244b1e,Mike Newton,86,FEMALE,Ranger/warden,1692755.88,MEDIUM,Timor-Leste,Williamberg,PENDING,False,False,2024-05-28,BUSINESS,4842.86,85058.66,4,Lithuania,KNGT61895448885835
ebc936c9-6ad3-4d6e-833f-a316a64b12d0,Melissa Walker,57,OTHER,Special effects artist,1936423.6,HIGH,Belize,Crystalburgh,VERIFIED,False,False,2022-11-28,BUSINESS,11688.37,31504.1,2,Sao Tome and Principe,TTSA35543876916849
0b4ea442-eade-4344-a8b5-4f4e8fc51425,Alan Phillips,50,MALE,Proofreader,523062.71,MEDIUM,British Indian Ocean Territory (Chagos Archipelago),West Davidland,VERIFIED,False,False,2026-03-04,BUSINESS,41013.35,26338.98,2,Saint Barthelemy,RFNV14715927577624
2fc96c9b-bfbc-42fd-9169-88c5670fcb71,Alan Phillips,39,FEMALE,Broadcast presenter,1027732.15,MEDIUM,Swaziland,Dawsonhaven,VERIFIED,False,False,2026-04-01,BUSINESS,43614.41,72315.76,1,Eritrea,RIEG55662149953879
9ab55f1e-4f9a-4210-9f14-87c3f7f76427,Robert Ray,57,OTHER,"Designer, fashion/clothing",653359.07,HIGH,Senegal,Lake Frank,VERIFIED,False,False,2026-05-01,BUSINESS,11798.41,77012.06,4,Ireland,ELKH94995281508603
a67aace9-9e52-45ef-aa15-d3f858a966d2,Paul Woods,67,MALE,"Biochemist, clinical",1941345.19,LOW,Saudi Arabia,Aliciaberg,VERIFIED,False,False,2022-07-20,INDIVIDUAL,44629.59,68119.6,3,Nicaragua,IBMU23970817924256
d7de7b52-25f3-4210-a6ea-cac8109a3645,Stephen Nelson,60,MALE,"Research officer, political party",364985.98,LOW,Syrian Arab Republic,North Glenn,PENDING,False,False,2024-12-31,BUSINESS,7885.89,68610.85,1,Estonia,KVKA02943221924687
d1576fe1-4473-4fb6-8495-f62d5b72768c,Beth Gardner,41,OTHER,"Engineer, maintenance",1780452.23,LOW,Ireland,Washingtonberg,PENDING,False,False,2023-03-26,INDIVIDUAL,46266.03,24501.66,3,Paraguay,STIJ58998645765420
84c3810b-1651-4cf5-abee-780f539076d8,Audrey Wright,42,OTHER,"Therapist, art",1839629.66,MEDIUM,Jersey,Maryside,VERIFIED,False,False,2026-05-29,INDIVIDUAL,20159.53,88154.63,3,Sweden,IDNO98972669969450
ed98acc0-cb43-4fa1-a4ec-6d02e543371e,Brian Hurley,64,FEMALE,Corporate treasurer,455059.17,MEDIUM,Iceland,South Thomasview,VERIFIED,False,False,2021-11-14,INDIVIDUAL,2873.33,5701.53,4,Bosnia and Herzegovina,HBOP65441068039162
9c16eb0c-66b7-4046-a291-d40a1adddc4b,Amy Day,42,OTHER,Dancer,1455582.58,LOW,Cook Islands,East David,VERIFIED,False,False,2022-04-30,BUSINESS,20711.96,10063.54,3,Greenland,CJDJ45803877518077
cedd1911-32a8-4dfe-8307-62ee38685061,Grant Morris,54,MALE,"Designer, blown glass/stained glass",1619602.28,MEDIUM,Grenada,Dixonfort,PENDING,False,False,2025-12-05,INDIVIDUAL,15117.24,80891.58,3,New Zealand,UCAG20835266022182
3579caa2-b85a-445e-9772-279e0664ab3e,Sandra Burgess,81,OTHER,Environmental manager,1735212.33,MEDIUM,Switzerland,Michaelmouth,VERIFIED,False,False,2023-11-18,BUSINESS,13111.86,86336.97,1,Netherlands Antilles,PCWP82410827213824
f285761b-f562-480b-b331-370ad5f9b97a,Katherine Lee,73,OTHER,Industrial/product designer,914619.75,LOW,Uzbekistan,New Jefferymouth,PENDING,False,False,2026-02-02,INDIVIDUAL,27249.92,54455.02,1,Antigua and Barbuda,ZGTP79886285634171
55632f6b-117b-4d4f-b231-dc31412a489b,Alex Short,87,OTHER,"Designer, graphic",818300.96,HIGH,Poland,Jasonmouth,PENDING,False,False,2026-04-27,BUSINESS,35498.68,44549.19,1,Sri Lanka,RMJB55096311120453
8cd5cd64-b694-4ea8-bbb4-1ae6553a33ce,Matthew Gallagher,26,MALE,"Designer, graphic",1668663.17,MEDIUM,Niue,Velazquezville,VERIFIED,False,False,2024-09-04,BUSINESS,17117.37,81074.53,2,Ethiopia,ZXVK71806489716897
da36c223-56e2-4c60-9a54-91ec897da4c1,Omar Short,48,OTHER,Architect,1481458.16,HIGH,Central African Republic,Sheltonburgh,PENDING,False,False,2023-01-28,INDIVIDUAL,24230.57,1315.03,2,Malta,CJES99200235023053
e32d376c-ac89-41c9-b3fd-3cdd57befa04,Jennifer Fitzpatrick,43,FEMALE,Broadcast journalist,841126.5,HIGH,Uruguay,Adamsland,VERIFIED,False,False,2024-09-06,BUSINESS,27069.65,95691.25,4,Italy,DCXH49735007540471
37f728b8-d0bd-47f6-a498-418dedfc401b,Deborah Neal,46,OTHER,Theatre manager,1375220.83,HIGH,Uzbekistan,Thomasborough,PENDING,False,False,2023-09-21,BUSINESS,9587.49,33397.71,1,Nicaragua,QUFK38136102012278
fba0b71d-ffad-4009-8b62-ca809e570d0b,Gail French,78,MALE,Ambulance person,502555.82,MEDIUM,Dominican Republic,Wolfeberg,PENDING,False,False,2021-11-07,INDIVIDUAL,42522.12,44629.72,4,Turkey,SXOV86904067686978
cc72d002-31e3-40a1-994d-d16018bfd5be,Christine Riggs,59,OTHER,Ergonomist,96895.57,MEDIUM,Honduras,Heatherland,VERIFIED,False,False,2026-06-10,INDIVIDUAL,40387.02,18200.97,2,Denmark,DVVT77034916324047
8718adcf-35b7-40f5-ac45-4700fed0f17e,Lindsay Edwards,42,MALE,Forest/woodland manager,781211.12,MEDIUM,Mexico,Jamesland,VERIFIED,False,False,2022-10-22,INDIVIDUAL,41495.32,59665.48,3,Turkey,PMBN54217798634253
871ced8d-cd63-4949-90ae-8d65440ac359,David Mullins,70,FEMALE,"Engineer, aeronautical",947600.9,LOW,Taiwan,Michaelhaven,VERIFIED,False,False,2023-04-28,INDIVIDUAL,12078.77,63308.22,1,Western Sahara,MHYS97049559637993
3f417539-2da8-4f08-a251-f6626efe7eba,Shannon Powell,69,FEMALE,"Producer, radio",184222.92,MEDIUM,Saint Pierre and Miquelon,Port Heatherberg,PENDING,False,False,2025-01-15,BUSINESS,14480.08,62159.57,1,Luxembourg,ZOIX75257439022024
c0047b39-6a80-4e49-a453-e30a1066e296,Fred Gray,42,MALE,Careers adviser,1539572.28,HIGH,Hong Kong,Lake Joannland,VERIFIED,False,False,2025-11-19,INDIVIDUAL,47573.45,10110.49,3,Andorra,NYLW44739363339537
47ab19b6-dc14-46de-a065-6680da154aa1,Melissa Hodges,65,FEMALE,Forensic scientist,1619361.71,HIGH,Lebanon,Aaronside,VERIFIED,False,False,2022-10-06,INDIVIDUAL,28020.21,43723.58,3,Mayotte,FOQJ93207391694078
c13cca27-f28a-4561-b589-8fcc694b9726,Tony Johnson,19,MALE,Equality and diversity officer,749795.48,HIGH,British Virgin Islands,Chenfurt,PENDING,False,False,2021-09-19,BUSINESS,17439.21,24435.12,2,French Southern Territories,QDGA05285622963399
978fe43a-f86b-4644-bf3b-c6ec09ea6a04,Ashley Williams,84,MALE,Dance movement psychotherapist,1216842.03,HIGH,Bolivia,Jamiehaven,PENDING,False,False,2025-07-11,INDIVIDUAL,49134.1,76709.84,1,Barbados,SNUX76417359223936
7acefaec-05e5-4281-b0c8-df3d8e4ffa55,John Harris,86,MALE,Exercise physiologist,1151135.62,HIGH,United Arab Emirates,West Johnfurt,VERIFIED,False,False,2025-04-24,BUSINESS,16054.84,19041.34,1,Vietnam,IYTG31219747564293
d7156ac8-a582-48d3-bc5e-1f5089404471,Todd Perez,36,FEMALE,Financial risk analyst,106189.04,MEDIUM,Germany,New Diamondland,VERIFIED,False,False,2024-11-07,BUSINESS,6635.29,50951.45,4,French Southern Territories,SWLD19505601649379
f6617f9b-1d8f-49aa-839c-04cbb4fa9750,Heather Bentley,25,OTHER,Nutritional therapist,1118864.29,HIGH,Serbia,Port Eric,VERIFIED,False,False,2025-04-19,BUSINESS,47709.2,86764.86,3,Slovakia (Slovak Republic),VZZS62636944931941
b484a13e-44e5-4cb5-9f9a-caa2a7828177,Crystal Riley,58,OTHER,Public relations account executive,1755031.92,HIGH,Lao People's Democratic Republic,Lake Jessica,PENDING,False,False,2024-10-25,BUSINESS,1892.72,85214.0,4,Chile,UNXJ42655396122716
2e3b6045-7171-4e8e-898e-1989a11ce9da,Gregory Franco,43,OTHER,Special effects artist,538871.98,MEDIUM,Turkmenistan,New Kellybury,PENDING,False,False,2022-01-21,INDIVIDUAL,10357.14,1667.15,1,Belgium,CFTM57910590281943
ba2573ed-1bf2-41cd-a056-15d6e0707ecc,Richard Ward,85,MALE,Medical technical officer,1042094.19,HIGH,Uzbekistan,Port James,PENDING,False,False,2022-07-29,BUSINESS,3040.91,94142.73,2,China,WDJG92173875090522
c57eae48-e9e6-4a67-babe-9770ba33eaea,Kathryn Brown,63,FEMALE,Advertising art director,593355.51,HIGH,Argentina,Reginaldland,PENDING,False,False,2022-06-10,BUSINESS,46871.71,87959.17,3,Samoa,GSTK90198055899424
ccc1a31c-bc2d-4fee-9b7a-ddb1799fba59,Jessica Brooks,20,FEMALE,Horticultural consultant,454459.23,MEDIUM,Lithuania,Peterstad,VERIFIED,False,False,2023-10-16,BUSINESS,10384.63,73723.37,1,Venezuela,EUNU72050113021562
bbc5f7d6-cf8f-4944-abce-2cfddac6e65a,Peter Bell,49,FEMALE,Geochemist,1706646.95,HIGH,Tonga,North Andrewside,PENDING,False,False,2025-02-07,BUSINESS,42863.52,26159.95,3,Guatemala,AJLJ47694547939240
2ee4cd4e-6cbf-4e3d-950f-7a3ebad7baaa,Michelle Kelly,69,MALE,"Teacher, special educational needs",457083.48,LOW,Spain,South Shaneview,VERIFIED,False,False,2023-04-14,INDIVIDUAL,5656.85,60315.66,2,Tunisia,ENQV81496358354232
746e601a-497a-4759-84bd-fcc0b61b0624,Megan Jackson,48,MALE,Sport and exercise psychologist,580405.41,MEDIUM,Sao Tome and Principe,Trevorside,PENDING,False,False,2025-11-19,INDIVIDUAL,9123.5,23131.78,3,Tokelau,LPKL73211938423491
02a92620-9acf-4255-a5d9-a9fcba566bf7,Marvin Reynolds,66,OTHER,Media buyer,791362.49,MEDIUM,Russian Federation,West Nicole,PENDING,True,False,2023-06-10,BUSINESS,8156.11,95039.25,2,Korea,SELI18753186395886
aaf0a85f-f2de-4059-92ae-9829da564bf1,Christina Morrison,39,MALE,Clinical research associate,1003778.27,MEDIUM,Spain,Lake Michaelfort,VERIFIED,True,False,2023-07-11,BUSINESS,3538.32,77995.31,1,Grenada,LZUS90465762743741
7efaf2e9-e301-4894-9163-c7f470ffdbbe,Kimberly Hansen,25,OTHER,Statistician,1152831.45,MEDIUM,Northern Mariana Islands,Michelleview,PENDING,False,False,2024-03-18,BUSINESS,2790.76,13323.6,2,Iran,WSVJ31949427115560
abb3a1a5-b27b-4986-a732-3a6285643e76,Jenna Garcia,77,FEMALE,"Engineer, manufacturing systems",118139.31,HIGH,Haiti,Chavezborough,VERIFIED,False,False,2023-04-17,INDIVIDUAL,27880.32,18887.31,1,Kazakhstan,OVDI61270524101778
8112affd-24bc-4df8-bbf8-7f6ddd19f30c,Ronald Schroeder,77,OTHER,Sport and exercise psychologist,849827.54,HIGH,French Guiana,New Jacobborough,PENDING,False,False,2022-01-29,INDIVIDUAL,17631.31,36151.11,4,Brunei Darussalam,CSLH52201412216887
001b17ab-7f7d-41f7-b81e-0fdd051e4abb,Jeremy Pitts,20,MALE,"Designer, industrial/product",481876.64,LOW,United States Minor Outlying Islands,Joneshaven,VERIFIED,False,False,2023-01-12,BUSINESS,33653.72,44044.92,4,Andorra,EXHI60233537913924
e265e3dc-ae75-4914-a254-a78c16046199,Martin Gibson,78,MALE,Media buyer,981033.55,MEDIUM,Myanmar,Port Christopher,PENDING,False,False,2026-04-23,INDIVIDUAL,41941.66,89849.8,1,Brazil,HRIY48396138225410
1addac9f-9712-4320-8e1c-e39861779754,Tyler Soto Jr.,70,OTHER,"Social research officer, government",164549.57,MEDIUM,Central African Republic,Port Sharon,VERIFIED,False,False,2022-06-28,INDIVIDUAL,12874.98,65024.42,1,Zimbabwe,VOAN39429558571917
c0bbd58d-439e-4b23-afb2-bf50f4755572,Amber Rivera,86,FEMALE,Geochemist,453473.88,HIGH,Botswana,Kaitlynbury,PENDING,False,False,2022-06-08,INDIVIDUAL,27330.4,16316.79,1,Netherlands Antilles,KJMK36488683187828
8302aa82-a9bf-48cb-8e6d-fa2294c3d478,Paul Luna,60,OTHER,Fisheries officer,260099.42,HIGH,Palau,Nashland,VERIFIED,False,False,2022-03-28,BUSINESS,20019.47,29130.39,2,Nicaragua,TNHZ48715169315551
c4d0ee26-ea06-438e-9334-b7d5efdd78da,Cathy Carson,47,OTHER,Consulting civil engineer,517567.39,MEDIUM,Cote d'Ivoire,Rodriguezfort,VERIFIED,False,False,2021-09-04,INDIVIDUAL,41744.73,90863.72,2,Algeria,GZFY42496633919698
96c5153c-a96c-4294-9e5f-47c8e75644c0,Michael Perez,39,OTHER,"Psychotherapist, dance movement",1437063.13,HIGH,Greece,Millerhaven,VERIFIED,False,False,2023-10-18,BUSINESS,13743.89,2964.32,2,Niue,AXCM13583088662198
839d9145-a638-4a5e-9232-00623d42d84a,Rebecca Perez,48,FEMALE,Horticultural therapist,948913.66,LOW,Greenland,Lake Donna,PENDING,False,False,2022-05-24,BUSINESS,24287.84,30521.2,3,San Marino,JXYC66829850569191
828fdc6f-0756-48d2-ab1b-9dd7a3fbbbe1,Ronald Schroeder,71,MALE,Land,1845598.59,HIGH,Holy See (Vatican City State),North Jeremy,PENDING,False,False,2023-08-30,BUSINESS,23337.86,58905.62,1,Yemen,SMLJ20210888909494
e398dba6-1d2c-4438-8309-8e82c68784cf,Anthony Peterson MD,59,OTHER,"Clinical scientist, histocompatibility and immunogenetics",508701.06,LOW,Palestinian Territory,Grayville,PENDING,False,False,2024-08-25,INDIVIDUAL,23381.82,42660.34,1,El Salvador,TRAL43585553424517
d4d71204-76a7-4850-b863-140800d2b1bb,Jennifer Thompson,45,FEMALE,Music tutor,1632245.24,HIGH,Haiti,West Tyler,VERIFIED,False,False,2022-05-15,BUSINESS,28885.79,56363.59,4,Kyrgyz Republic,VNSO38392429924638
d9d51ef6-2fa5-42af-b537-621eb7eef0e1,Joshua Fernandez,46,OTHER,Warehouse manager,863441.24,MEDIUM,New Caledonia,Tylerchester,VERIFIED,False,False,2022-08-16,INDIVIDUAL,17443.65,44678.24,2,Latvia,EUIN77308601314805
00ed6050-ae54-4c55-b435-419f00ef1ea0,Edward Boyd,63,OTHER,Museum/gallery curator,939203.07,MEDIUM,United Arab Emirates,North Taylor,PENDING,False,False,2023-01-20,BUSINESS,13151.5,86197.71,3,China,MHXO87890716694193
f490c715-5095-4788-a543-bf3a396bc4a6,Joseph Joseph,54,MALE,Statistician,1345343.85,LOW,Guinea,North Ann,VERIFIED,False,False,2025-02-15,INDIVIDUAL,17917.07,78242.5,1,Denmark,VCOM14874040031159
06ee2d5e-768a-40a9-b6ce-f1a132650072,Kelly Edwards,40,OTHER,Barista,766911.72,HIGH,Guatemala,Harrisview,PENDING,False,False,2023-05-10,BUSINESS,33597.39,68450.06,4,Barbados,MLEL81019850005395
b6f64b69-4172-4c03-be94-0556c62d6c2d,Ann Rivera,82,FEMALE,"Conservation officer, nature",1956834.39,MEDIUM,Mauritania,Rebeccaland,PENDING,False,False,2026-03-07,BUSINESS,12438.63,47295.61,4,Bermuda,NTNR59483355872572
fa5e845d-08a7-445a-b55d-64f97aaf8f6c,William Scott,30,MALE,Chief of Staff,1279240.12,MEDIUM,Samoa,South Patricia,PENDING,False,False,2024-12-16,INDIVIDUAL,4281.4,62056.88,2,Romania,DSYO80267535298146
3d88f0d4-8e2b-435e-b3f1-2e313276a172,Derek Mcgee,53,MALE,"Nurse, children's",440151.54,MEDIUM,Puerto Rico,Lake Joshuaside,VERIFIED,False,False,2023-06-14,BUSINESS,6827.37,43742.27,4,Mongolia,DDFB66940148201304
42b61473-b3d9-4eee-a4ad-cc6564814ba4,Jennifer Dalton,89,FEMALE,Science writer,783418.07,HIGH,Eritrea,Wallburgh,PENDING,False,False,2025-06-03,BUSINESS,25352.95,62341.68,3,Portugal,QJSL53652619106891
32ec5146-ff57-46a9-a06a-c9a94de8a914,Melissa Romero,31,MALE,Holiday representative,1331284.71,HIGH,Guyana,Port Michael,VERIFIED,False,False,2024-04-16,BUSINESS,19294.93,70192.83,2,Cayman Islands,SIBW63067290258981
67f36c74-0b7a-4c43-a5f7-b87c5089b61a,Emily Hardy,45,OTHER,Art therapist,867943.36,MEDIUM,Azerbaijan,Lopezland,PENDING,False,False,2026-01-20,INDIVIDUAL,9632.09,13383.94,1,Ethiopia,FWPU48401771367721
ba268ac3-c0b4-4179-82e5-70cff1e134b6,Nicholas Harmon,37,OTHER,International aid/development worker,1516728.09,HIGH,China,Micheleland,PENDING,False,False,2025-05-20,BUSINESS,27284.27,45879.5,3,Saint Lucia,KYCF69444846516430
5913d4f1-5661-46ec-b4e4-ede72d2941a3,David Smith,25,OTHER,"Surveyor, building",592134.08,HIGH,Guam,Amandaville,VERIFIED,False,False,2024-02-25,BUSINESS,4573.02,97481.61,2,Samoa,WUGM01515233958554
5422783b-65db-4bab-bc31-aa0a1b7263bc,Brandi Acevedo,60,OTHER,Proofreader,719902.24,HIGH,Sierra Leone,Morrismouth,VERIFIED,False,False,2025-11-05,INDIVIDUAL,33434.9,28130.33,1,Greenland,XZLU47712723817060
609aff79-26ed-4785-9d11-4a73da9d2f3e,Kathleen Whitehead,62,OTHER,"Designer, interior/spatial",269532.89,MEDIUM,France,West Amanda,PENDING,False,False,2026-01-14,BUSINESS,16941.07,61483.3,3,United Arab Emirates,HLIQ93397878044328
ba8b7c1c-9c54-4004-9b0f-7bbbea10ede0,Kevin Irwin,32,MALE,Film/video editor,1723247.28,HIGH,Western Sahara,Lake Joseph,VERIFIED,False,False,2025-08-03,BUSINESS,40451.83,77178.9,1,British Virgin Islands,LTCY39310289618574
0db60b55-1b84-4885-9739-d023863542e7,Elizabeth Johnson,20,MALE,Charity fundraiser,146798.26,LOW,Saint Vincent and the Grenadines,Lopezmouth,PENDING,False,False,2021-11-05,INDIVIDUAL,36166.75,35832.99,1,French Guiana,ZTBQ23374751468749
0dcea2ac-ee81-4943-94e7-47e5441fc805,Michael Reyes,72,FEMALE,Translator,162280.51,LOW,Saint Martin,Johnsonhaven,VERIFIED,False,False,2021-08-17,INDIVIDUAL,48380.02,77907.91,4,Bangladesh,XEIA68972880057331
71c7f80b-0331-4e1d-84ca-4c33ac066e2a,Michelle Shields,72,MALE,Public affairs consultant,1125883.91,HIGH,Russian Federation,Chapmanborough,PENDING,False,False,2025-07-07,INDIVIDUAL,15687.4,47484.63,4,Central African Republic,BKPC95731666274521
4b2a28c9-f01a-4166-993e-3fcf36dedb53,Matthew Palmer,38,MALE,Archaeologist,456682.9,LOW,Solomon Islands,Villarrealburgh,PENDING,False,False,2023-04-26,BUSINESS,46714.91,95514.8,2,Iceland,SOJZ12989131409040
23666672-3bde-4a12-bb22-2a4ca5f65e65,William Taylor,81,FEMALE,Museum/gallery exhibitions officer,619873.6,LOW,Central African Republic,Debbieside,PENDING,False,False,2026-03-27,INDIVIDUAL,32037.29,56015.7,3,Solomon Islands,KBPO35755604485408
c314affe-49f9-474f-86cc-625c6a0503a5,Alison Wright,24,MALE,Meteorologist,1937100.48,HIGH,Azerbaijan,Hollyview,VERIFIED,False,False,2023-01-25,BUSINESS,38908.83,5148.3,2,Rwanda,IUMK51151107077701
b6428f1a-a7b3-4742-ba08-0176cc065d36,Rachel Maldonado,88,OTHER,Medical physicist,183109.36,LOW,Tanzania,Tamarastad,PENDING,False,False,2024-11-07,INDIVIDUAL,24861.59,77750.9,4,Niger,IWPQ40262493992959
989954c1-3682-40f5-bd98-c54a27267942,Veronica Morgan,36,FEMALE,Health physicist,1263808.78,HIGH,Saint Martin,North Joanburgh,PENDING,False,False,2021-08-27,INDIVIDUAL,14631.23,3841.19,3,Russian Federation,YXYM87702879489285
7e13bba3-d667-4e1d-b07e-6b34a17567b4,Maria Johnson,71,FEMALE,"Engineer, energy",823610.49,MEDIUM,Turkey,Carrieberg,PENDING,False,False,2022-06-23,BUSINESS,31606.88,45356.5,1,Luxembourg,CMES96472796718146
954aa79c-d025-4cef-9503-3a0a055cd8cd,Warren Mcdaniel,41,OTHER,Manufacturing systems engineer,1764440.67,MEDIUM,Palau,Lake Donnaside,VERIFIED,False,False,2024-04-01,INDIVIDUAL,13867.19,52917.69,1,Vietnam,AHLN20984534072131
4b1efb63-29d7-4145-a60d-053dd7a56dfe,Devin Smith,41,FEMALE,Agricultural engineer,33711.8,HIGH,Paraguay,East Andrew,PENDING,False,False,2021-07-27,BUSINESS,13852.22,35039.67,1,Austria,PJCW07907575853442
34aa0198-d246-4d85-aa5a-1e2b62d99996,Jonathan Shannon,57,MALE,Medical sales representative,1627887.26,HIGH,Liberia,Williamton,PENDING,False,False,2026-07-09,INDIVIDUAL,12957.97,66346.98,4,Botswana,JKFF14603191558110
41387b1c-7dec-44b5-8f82-14d3c16226e6,Ronald Werner,70,FEMALE,"Conservator, museum/gallery",1056128.72,MEDIUM,Turkmenistan,Steelehaven,VERIFIED,False,False,2024-04-02,INDIVIDUAL,42451.29,85992.42,2,Singapore,KHRH81290133780921
3ec8a003-2525-4d44-b728-e34f4562f2b2,Taylor Cruz,28,FEMALE,Professor Emeritus,110207.12,LOW,Zambia,Lake Virginia,VERIFIED,False,False,2022-04-09,BUSINESS,41752.55,9538.26,4,Georgia,DAQH40728093960350
66f69979-4a9f-4e7a-baa6-4c6091c52c0d,Robert Crawford,63,MALE,Occupational psychologist,239164.28,MEDIUM,Georgia,Port Valerie,PENDING,False,False,2024-06-13,BUSINESS,11679.93,88415.71,3,Libyan Arab Jamahiriya,RKNI87519899482440
b8c35d0a-f631-439f-bd53-9c75158d6c73,Penny Jackson,28,OTHER,Radio broadcast assistant,424185.09,HIGH,Lao People's Democratic Republic,Morgantown,VERIFIED,False,False,2022-12-03,INDIVIDUAL,38806.4,23341.37,4,India,JSHY29025500101931
5856aefe-46cb-44fd-b728-eb758359ef09,Scott Maddox,33,FEMALE,Fisheries officer,1224770.47,HIGH,Bangladesh,Connieshire,PENDING,False,False,2026-06-28,INDIVIDUAL,40763.89,64947.51,1,Central African Republic,SLBL85168124953464
60729abf-058d-4993-aad3-63325b334465,Jennifer Smith,70,MALE,Town planner,143248.76,HIGH,Poland,West Benjamin,VERIFIED,False,False,2023-02-22,BUSINESS,35412.59,75403.48,3,Fiji,ENYA42373400028205
afbd3131-fbbe-4b90-8706-06833b1fe1b2,Stephanie Parker,33,MALE,Museum education officer,791003.81,LOW,Tuvalu,Port Richardhaven,VERIFIED,False,False,2025-10-14,INDIVIDUAL,34977.37,3325.22,4,Haiti,ISTI98865687662721
20baef6e-db09-4212-a96f-a85fe77bc9f6,Angel Ray,89,OTHER,Advice worker,444677.86,HIGH,Honduras,Deanland,PENDING,False,False,2023-08-23,BUSINESS,13375.11,23608.53,4,France,ACSV60119364002679
c040ec0d-76fa-441b-8b7c-d3e307f26fd1,Bernard Herman,77,OTHER,"Accountant, chartered management",412674.97,HIGH,Oman,New Edward,PENDING,False,False,2022-08-25,BUSINESS,48928.1,62127.18,4,Nepal,VFLA77437866290659
e0c7ee7f-cd7c-4bcb-a835-3ee5e49841c6,John Schwartz,81,FEMALE,"Psychologist, forensic",442388.05,MEDIUM,Ireland,Edwardshire,PENDING,False,False,2024-10-22,BUSINESS,19678.31,68384.69,2,Reunion,UBFE97951064418849
0949432c-cfc5-4165-9139-9bd5d8991f97,Ronald Duran,51,MALE,Agricultural consultant,1870116.71,LOW,Rwanda,Port Michael,PENDING,False,False,2024-06-17,BUSINESS,11625.98,30778.85,1,Malaysia,MXRB16185182513286
ea7474e3-e1bc-423e-ad8a-c3d3056dfb3e,Curtis Mcdonald,70,FEMALE,Occupational psychologist,1785665.33,LOW,Philippines,Carrollport,VERIFIED,False,False,2026-07-22,INDIVIDUAL,26689.09,90864.63,4,Honduras,QDJD55563613398773
5e4c78d7-38ba-4154-825f-55d5e8460eaa,Glen Johnson,20,FEMALE,Architect,665713.31,LOW,United Kingdom,Evelynfurt,VERIFIED,False,False,2024-01-17,INDIVIDUAL,49231.78,83707.69,4,Sweden,RXLI73814388476872
a8bf125e-b82f-4904-917a-417e3b208290,Christine Willis,80,FEMALE,Sport and exercise psychologist,1858903.37,MEDIUM,Maldives,Andersonville,PENDING,False,False,2024-01-31,BUSINESS,21744.12,45822.95,1,El Salvador,VFQQ04761279064454
a2f609f0-e157-47e0-90f1-2e5194e4d0de,Mark Bernard,77,MALE,Warehouse manager,1203560.93,MEDIUM,Puerto Rico,South Courtneyfurt,VERIFIED,False,False,2023-12-07,BUSINESS,3641.1,24359.31,3,Bolivia,AIAC00281652609931
417c51c6-e982-4ac9-ac88-8b4ca9294a96,Shane Stewart,48,FEMALE,Ergonomist,1273748.75,MEDIUM,Guinea-Bissau,Alexanderside,VERIFIED,False,False,2023-09-14,INDIVIDUAL,1215.29,61747.25,2,Morocco,LIDP50595326866996
1b6823a6-a3f3-4a09-ab05-e8b44529a746,Latoya Levy,67,MALE,Animal technologist,1509818.65,MEDIUM,Australia,East Jason,PENDING,False,False,2023-03-21,BUSINESS,12250.8,41909.65,2,Puerto Rico,IEKZ83891954394918
ecc81d8f-f48a-4039-b5ba-e8588abe0b6a,Kathy Nichols,25,FEMALE,Exercise physiologist,1004757.03,LOW,Bouvet Island (Bouvetoya),New Dylanmouth,VERIFIED,False,False,2026-01-28,INDIVIDUAL,44469.23,24804.25,2,Gibraltar,LCCN49972948119221
5b2913d2-b8da-436d-beaf-1054a8b247b5,Lori Skinner,69,MALE,Osteopath,279186.35,HIGH,Tanzania,North Lisa,VERIFIED,False,False,2025-07-18,INDIVIDUAL,48889.19,85320.49,2,Panama,NIRF53882104506399
f2892937-a118-414b-a934-144b77fe2213,Mark Jackson,68,MALE,Gaffer,1089731.45,HIGH,Chad,South Matthewburgh,VERIFIED,False,False,2023-03-19,INDIVIDUAL,47865.41,3692.69,2,Dominican Republic,GGUD88505647666074
8f55b580-c303-4410-b4bc-4ca232e08453,Joseph Douglas,65,MALE,Education administrator,1210569.15,MEDIUM,Fiji,Rachelland,PENDING,False,False,2021-12-26,INDIVIDUAL,31171.58,16917.83,1,Venezuela,CKCP72374912064034
78ddf8b4-c87e-4e61-9e24-7424966b3351,Pamela Henderson,86,OTHER,Statistician,1019055.87,LOW,Guernsey,Hopkinschester,PENDING,False,False,2026-02-06,INDIVIDUAL,13263.15,22479.56,4,Tuvalu,COQN12838252646007
85cdd5fd-dbb4-48ee-ac44-44c01422c7ad,Jonathan Santos,49,OTHER,"Accountant, chartered management",773267.78,MEDIUM,Argentina,Robertchester,PENDING,False,False,2023-07-25,INDIVIDUAL,40441.5,38274.33,3,Slovakia (Slovak Republic),BNCF79877738699884
f5f29405-3da5-4987-9d72-2315a360bd98,Kelly Hoffman,47,OTHER,Research scientist (maths),740920.1,HIGH,Korea,Ryanville,VERIFIED,False,False,2024-08-22,INDIVIDUAL,33532.44,75015.56,2,Paraguay,VUCW37288990663127
e101a07b-3f04-4fdb-bf09-f0809ddec513,Bruce Patton,53,OTHER,Associate Professor,1461634.12,MEDIUM,United States Minor Outlying Islands,Lisahaven,PENDING,False,False,2026-06-20,INDIVIDUAL,2295.23,26825.33,4,Falkland Islands (Malvinas),HOMH38230598837973
73fb480b-1cf7-4fd6-a31e-29e0424f23ae,Allen Rodriguez,79,MALE,"Surveyor, rural practice",348005.64,HIGH,Indonesia,Lowerybury,PENDING,True,False,2025-06-16,INDIVIDUAL,38324.86,61851.25,4,Cook Islands,JNMV02077990883163
43b1be75-1b74-473f-8fac-231f5bda6ed7,Kathryn Freeman,24,FEMALE,Field seismologist,888115.57,MEDIUM,Senegal,West Maureenville,PENDING,False,False,2024-09-16,INDIVIDUAL,11154.21,70421.52,1,Slovakia (Slovak Republic),XUIN65245365869751
a42da2ba-6f52-4b4c-a38b-aa1755982868,Jody Neal,32,MALE,Veterinary surgeon,1189794.54,HIGH,Liechtenstein,Kellyton,VERIFIED,False,False,2022-09-15,BUSINESS,38419.66,49393.97,4,Congo,MAAT17863045570172
521b1297-4fac-42ce-a62b-620109bfa11d,Zachary Roberts,84,OTHER,"Producer, radio",1094924.43,HIGH,Liberia,Lake Susanhaven,PENDING,False,False,2025-09-12,BUSINESS,16382.29,61141.61,2,Kiribati,NZVG97906103562818
73199b0d-11db-4520-ac8e-507494bb4806,Joanne Barry,19,FEMALE,"Scientist, research (life sciences)",972971.44,MEDIUM,Sri Lanka,Jacobtown,PENDING,False,False,2025-02-27,BUSINESS,35990.63,73121.61,1,Estonia,HOJM89987580085419
0412d275-6851-4552-a781-2f76221f5ef0,Michael Barker,50,MALE,Chief Strategy Officer,966078.54,HIGH,Colombia,North Debbie,VERIFIED,False,False,2022-08-28,BUSINESS,20207.02,79386.49,4,Turkey,FPZZ87848929815340
475bdac3-eb17-4cc7-9991-c468686d95d6,Jose Hopkins,34,MALE,Farm manager,48504.44,HIGH,New Zealand,Garyhaven,VERIFIED,False,False,2022-09-02,BUSINESS,1370.7,64794.05,2,Saint Barthelemy,FSJY93906332917620
4de64559-b60f-4606-8a2f-3fb85bb9280d,Laura Powell,60,MALE,Therapeutic radiographer,202636.82,HIGH,Qatar,Angelaview,PENDING,False,False,2022-07-14,INDIVIDUAL,16350.79,87598.57,1,Sierra Leone,BKSE39061443669198
3def3427-1a60-48a2-bea0-c85fe6ec8c68,Chelsea Lowe,84,MALE,"Engineer, agricultural",144348.04,LOW,San Marino,Travisberg,PENDING,False,False,2024-10-26,INDIVIDUAL,48583.34,9645.69,1,Denmark,DNZI85673724144141
40ba6157-0f38-4fc6-be92-2428b1f4c530,Jason Tucker,57,FEMALE,Merchant navy officer,1803200.28,MEDIUM,Denmark,North Toddborough,VERIFIED,False,False,2025-05-20,INDIVIDUAL,13180.81,26738.21,2,Honduras,HMKL20773899419722
977c6324-a789-4adc-8b5b-ea0313a4115b,James Allen,56,MALE,Forest/woodland manager,431927.39,LOW,India,South Amyshire,VERIFIED,False,False,2025-07-02,BUSINESS,9250.35,40653.23,1,Cyprus,IIHB47414589565749
a8c34ded-c85c-4a79-981d-8938e7b584dc,Maxwell Berry DDS,65,MALE,Broadcast journalist,301770.99,MEDIUM,New Caledonia,Lake Jay,PENDING,False,False,2022-06-26,INDIVIDUAL,20318.76,51189.93,1,Turks and Caicos Islands,CHDZ63330150476596
93100d06-5530-4975-8c3c-978f3c9bc570,Theodore Lewis,29,OTHER,Diplomatic Services operational officer,688297.43,HIGH,Ecuador,Petersenfurt,VERIFIED,False,False,2023-01-15,INDIVIDUAL,5758.34,36475.58,2,Cyprus,NYOD67022007180686
20baa6a8-92dd-4f4a-8dd9-0d8a6bb3a441,Brandon Brown,60,MALE,Manufacturing systems engineer,310667.24,LOW,Portugal,Vasquezland,PENDING,False,False,2021-08-06,BUSINESS,22113.26,80874.46,2,Faroe Islands,HFFA01211020015453
cdc2d416-bd2a-4f28-b090-7f98f0df8f17,Jennifer Vance,52,FEMALE,Teaching laboratory technician,1564481.66,LOW,Russian Federation,Stephenview,PENDING,False,False,2023-03-21,BUSINESS,20548.7,88507.58,4,British Virgin Islands,VSZI19706576098913
299c5ed4-3ac6-49cb-bb83-6d3f1890456a,David Thomas,63,FEMALE,"Designer, multimedia",179149.56,MEDIUM,Norfolk Island,Brayberg,VERIFIED,False,False,2023-07-15,BUSINESS,2625.12,63129.32,4,Antigua and Barbuda,QVWX50235490902202
444b33d0-bd9b-4ed9-a0ef-8803506493f4,Karina Fernandez,45,OTHER,Graphic designer,1730911.96,LOW,Northern Mariana Islands,Clintonmouth,PENDING,False,False,2022-03-14,INDIVIDUAL,6986.41,76121.13,4,Libyan Arab Jamahiriya,EOBP07864767363679
5f8c0ebf-5298-4477-9edc-7d5514978ec6,Ashley Lee,73,FEMALE,Press photographer,1235495.16,LOW,Niger,Gallagherhaven,VERIFIED,False,False,2025-03-26,BUSINESS,6562.63,70304.82,2,Philippines,ZBOI67469149221072
30850d3b-5604-46cc-98e8-d0d1dc68c64a,Jennifer Suarez,69,MALE,"Civil engineer, contracting",1927064.83,LOW,French Guiana,Lake Danielleside,PENDING,False,False,2026-04-02,BUSINESS,10630.73,7587.04,4,Nicaragua,VXAA49410694394410
31dd3b3f-f0f2-44ea-81d8-8bde6251c03d,Casey Wolfe,21,FEMALE,Writer,717770.05,MEDIUM,Hong Kong,Amandaland,PENDING,False,False,2022-08-11,BUSINESS,6750.94,17790.68,1,Colombia,UVKW63644114288381
15221016-8245-46fa-b00a-8bef3952ce1a,Benjamin Murray,30,OTHER,Further education lecturer,1118332.25,HIGH,Zimbabwe,Tonyside,VERIFIED,False,False,2026-03-20,INDIVIDUAL,37689.05,89332.84,2,Angola,WZBC02962664295851
c4f9d467-fb9d-46c2-b910-ccc3156e4514,Sean Collins,77,OTHER,Printmaker,1184131.93,LOW,Barbados,Wrightview,VERIFIED,False,False,2023-06-03,INDIVIDUAL,26111.61,24996.83,4,Heard Island and McDonald Islands,VRLP95392413757900
a7b23600-c69b-4e98-88c8-1e2e6c161b5a,Cheryl Reed,47,MALE,Professor Emeritus,1712720.89,LOW,Netherlands,Zacharyburgh,PENDING,False,False,2022-11-24,BUSINESS,5054.79,65098.79,4,Venezuela,NKET95683932442788
7a73a118-967b-4db2-a481-8220fe6d597e,Kim Henson,76,OTHER,Optometrist,341340.11,MEDIUM,Fiji,South David,VERIFIED,False,False,2025-06-28,INDIVIDUAL,8158.66,49924.26,1,Malawi,CIVE67895682520138
ca58b021-fb8b-4f5a-8b85-4c704032aeae,Cassandra Cooper,26,FEMALE,Theatre director,1087552.25,LOW,Solomon Islands,South Renee,PENDING,False,False,2024-11-26,BUSINESS,40163.52,25755.89,2,Turkey,SWLG12997297988741
ffbc64f0-4d13-41c3-85ca-b6585b3d1305,Karen Jefferson,87,MALE,Legal executive,39494.56,MEDIUM,Trinidad and Tobago,Lisaton,VERIFIED,False,False,2023-02-20,INDIVIDUAL,14083.89,55634.38,2,Kiribati,NFMR56219518697976
751293b8-9f94-442f-9601-e52222e3f2ad,Joe Hartman,48,OTHER,"Accountant, chartered public finance",1908604.23,HIGH,Saint Barthelemy,North Kathrynburgh,PENDING,False,False,2025-09-16,INDIVIDUAL,41926.73,2075.65,1,Kuwait,HJHQ83568244037570
288571ab-f25e-4c86-b654-b5a50c7d7758,Elizabeth Taylor,55,MALE,Musician,991985.81,HIGH,Palestinian Territory,Port Williamfurt,PENDING,False,False,2024-10-19,BUSINESS,7665.27,75532.42,4,Togo,PHLO40520713124489
ab589603-4fba-4442-8a2c-d1c4970ff9db,Brittany Thomas,53,MALE,"Teacher, secondary school",64744.21,LOW,Turkey,Port Jennifer,PENDING,False,False,2022-11-16,BUSINESS,34635.13,55411.47,1,Turkey,BLYP20615961397182
92aa6d6c-87f5-4763-9f57-2ed38b73bfdc,Derek Richards,82,FEMALE,Economist,1064131.61,LOW,Guam,East Tammy,VERIFIED,False,False,2024-07-27,BUSINESS,2902.54,27125.66,1,Trinidad and Tobago,NHZV22191174369809
3e7acac8-d2dc-48c8-b849-3fbd6f336eb3,Kristen Brown,56,OTHER,"Research officer, political party",1152749.55,HIGH,Jordan,Walkerberg,PENDING,False,False,2023-01-22,BUSINESS,5487.41,48305.69,3,United Kingdom,ELKF89701601436827
61a0b641-6967-4d26-8f1b-e9bf6bc4f26e,Michael Martinez,68,MALE,Chief Operating Officer,1264924.49,LOW,United Kingdom,Adamston,VERIFIED,False,False,2022-08-13,INDIVIDUAL,25532.74,36113.8,4,Turks and Caicos Islands,SMPF88124617291674
eb899649-5875-4fdc-8817-15b2b90af885,William Norton,48,OTHER,Higher education lecturer,880736.37,HIGH,Nigeria,East Jenniferberg,VERIFIED,False,False,2023-04-19,BUSINESS,33719.27,34652.63,3,Andorra,DFTD81638107897403
cc6e4573-7f08-4da1-a5d2-3de061c4c561,Jeffrey Lee,56,FEMALE,Product/process development scientist,290100.43,LOW,Mauritius,Port Michael,VERIFIED,False,False,2026-01-03,BUSINESS,20250.02,93184.65,1,Faroe Islands,IMZQ91077680571811
869949f7-a818-437d-8ef8-b8cde954bb36,Nicholas Martinez,56,MALE,Chief Executive Officer,1420511.2,MEDIUM,Turkmenistan,North Stevenmouth,PENDING,False,False,2022-08-04,INDIVIDUAL,26058.31,44142.8,4,Anguilla,BAQY86221193901133
700fa19d-4758-46d5-a1e3-d3f134ca8da9,Patricia Bernard,85,OTHER,Musician,1825978.44,MEDIUM,Turkmenistan,North Nicholasland,VERIFIED,False,False,2025-03-25,BUSINESS,13458.55,75490.27,2,Gabon,NQCP47423070985256
ea9ce6ba-8e8e-46fd-bd95-c485652410d6,Veronica Turner,29,MALE,Careers information officer,145492.31,HIGH,Indonesia,West Tamara,VERIFIED,False,False,2023-11-22,INDIVIDUAL,10085.22,89531.15,3,Kiribati,MLID95046831363712
14f5066b-768c-46ed-9c58-499db637ebf6,Betty Heath,72,MALE,Personnel officer,486363.73,HIGH,Nepal,Ianville,PENDING,False,False,2025-03-14,BUSINESS,9530.53,33657.21,3,Heard Island and McDonald Islands,CQGP58382094076080
0f985693-07a0-47da-8ae9-c70591ad83a2,Amy Frazier,89,MALE,Regulatory affairs officer,896132.56,MEDIUM,Albania,Jessicaborough,PENDING,False,False,2026-07-04,BUSINESS,32493.31,88384.9,1,Papua New Guinea,GGAX71430363307745
30f28db3-5ec3-4448-9e44-4b21a3817404,Kimberly Cruz,23,OTHER,Psychiatrist,136765.66,LOW,Mauritania,North Brandonhaven,VERIFIED,False,False,2025-04-29,BUSINESS,9753.97,18049.44,2,Turks and Caicos Islands,ZDKI39626093932631
7d284955-c82a-4134-8020-524b78efa387,Michael Rivera,45,OTHER,Multimedia specialist,1587991.41,MEDIUM,Sweden,Debraville,PENDING,False,False,2023-04-08,BUSINESS,31971.51,33476.9,1,Kenya,POSX49620048419046
966287f3-59ea-42ae-a7c8-40e4d178a70e,Erica Carlson,24,MALE,"Investment banker, operational",1655832.95,LOW,Mongolia,Lake Randy,PENDING,False,False,2022-01-02,INDIVIDUAL,2197.54,64322.59,1,Germany,JKZK40568124178774
07b72d37-8ef3-4509-afd9-d0495a326d15,James Johnson,56,FEMALE,Scientific laboratory technician,1936848.07,HIGH,Oman,West Sean,PENDING,False,False,2025-09-14,BUSINESS,47121.54,28747.32,2,Northern Mariana Islands,FLFE49916839468746
7e3c75f5-4d05-484d-bd15-a759ce4b82ff,Mary Rogers,34,FEMALE,"Teacher, adult education",702013.72,MEDIUM,Norway,South Cheryl,PENDING,False,False,2024-09-22,INDIVIDUAL,27040.34,19637.65,2,United Arab Emirates,UMIZ72044835815704
c40ab606-95ce-4d5b-83a1-dc6e2717f9a1,Donald Ballard,89,MALE,Charity fundraiser,1519373.55,HIGH,Peru,Christinabury,VERIFIED,False,False,2022-02-04,BUSINESS,39489.03,43357.43,2,Tajikistan,KNGY20403040624704
5908f60b-13b3-4d56-bf92-f8132e26914b,Claudia Smith,32,MALE,Mechanical engineer,1302792.69,LOW,Lao People's Democratic Republic,East Jamesshire,VERIFIED,False,False,2026-07-16,INDIVIDUAL,18375.72,73614.09,4,Tokelau,KZLM32169787112687
9ad65ca1-0bd5-4ee6-8c48-12c58bc055b1,Shawn Bullock,19,MALE,"Librarian, academic",321380.51,LOW,Macao,Silvaside,PENDING,False,False,2022-12-01,BUSINESS,28887.09,93848.22,4,Oman,WXRT95476776287687
eadcf7b1-4835-4086-afd9-6615a41e2cc8,Briana Fuentes,73,OTHER,Medical sales representative,391767.37,HIGH,Mali,Tracyfort,PENDING,False,False,2024-04-09,BUSINESS,43784.57,18798.07,2,Lithuania,HHIM90570436773437
44bc6113-c8b5-4e55-82f5-3c53a957c1b6,Ryan Campbell,34,MALE,Radio producer,1023230.49,LOW,Tuvalu,Jacksonfurt,VERIFIED,False,False,2024-11-21,BUSINESS,8044.53,97725.94,4,Ireland,EZWU00706342460738
9e166c18-c93e-4b57-8b61-a2024a34e709,Deborah Lopez,52,FEMALE,Insurance broker,1176585.6,HIGH,Macao,South Travis,PENDING,False,False,2022-01-03,BUSINESS,41111.45,61565.47,3,Isle of Man,KONZ18836401134081
647c885c-f174-4429-bef0-8585c1e81c20,Crystal Jones,73,OTHER,Phytotherapist,1111204.98,HIGH,United States Virgin Islands,New Jamie,VERIFIED,False,False,2026-03-26,INDIVIDUAL,13741.17,22523.37,4,Bangladesh,AZPV23962329843083
c3422db5-4f10-4629-a2a4-e642777a5863,David Carlson,82,OTHER,Television/film/video producer,813541.14,LOW,Hungary,Tonyaport,PENDING,False,False,2026-04-05,INDIVIDUAL,37011.57,33707.84,2,Mongolia,QFSY17811940564162
36e002b2-5cea-4af1-a315-5982bf415662,Jennifer Hart,57,OTHER,"Therapist, speech and language",942858.79,MEDIUM,Cameroon,Stevenport,VERIFIED,False,False,2023-06-16,BUSINESS,24510.21,25143.04,2,Togo,PGPI06454141301346
93cf95c4-1538-45b5-a277-4f36c826add5,Tammy Lam,41,OTHER,Further education lecturer,337214.56,MEDIUM,Gambia,Port Matthew,VERIFIED,True,True,2024-03-03,BUSINESS,13925.44,75180.22,3,New Zealand,HRFJ03382873017307
d9c38cb2-b65d-41a7-8c5e-577692de6694,Steven Calhoun,28,FEMALE,"Engineer, manufacturing",1239084.01,MEDIUM,French Southern Territories,New Brittneystad,PENDING,False,False,2025-12-26,INDIVIDUAL,43809.18,36825.92,2,Bahrain,KBFA23007294786403
b8b3a3fa-a9f5-4eed-bcf6-390bf539390b,Jorge Martin,74,OTHER,"Buyer, retail",1283853.83,LOW,Greenland,New Teresa,PENDING,False,False,2023-06-30,INDIVIDUAL,31804.57,84786.65,1,Georgia,YZPX55045414550918
ae4dff83-ed2c-4664-9be6-058c6db6ccc7,Kenneth Weeks,52,MALE,English as a second language teacher,758987.02,MEDIUM,Mali,Chandlerbury,VERIFIED,False,False,2023-08-23,INDIVIDUAL,17128.29,6301.83,3,Costa Rica,QARS02056269144192
b3350c01-43a9-40f0-8109-6e6bf5ad8055,Jessica Christensen,51,MALE,IT trainer,1685290.09,MEDIUM,Uganda,Alexisstad,VERIFIED,True,False,2024-03-20,BUSINESS,12065.81,84169.98,1,Namibia,YNCW83995378934105
e5a72a6d-2978-4940-93fd-1e44debd072f,Dr. Jennifer Johnson,51,OTHER,Agricultural engineer,102949.7,HIGH,Ukraine,Lake Christopher,VERIFIED,False,False,2023-01-09,BUSINESS,21250.54,48714.88,4,Jordan,ZLVC76812633767351
0a450a81-f42c-4030-8686-edfb50f7df35,Nicole Taylor,56,FEMALE,Database administrator,1354638.91,LOW,Albania,West Ann,PENDING,False,False,2023-10-08,INDIVIDUAL,31425.8,88386.77,1,Vanuatu,JBEF98268994577560
190572c4-561e-471e-bf03-a5330cafefc2,Christian Odom,43,OTHER,Primary school teacher,1971331.19,MEDIUM,Andorra,Erintown,VERIFIED,False,False,2024-08-31,INDIVIDUAL,15418.5,84738.96,1,Kyrgyz Republic,XBSA16027197016095
275eff28-0841-4496-8a5d-260ab86b4e7f,Jenna Delgado,23,FEMALE,"Programmer, systems",994354.27,LOW,Iraq,Justinmouth,PENDING,False,False,2024-02-18,BUSINESS,17948.98,54996.47,2,Liechtenstein,IWIM63518556736127
adb88e22-bce4-4fca-839c-47289c1a965a,Stephanie Wilkerson,80,OTHER,"Engineer, structural",1325691.64,LOW,Saint Barthelemy,Berryport,PENDING,False,False,2024-01-17,BUSINESS,20071.45,71977.98,3,Faroe Islands,ZUUU88295153834421
f71180b6-c14f-44a7-b7cf-a6e3b0b5761d,Samantha Greene,49,OTHER,Medical technical officer,747847.9,HIGH,Cuba,North Jennifertown,VERIFIED,False,False,2022-04-02,INDIVIDUAL,39389.78,81823.29,4,Saudi Arabia,VTNH73094244836024
f65ce9ac-5cf4-4779-8823-e10f200e7e19,John Singh,29,MALE,Quarry manager,1397077.45,LOW,Cayman Islands,North Patriciaview,PENDING,False,False,2024-07-21,BUSINESS,7252.61,48784.24,1,Mali,SIRF44669952264543
620ee49c-9f9a-4bf6-9bc0-5166c49665de,Brittney Smith,86,FEMALE,Dispensing optician,1972481.9,HIGH,Northern Mariana Islands,Scottberg,PENDING,False,False,2023-09-18,INDIVIDUAL,34364.81,18885.28,4,United Kingdom,PEDZ01703383485600
1d8cf31a-00f9-46fe-a1e8-acd4a5f8f79b,Terry Patterson,90,FEMALE,"Engineer, maintenance (IT)",1853203.51,HIGH,Afghanistan,West Meganshire,PENDING,False,False,2025-02-26,BUSINESS,9778.96,2837.81,2,Cameroon,YWWZ61530552306440
19de7d6f-6472-40b8-9186-3b325913b3e5,Janice Melendez,30,MALE,"Engineer, biomedical",1775424.18,LOW,Korea,Port Matthewville,VERIFIED,False,False,2022-12-07,BUSINESS,15630.52,55689.27,1,South Africa,LQIP46762246485839
b1eef04a-0a41-4e3a-9b4c-f07bc096ce4f,Eric Montgomery,67,MALE,Astronomer,463867.9,LOW,Zambia,Port Joanna,PENDING,False,False,2025-10-09,BUSINESS,878.49,74837.97,3,Russian Federation,TZYW45217181971953
741bd9a5-59ca-49ae-9ed8-3e89659a394b,Melissa Rodriguez,45,MALE,Clinical cytogeneticist,718516.66,LOW,North Macedonia,West John,VERIFIED,False,False,2024-03-12,BUSINESS,15796.43,22494.01,4,Angola,BTBP63200357476405
ac47c01d-78e2-4f55-b756-bc2e705aa47c,Robert Young,44,OTHER,"Buyer, industrial",1554847.48,LOW,Tunisia,New John,PENDING,False,False,2022-05-11,INDIVIDUAL,49826.12,23880.29,2,Vanuatu,QBPL41586921007513
7ba715d2-d425-49d4-856f-6c49558cc022,Katrina Hill,22,OTHER,"Engineer, technical sales",940828.34,HIGH,Turks and Caicos Islands,Lake Michael,PENDING,False,False,2024-07-05,INDIVIDUAL,25488.34,42813.54,1,Romania,JPSO27371570256925
e48c57fe-01ee-47be-9745-dff10f174ea3,Robert Garcia,74,OTHER,Secondary school teacher,1319212.2,HIGH,Cameroon,Port Austinchester,VERIFIED,False,False,2022-05-03,BUSINESS,26935.29,72821.6,3,United Kingdom,MPAO82770791292202
a8a75ae2-61e9-4298-b85c-893b19c45122,Kimberly Hernandez,37,OTHER,"Nurse, mental health",439211.29,MEDIUM,Trinidad and Tobago,Priceland,VERIFIED,False,False,2023-12-23,BUSINESS,21781.75,86264.96,3,Yemen,UXIZ96192286092070
f8a4b853-87fc-497e-81aa-f8ca22095119,David King,37,OTHER,Chief Strategy Officer,1498152.56,HIGH,American Samoa,East Barbara,PENDING,False,False,2024-07-04,BUSINESS,44118.23,25939.07,4,Fiji,QAKD54393718856538
63f88864-3e72-4652-b627-113bf6d73e31,Stacey Cochran MD,28,OTHER,"Journalist, broadcasting",891454.49,MEDIUM,Netherlands Antilles,Port Charlesview,VERIFIED,False,False,2023-01-15,BUSINESS,41457.13,86299.0,3,Vietnam,EZFV17943892548442
5b8a3e6f-7b58-49d3-a2c9-158b5cbe17c8,Wendy Parsons,76,FEMALE,Clinical cytogeneticist,1787393.03,LOW,Pakistan,East Deniseberg,VERIFIED,False,False,2025-03-03,INDIVIDUAL,44794.94,21455.68,1,Hungary,XEDL49080243791913
3920b3e6-ef3d-4175-9104-9c5141567b15,Tammy Gardner,72,MALE,Publishing rights manager,735822.41,LOW,Nicaragua,Lindseyview,VERIFIED,False,False,2023-03-31,BUSINESS,29564.99,20395.38,2,Bahamas,OSAI17086935874446
76a956e5-e961-4f07-a3d6-66f9b7f6ac92,Lisa Reilly,64,MALE,"Editor, commissioning",1487454.48,HIGH,Panama,New Kennethborough,VERIFIED,False,False,2026-04-01,BUSINESS,4925.7,59033.88,2,Comoros,IJTA71304832407601
aba0684b-8cdb-4c7a-87b8-1f0bc4e79855,Michael Hill,39,FEMALE,Electronics engineer,671250.81,LOW,Oman,Yorkmouth,PENDING,False,False,2024-10-20,BUSINESS,2229.71,47475.27,3,Honduras,OWCG40812382691853
040fb4ac-a084-471d-a323-828ba68290bf,Benjamin Morales,21,FEMALE,Homeopath,1057032.3,LOW,Guyana,Heathertown,VERIFIED,False,False,2026-01-27,BUSINESS,32558.57,96566.26,1,India,UFSE55512884229408
cb0cd897-471d-4d4e-b9b8-8d36eb142129,Susan Ramirez,31,OTHER,"Therapist, art",228510.56,MEDIUM,Uruguay,South Howard,PENDING,False,False,2026-07-24,INDIVIDUAL,23146.03,34732.14,1,Russian Federation,OOOC18260208747230
4632a58c-de68-445f-ad82-10b41622cd64,Kathleen Andrade,29,MALE,"Teacher, primary school",221661.97,LOW,Saudi Arabia,New Jason,PENDING,False,False,2024-08-24,BUSINESS,3293.16,42765.74,4,Botswana,DHKO05879089475230
7b42ffe4-8618-464e-bd8b-eabbc5655a35,Brett Brown,26,MALE,"Copywriter, advertising",217515.29,MEDIUM,Barbados,Jimport,VERIFIED,False,False,2021-12-25,BUSINESS,33152.41,50334.53,4,United States of America,QLMK12690318592387
4acfab08-cfcd-4a61-a02b-b3edd91c0078,John Green,68,MALE,Licensed conveyancer,588617.7,HIGH,Burundi,Vincentfort,PENDING,False,False,2024-09-03,INDIVIDUAL,5867.34,41475.06,4,Pakistan,ALFD53393109414059
0fc27af4-0b44-4cb6-802a-988f77182dc5,Ronald Montoya,80,OTHER,Tax inspector,734146.73,HIGH,Cambodia,East Bryanchester,VERIFIED,False,False,2026-06-22,INDIVIDUAL,1891.77,89159.88,4,Puerto Rico,QFMY94004333404151
d55d9e99-603c-41ef-9e2b-cfe8aa64d7e5,Nicole Green,36,OTHER,Tourism officer,1099829.01,LOW,French Southern Territories,Port Amandatown,VERIFIED,False,False,2022-07-23,BUSINESS,10907.03,95527.23,4,Belgium,BNFD16450753384194
3c3fd593-24b7-4fe0-badf-a158abfdc356,Michael Wade MD,73,MALE,Music therapist,547047.77,HIGH,Russian Federation,Stevensmouth,VERIFIED,False,False,2024-02-13,BUSINESS,5948.49,79042.36,4,Serbia,FVCC00362327949461
7885e035-cdf5-40af-add1-af12d8f9cc2c,Tonya Johnson,54,MALE,Chief Technology Officer,1536506.86,MEDIUM,Philippines,South Diamond,PENDING,False,False,2024-04-25,BUSINESS,35760.03,13876.26,3,Guinea-Bissau,HMEA59737548403618
e9278b5a-5815-4be2-bbff-f5c929d01ddf,Joshua Little,34,MALE,Archaeologist,1652541.59,HIGH,Western Sahara,Catherinefort,VERIFIED,False,False,2024-03-20,BUSINESS,37733.7,70523.47,1,Angola,SBGU50096804209759
9e55b706-e342-42c6-99d5-faca010ff4f8,Crystal Vaughn,35,OTHER,Clinical biochemist,427761.15,HIGH,Antarctica (the territory South of 60 deg S),Williamsport,PENDING,False,False,2022-07-19,BUSINESS,15704.24,98719.07,1,Mayotte,HIHW96655939489478
4cdeaccf-3bcc-4f9b-95d0-a25fe97137cf,Nicole Jimenez,41,OTHER,Advertising copywriter,1864601.12,HIGH,Afghanistan,North Jessicaburgh,VERIFIED,False,False,2023-02-07,BUSINESS,27166.78,57253.76,3,Iceland,XXJA06584763988233
10be6fbf-c911-4f25-b235-5c9d88a0fba9,Kristen Pierce,68,FEMALE,Animal technologist,264850.35,MEDIUM,Montenegro,Laurabury,PENDING,False,False,2026-07-01,INDIVIDUAL,45137.85,48323.21,3,Saint Pierre and Miquelon,FFHX39150439871914
b9f8a457-8b1e-452f-8f0e-166547d6d315,Sarah Harmon,35,FEMALE,Secondary school teacher,730636.97,HIGH,Guadeloupe,New Laurenside,PENDING,False,False,2022-10-02,INDIVIDUAL,34793.06,50793.57,4,Congo,LQWL05424602932243
c8d06ce1-551c-4391-b9af-8129e7de98fb,Jacqueline Smith,76,FEMALE,Optometrist,784400.99,HIGH,Saint Vincent and the Grenadines,East Sydneytown,VERIFIED,False,False,2023-04-15,BUSINESS,16730.52,97670.24,2,Puerto Rico,NNDR08577621190888
dc9df843-1245-46b2-a02e-1efa49fdfe68,Daniel Harding,53,FEMALE,"Librarian, academic",1558768.61,LOW,Armenia,South Rebekah,VERIFIED,False,False,2024-04-14,BUSINESS,28061.99,81366.44,4,Poland,TMSN11136446471697
1eef0b2e-0077-4baa-981c-0f8f578523fa,Christopher Lester,49,OTHER,Politician's assistant,171315.44,HIGH,Honduras,Saundersstad,VERIFIED,False,False,2026-03-31,INDIVIDUAL,42891.58,29755.68,1,Comoros,RDQY32369102890243
31186c93-756d-4843-ab38-5223c099897d,Katrina Moore,56,FEMALE,Tree surgeon,980010.82,HIGH,Fiji,Lopezburgh,PENDING,False,False,2026-06-11,INDIVIDUAL,40631.77,7813.27,3,Tajikistan,NJHY05732509697443
7786106a-0967-4d60-b5ad-f9fb7479d975,Shannon Deleon,43,MALE,"Programmer, systems",984790.92,LOW,Jordan,Port Nicholasburgh,VERIFIED,True,False,2022-12-12,BUSINESS,21915.37,37150.65,1,Afghanistan,CWMN15847666393491
71b4dcb9-51ae-4772-917f-ea805ceff5d7,Jordan Ingram,21,MALE,"Scientist, audiological",910918.74,MEDIUM,Mali,Lake Brenda,PENDING,False,False,2025-07-01,BUSINESS,12355.09,61930.9,3,Brazil,TDBP61342497961598
4af952d0-9255-477f-9b9b-b0c54a9038fa,Jason Smith,38,OTHER,Clinical cytogeneticist,1979423.56,HIGH,Greenland,Christianfurt,PENDING,False,False,2023-06-20,INDIVIDUAL,11555.18,19178.46,4,Seychelles,DGLK22528453017943
a1ecb9fb-47be-4a52-a387-fcb1c45556c6,Richard Zavala,36,FEMALE,Theatre director,870979.51,MEDIUM,United Arab Emirates,Duarteland,VERIFIED,False,False,2022-11-03,BUSINESS,49136.45,66175.61,3,Jordan,FRSE00267201250576
efe9f8dd-3a98-44c0-b3bc-336039ebf426,Bethany Turner,31,OTHER,Museum/gallery conservator,1028208.05,HIGH,New Caledonia,Lewisside,VERIFIED,False,False,2026-05-31,INDIVIDUAL,40455.53,63580.93,3,China,ZMMV57405693001557
57c23a70-fca6-400e-8a96-357038f8631f,Autumn Carter,43,OTHER,Hotel manager,878831.81,LOW,Montenegro,North Jacobland,VERIFIED,False,False,2023-10-13,BUSINESS,26992.8,5461.38,2,Faroe Islands,FARX96961407238785
266e6064-f2b2-470e-9b1f-31419d65e3f2,Vicki Cole,27,MALE,Technical author,1946541.62,LOW,Comoros,New Joshuaside,VERIFIED,False,False,2022-06-28,BUSINESS,16275.7,97339.85,4,Saint Lucia,KQMV11757441286552
68de6bfe-420f-4ad0-95f1-f3672351bded,Kimberly Morales,49,OTHER,Occupational psychologist,1133834.59,LOW,Russian Federation,West Melissa,PENDING,False,False,2024-06-16,BUSINESS,38462.18,93652.99,3,Korea,HBRV98658783569434
3069a508-3759-4051-bca3-3b5b625643ac,Manuel Ware,27,FEMALE,Paramedic,1957690.6,MEDIUM,Bulgaria,Campbellborough,PENDING,False,False,2024-09-06,BUSINESS,41087.32,38295.67,1,Hungary,XCFL30316841463026
e0c7d8d8-31bd-4761-9cc6-5c3449e69e6c,Stacey Brown,84,OTHER,Veterinary surgeon,1766490.04,MEDIUM,Ecuador,Dillonshire,PENDING,False,False,2023-06-03,BUSINESS,29949.56,37224.25,1,Mozambique,PTWM75319520126580
dac77af0-7f6c-4909-95ce-2a47c657301f,Austin Hill,47,OTHER,Photographer,1450263.55,HIGH,Poland,Melissabury,PENDING,False,False,2024-08-10,BUSINESS,28493.57,31461.13,2,Kyrgyz Republic,ZJWC88668484279810
5349d583-1f51-4ce6-8135-196d3907dd15,Maria Brown,87,MALE,Broadcast presenter,1167503.5,LOW,Rwanda,Desireeshire,VERIFIED,False,False,2021-11-09,INDIVIDUAL,3776.5,82718.84,4,Antarctica (the territory South of 60 deg S),HAJR95723243039364
5ac35266-04e7-4a21-9d37-9d9dd79f6a42,Daniel Meyers,68,OTHER,Clinical psychologist,722224.87,MEDIUM,Canada,Tiffanyborough,VERIFIED,False,False,2026-04-23,INDIVIDUAL,36392.08,81866.37,3,Samoa,CNCQ50006566710271
12159019-d898-4c88-890b-527b0de36f1d,John Spencer,22,MALE,Toxicologist,459452.21,HIGH,Brazil,Wolfemouth,VERIFIED,False,False,2022-05-30,INDIVIDUAL,21821.23,9363.76,1,Myanmar,ZAAQ72573857103205
ac819786-aa1e-4718-8a55-988bb49ead81,Jason Johnson,48,MALE,Financial adviser,1338011.06,MEDIUM,Thailand,West Michael,PENDING,False,False,2022-10-03,BUSINESS,17828.38,53048.95,4,Cyprus,GKDJ20685647389073
349dae51-df27-4766-9f08-ece210e69436,Mr. Paul Santiago,66,MALE,Building services engineer,995824.15,MEDIUM,Palestinian Territory,Bankstown,VERIFIED,False,False,2025-07-18,BUSINESS,46394.94,28738.35,2,Poland,ASQI93428195030518
e34f3f00-c39b-453b-ae82-db6d1c57d88e,Kathleen Gray,88,FEMALE,Animal technologist,50590.19,MEDIUM,Bulgaria,Valerieview,VERIFIED,False,False,2022-05-15,BUSINESS,48382.56,19412.2,4,Macao,UJQN49734784449657
068a336e-03a0-42a1-af44-e5e8fb3b3a76,Scott Valenzuela,77,FEMALE,Manufacturing engineer,427010.87,MEDIUM,Korea,Kevintown,PENDING,False,False,2021-08-17,INDIVIDUAL,8427.8,11915.89,2,Burkina Faso,BUDX91953297217812
73ef92b4-002c-424e-951a-a3a246f85782,Catherine Fowler,62,FEMALE,Environmental manager,272350.04,LOW,Venezuela,Smithchester,VERIFIED,False,False,2022-05-14,BUSINESS,8431.27,9930.67,3,Gibraltar,IXVN30702125154288
f2a26fa0-2562-441c-9e2e-5f77f5ad4542,Larry Peterson,25,FEMALE,"Scientist, physiological",1313865.18,MEDIUM,Isle of Man,Loganbury,PENDING,False,False,2023-11-25,INDIVIDUAL,15591.52,34649.12,2,Saint Vincent and the Grenadines,DZCK80134968542073
d072786f-8da3-46e1-bf50-c1032d131b60,Traci Bryant,79,FEMALE,Secretary/administrator,560372.02,MEDIUM,Togo,Jensenbury,VERIFIED,False,False,2021-10-05,BUSINESS,30651.03,45482.48,2,Finland,TESX03871322298837
e1bcb057-36be-4f8a-832e-37d9268baf20,Christopher Thomas,18,OTHER,Hydrologist,344020.1,HIGH,Lao People's Democratic Republic,East Amyborough,VERIFIED,False,False,2024-11-13,BUSINESS,49167.93,22279.77,3,Sudan,MCQI00778823811733
38ea6421-6c64-4e51-bbe9-31f4bfcece16,Timothy Soto,20,OTHER,Dancer,568655.92,LOW,Brunei Darussalam,West Heatherland,PENDING,False,False,2022-10-23,INDIVIDUAL,40401.83,40445.5,1,Cuba,BZGO48263023056424
8220496b-098a-4216-9199-1233c3538eb7,Michele Jones,69,OTHER,Marine scientist,1031301.69,LOW,Burkina Faso,Mariebury,PENDING,False,False,2024-07-24,INDIVIDUAL,26152.49,93394.63,3,Germany,MQUF29193694660329
e1f64e88-b275-4072-827d-31360cf055a1,Crystal Perez,39,MALE,"Exhibitions officer, museum/gallery",274810.69,HIGH,Cote d'Ivoire,Lake Joseph,PENDING,False,False,2026-03-03,BUSINESS,615.17,2918.71,1,Estonia,WEWH96340505869658
7eb8e518-049d-47e3-969c-f82c21e6c54b,Brooke Goodwin,63,OTHER,IT consultant,1547879.68,MEDIUM,Croatia,West Pamelaview,VERIFIED,False,False,2021-07-31,INDIVIDUAL,40404.32,73983.55,2,Qatar,PIEX51958352032721
155a4df2-57cb-40cb-9482-1ab3cba14346,Kenneth Garcia,82,MALE,Dentist,1004200.33,LOW,Saint Martin,Lake Helenfort,VERIFIED,False,False,2023-06-22,INDIVIDUAL,33035.05,4620.05,1,Guernsey,KQCL21802007559353
cf487650-95a6-4173-a6b0-4d82e609868a,Heather Boyd,69,FEMALE,Sports development officer,376582.49,LOW,Jersey,New Kevin,VERIFIED,False,False,2025-12-07,BUSINESS,13423.7,6916.51,4,Cook Islands,NVTC42982859701694
c737c45b-f090-4cae-a3bc-82aa696c2386,Elizabeth Williams,26,MALE,Planning and development surveyor,1703762.14,MEDIUM,Japan,East Ann,PENDING,False,False,2024-12-11,BUSINESS,43137.34,68884.63,3,Netherlands,OGLC80906042910701
ff3498b8-97fe-42ea-adc7-8842f71be24c,Jeremy Cruz,77,OTHER,"Geologist, engineering",346785.92,HIGH,Bermuda,Alexandriaville,VERIFIED,False,False,2022-12-25,BUSINESS,23038.83,60873.01,2,Tanzania,IMNH88048564872639
81f67627-5830-4b6b-893d-6d75761006b5,William Morgan,21,OTHER,Newspaper journalist,851811.35,MEDIUM,Thailand,Port Catherine,PENDING,True,False,2023-11-09,BUSINESS,28569.89,16874.66,1,Armenia,WYPZ79530741431515
ede4ee00-f868-4bc7-a335-2c38604773b9,Robin Miller,51,MALE,"Surveyor, hydrographic",1273894.63,HIGH,South Africa,Grahamside,VERIFIED,False,False,2025-09-25,INDIVIDUAL,7179.47,14287.13,3,Sweden,ZEKG88635460572420
b069fd38-00d9-417a-a997-b6272681a29f,Shannon Schultz,53,OTHER,Volunteer coordinator,1394179.16,MEDIUM,Benin,West Kimberlyport,PENDING,False,False,2025-03-09,BUSINESS,38709.22,55229.48,4,Chile,NJJE43108341295232
f4d75a4c-698b-4ddb-b360-06e7839fb748,James Gibson,21,OTHER,Theme park manager,65704.97,HIGH,Cyprus,South Thomasside,VERIFIED,False,False,2022-02-25,INDIVIDUAL,25273.3,25135.08,3,South Georgia and the South Sandwich Islands,TLXD89988248906756
0fe8cd37-8bcf-4fc7-aa53-7cc9f4c3d045,Wendy Williams,63,OTHER,Warden/ranger,1514709.97,LOW,Singapore,North Scott,VERIFIED,False,False,2026-03-05,BUSINESS,40716.93,3983.84,4,Czech Republic,MQAZ62817672866433
5129aa24-8e22-4ffe-a177-ddc9d9b04728,Aaron Herrera,21,OTHER,Geochemist,1178023.33,HIGH,Holy See (Vatican City State),Lake Stephanie,PENDING,False,False,2026-03-09,BUSINESS,36343.21,77222.79,1,Lebanon,WAOW25846764065921
bf63cf46-9c57-411f-9304-d95eb86c6bfd,Eric Armstrong,88,FEMALE,Museum/gallery exhibitions officer,678076.63,MEDIUM,Eritrea,Kennethmouth,VERIFIED,False,False,2022-08-26,BUSINESS,26676.78,43570.74,2,Malta,DYPZ49916073757338
fa80ef23-31c8-4d44-946c-6ee575bf2ca1,Casey Allen,85,MALE,Mudlogger,774499.84,MEDIUM,Mauritius,North Timothy,PENDING,False,False,2024-01-02,INDIVIDUAL,32997.04,29919.49,4,Paraguay,IRXF99573067293648
19e65dd3-7e0f-4a95-b765-8712873cb82c,Sarah Peters,87,FEMALE,Media planner,1937529.79,LOW,Liechtenstein,Nicholasfort,PENDING,False,False,2025-07-05,INDIVIDUAL,1418.82,60473.38,4,Algeria,WQFF47140804929528
b0385cc0-aeec-432e-b1a1-3990ea1dd91f,Daniel Turner,51,MALE,"Pharmacist, community",1656715.82,MEDIUM,Mauritania,Santiagofort,PENDING,False,False,2025-05-31,INDIVIDUAL,47866.03,26569.98,2,Tuvalu,RQAT44177684601326
31fcbb5c-aaa1-4026-a0d4-5152bff3200b,Sandra Hanson,79,FEMALE,Sports development officer,165940.54,LOW,Solomon Islands,Adkinston,PENDING,False,False,2023-10-25,BUSINESS,15235.68,39585.28,2,Jordan,CPXE28630936821574
bc0fad5f-2109-4913-8346-68c4cf81e877,Mitchell Garcia,49,OTHER,Immigration officer,1246908.0,LOW,Guinea-Bissau,Thomasmouth,PENDING,False,False,2022-02-18,INDIVIDUAL,46019.26,68634.02,4,United Arab Emirates,XBMH57967752071126
1c7d321c-0bd9-4bf3-ad6e-2fe5a8ab6f85,Melissa Smith,42,OTHER,"Designer, industrial/product",828871.83,HIGH,Vietnam,Webbtown,PENDING,False,False,2025-09-05,INDIVIDUAL,28967.35,47661.17,1,Dominica,MSVT96488936723996
00ef920f-afe1-48fc-84e9-f4237e66313d,Jill Ramirez,66,FEMALE,Chartered loss adjuster,397256.24,MEDIUM,Falkland Islands (Malvinas),North Mauriceville,VERIFIED,True,False,2026-01-25,INDIVIDUAL,49176.63,85585.8,1,Bulgaria,QMSE43659548639316
0875f73e-fd2f-42f7-b910-2290e1246dc1,Jesse Garcia,88,OTHER,Meteorologist,962128.86,LOW,New Zealand,Lake Kimberly,PENDING,False,False,2022-05-11,INDIVIDUAL,1704.02,43507.34,3,Kazakhstan,CIRR17949460810112
fcc4b07a-712f-4e98-ac63-16c7efaa5fc6,Christine Brooks,49,OTHER,Chartered management accountant,751209.07,LOW,Dominican Republic,Lake Maxmouth,VERIFIED,False,False,2022-06-20,INDIVIDUAL,43544.46,7770.3,4,Solomon Islands,HXUH91962022202900
df4e6b4c-a48b-472a-a83f-c62db5b7aec0,Sara Garcia,66,MALE,Product designer,703080.68,HIGH,Austria,Coopermouth,PENDING,False,False,2023-08-12,BUSINESS,29234.2,30427.48,4,Peru,ZCCA42909747810970
ad1c5236-fd77-428c-a90c-dede0fceb5e8,Peter Mccarthy,53,FEMALE,"Pilot, airline",1849605.83,HIGH,Jordan,South Jessicabury,VERIFIED,False,False,2026-02-10,INDIVIDUAL,28484.26,45707.2,2,Aruba,GULE66793171644589
fb20b616-ec45-41f6-ad13-34e4290dee9d,Krystal Conner,33,MALE,"Scientist, clinical (histocompatibility and immunogenetics)",857858.67,LOW,Indonesia,Tuckerton,VERIFIED,False,False,2021-11-01,INDIVIDUAL,45485.19,46988.33,2,Finland,VBPO89142021095011
8ea85e74-dc6b-4b76-9adf-df6fa548c545,Katherine Mays,79,OTHER,English as a second language teacher,1591025.78,LOW,Singapore,Lake Paulview,VERIFIED,False,False,2024-09-28,BUSINESS,536.74,73361.34,4,Mauritius,QLBU66440709859798
547b8b23-3bf8-4a51-ac0c-61785c865af3,Sarah Pope,72,OTHER,"Geologist, engineering",1613234.58,HIGH,Nepal,Hollyland,VERIFIED,False,False,2022-11-09,BUSINESS,40054.75,86984.48,1,Antarctica (the territory South of 60 deg S),TCVB09741043219250
712f41a3-0c05-47ab-86f4-70f59d9c88b2,Gary Hall,52,FEMALE,"Engineer, maintenance",1076398.71,LOW,Korea,Jeffreytown,PENDING,False,False,2026-03-27,INDIVIDUAL,1106.03,37390.57,2,Ireland,ZKZD32194058021571
576f55dd-5f1a-4c1c-a9f2-5c3740c15c51,Sierra Conner,57,FEMALE,Air traffic controller,645232.09,LOW,Madagascar,Alvarezport,VERIFIED,False,False,2022-11-22,BUSINESS,28272.14,34659.88,4,Cameroon,YRCK47410003094287
21387fe0-75fa-4b48-9c56-87272f46651c,Alexander Lee,75,OTHER,Community arts worker,865432.61,LOW,Guyana,New Dennis,VERIFIED,False,False,2025-01-12,INDIVIDUAL,14456.85,30705.16,4,Mexico,YHSW30919479477536
2735fdf0-5e75-443d-9ad3-8f10f343bdb4,Casey Ferguson MD,70,MALE,Glass blower/designer,388950.44,MEDIUM,Faroe Islands,South Maurice,PENDING,False,False,2024-07-07,INDIVIDUAL,35925.04,61848.95,1,Norfolk Island,IADU55903224670471
aaec6fc5-e96f-4da2-8fa0-be6cbb09b60e,Christina Bell,65,FEMALE,Architectural technologist,527674.41,LOW,Croatia,North Alexfort,VERIFIED,False,False,2023-09-15,INDIVIDUAL,14903.22,95080.88,2,Kuwait,LOTA17730981159964
1c4563ce-bf36-476f-a1ad-4149924e5bbd,Katherine Kelly,26,FEMALE,Clinical molecular geneticist,1827074.54,LOW,Cape Verde,Myersville,PENDING,False,False,2026-03-18,INDIVIDUAL,29865.38,9236.9,4,Timor-Leste,JXRU34519308911060
352ef1b0-4100-4839-9ff1-b57796fae5ca,Nicholas Lee,18,MALE,Pharmacologist,35863.18,HIGH,Croatia,Jimenezhaven,PENDING,False,False,2023-05-10,BUSINESS,8116.76,12426.1,3,Mexico,KDWP42490497078511
2262e159-6cfd-4ba4-9453-ee0a5a33f27c,Kimberly Ross,61,OTHER,Restaurant manager,486959.76,HIGH,Cameroon,Reevesfort,PENDING,False,False,2022-11-23,BUSINESS,2195.71,65965.52,3,Mexico,VYBR69053069486332
c8376dbe-b5b3-4671-9dd9-c69e771fb08f,Jeffrey Ramos,78,OTHER,"Administrator, Civil Service",445630.33,LOW,Ukraine,Deborahtown,PENDING,False,False,2023-11-09,INDIVIDUAL,31629.46,62263.15,3,Congo,NJNI55269861521157
75e5e23f-e6f4-487d-820f-37f013709931,Mark Anderson MD,76,MALE,Educational psychologist,1200057.67,LOW,Monaco,Sarahside,PENDING,False,False,2025-09-06,BUSINESS,3070.02,33019.2,4,El Salvador,JCBL54296233778660
7d48a68f-0e6e-4ce3-a98e-3c00d1a4f064,Brandon Tapia,47,FEMALE,Claims inspector/assessor,947557.31,MEDIUM,Mozambique,Port Keithhaven,PENDING,False,False,2024-06-07,BUSINESS,48779.37,65688.82,1,Maldives,RFHI35888711135483
7a8e3298-eeb5-4daa-98c3-6be5232ce456,Christine Grant,31,FEMALE,Geophysicist/field seismologist,108482.24,MEDIUM,Bhutan,Port Markfurt,PENDING,False,False,2021-10-16,BUSINESS,9613.45,95018.67,3,United States of America,MBMU28509019266654
7820146c-e417-47bd-8040-ecc6581ce3a8,Robert Stewart,73,OTHER,Historic buildings inspector/conservation officer,548804.43,MEDIUM,United States Minor Outlying Islands,Sanchezside,PENDING,False,False,2026-05-29,INDIVIDUAL,46017.72,7600.45,2,Honduras,WWFJ00868874083788
78a62b17-42fb-4c97-8c65-d2dcfc646ece,Christopher Wheeler,83,FEMALE,Publishing rights manager,1204362.94,HIGH,Nauru,East Davidburgh,VERIFIED,False,False,2025-11-23,INDIVIDUAL,25253.59,20701.27,3,Taiwan,UZXJ46769903733356
7f25e15c-1c02-4158-b47d-64f80c7d31e3,Allen Thompson,20,FEMALE,Fitness centre manager,1681264.97,LOW,Brunei Darussalam,West Andrewmouth,VERIFIED,False,False,2024-01-10,BUSINESS,7960.64,1094.15,4,Colombia,OPZN84421705046356
8045218e-a772-4849-b4aa-4a4f757744a6,Mrs. Morgan Snyder,68,FEMALE,"Engineer, water",1753444.31,HIGH,Philippines,Alyssaview,VERIFIED,False,False,2025-10-27,BUSINESS,37108.61,62111.28,4,French Guiana,HWXC80582470309808
e1701dbd-b90b-4bed-8ff5-d1f28c5a62fc,Ryan Rodriguez,51,FEMALE,Public librarian,384280.55,LOW,Gibraltar,Johnfurt,PENDING,False,False,2023-09-19,INDIVIDUAL,4285.56,57478.89,1,Tuvalu,EPWO47154047051660
58804e8c-caa6-48c2-b999-f594dc5b6de9,Robert Lawrence,88,OTHER,Homeopath,1224929.63,MEDIUM,Ireland,Port Zachary,PENDING,False,False,2025-04-17,BUSINESS,31459.85,17217.83,4,Georgia,EVRB46734996626426
ca019e16-c875-4521-936b-3b7c87797a7d,Olivia White,34,FEMALE,Financial adviser,619220.34,LOW,Saudi Arabia,South Curtisbury,PENDING,False,False,2022-10-27,BUSINESS,29549.36,98142.46,3,Marshall Islands,NHQM55068997905640
7a598fdb-4f98-4846-bc71-b34d1b6ae2ee,Sally Hill,25,MALE,Outdoor activities/education manager,1088642.75,MEDIUM,Spain,Port Jamieville,VERIFIED,True,False,2025-02-14,INDIVIDUAL,5891.64,19007.92,3,Christmas Island,AKFI27326908605363
3a8ee7a7-c014-410d-98d0-eecac69889ac,Cheryl Brown,35,FEMALE,Commissioning editor,1436813.99,LOW,Niger,Barbaratown,VERIFIED,False,False,2022-09-21,BUSINESS,4225.66,27842.75,1,United Kingdom,UHVQ97591649682765
2e8a24b1-2d35-4b92-a8d1-5ce8b2f19cf4,Jimmy Garcia,39,FEMALE,"Engineer, agricultural",601993.19,HIGH,Gabon,Riveraport,PENDING,False,False,2025-09-15,BUSINESS,3972.13,54332.19,2,Azerbaijan,NAWF55548947144185
b5ac2f71-4b79-4e05-9474-7b6abf236992,Laura Brown,38,OTHER,Patent examiner,570117.33,MEDIUM,Swaziland,East Loganland,PENDING,False,False,2021-11-28,BUSINESS,14163.5,79975.4,3,Swaziland,BFSU07313197399361
2eccebe0-d7ae-4e58-b172-cbe3f8b92ed9,Keith White,21,FEMALE,Meteorologist,842634.96,MEDIUM,Cape Verde,West Jasminport,PENDING,True,False,2025-02-10,INDIVIDUAL,5790.36,51402.5,2,Sierra Leone,RODY91013545760175
2f1ffbcf-a52a-44ab-9b7c-79edcd11634d,Matthew Holmes,28,MALE,Product manager,484707.88,HIGH,Malaysia,Markside,PENDING,False,False,2025-09-27,BUSINESS,5792.0,71522.04,1,Algeria,BIPI19608531314748
9eee7cc9-6ef1-4213-beab-bb35ae67785f,Amanda Newton,88,OTHER,Acupuncturist,1689518.84,MEDIUM,Heard Island and McDonald Islands,Lake Javier,VERIFIED,False,False,2024-08-06,INDIVIDUAL,4825.69,82216.28,1,Turks and Caicos Islands,NPKF81626954374779
7fd86cc4-9fc6-4b2a-99c3-ab9de3f62a6c,Renee Knight,52,OTHER,"Civil engineer, contracting",1623187.71,HIGH,Dominica,South Brianport,PENDING,False,False,2022-09-08,INDIVIDUAL,31068.01,43702.75,1,Bahrain,KYLX35434754290601
b10c83ad-5b88-4438-a189-0f7f5abc71ad,Melissa Villarreal,88,OTHER,"Journalist, broadcasting",1273334.85,MEDIUM,Central African Republic,Jillberg,PENDING,False,False,2025-01-16,INDIVIDUAL,9670.6,15611.07,1,Portugal,VZXU19144178220563
fe964f25-000e-40bc-ae05-c181bcd719c4,Tiffany Anderson,52,MALE,"Designer, furniture",1519269.08,LOW,Maldives,Lake Dianashire,VERIFIED,False,False,2021-10-27,BUSINESS,28432.36,68108.34,1,Uzbekistan,NAFR77562565202095
f1dd059c-3122-4add-94ae-5630704567c5,Vanessa Johnson,73,MALE,Retail banker,1826765.34,MEDIUM,Myanmar,Gonzalezland,VERIFIED,False,False,2024-10-03,BUSINESS,43581.41,76694.27,2,Finland,BRIY80153393843929
1d05b4e5-1fe2-4740-84e2-f23b50ba9477,Samuel Brady,37,FEMALE,Electronics engineer,1666945.39,MEDIUM,Luxembourg,Boydside,PENDING,False,False,2023-05-24,BUSINESS,32554.6,4662.58,3,Iraq,IJXU72092347591301
01f304d1-bfd8-4869-9159-bcd710a409fb,Stephanie Barnes,28,FEMALE,"Restaurant manager, fast food",1246064.51,LOW,Albania,Staceyberg,VERIFIED,False,False,2026-04-12,BUSINESS,26053.09,23285.0,1,Brazil,OUXQ51768797666960
680ec0aa-4251-4080-b53a-e2aab5d813b7,Kelly Bennett,59,MALE,Equality and diversity officer,1961530.82,MEDIUM,Nigeria,Laurenfort,PENDING,False,False,2025-06-10,INDIVIDUAL,6065.54,66045.32,1,Poland,SQYG11200840226652
11edcac3-5199-4c27-b5b4-24fdafb5e763,Mario Barker,43,OTHER,Facilities manager,622803.89,HIGH,Bolivia,Lake Thomas,VERIFIED,False,False,2024-09-17,INDIVIDUAL,31560.72,26219.59,4,France,GWJE43149515882710
98b87456-9ad6-411a-9c3a-ab5b73274c13,Holly Underwood,73,MALE,Financial manager,834813.86,LOW,United Arab Emirates,Johnsonside,VERIFIED,False,False,2025-07-01,INDIVIDUAL,12971.19,88539.72,1,Afghanistan,OHEO52108735991545
95f149eb-5856-49c0-a1b0-a90222bd98d7,Matthew Mcguire,25,MALE,Financial controller,469694.94,LOW,Saudi Arabia,Port Patrick,PENDING,False,False,2024-09-27,BUSINESS,9605.88,47293.96,4,Morocco,SBHS98312099906037
3da24706-0d57-487e-a5ca-052940333285,Robert Powell,29,OTHER,Financial trader,898073.29,MEDIUM,Niger,West Jasonborough,VERIFIED,False,False,2023-07-06,BUSINESS,15545.88,60528.82,1,Aruba,TCMN73190317265628
c10d5547-deb8-4828-9857-d6fc5dd99338,Annette Spears,60,MALE,Information officer,935420.48,HIGH,British Indian Ocean Territory (Chagos Archipelago),Shawnland,PENDING,False,False,2026-01-23,BUSINESS,45243.91,17293.8,4,Guatemala,SWBO53285315315584
98a05d62-ad64-4819-bb02-859f325caade,David Butler MD,22,FEMALE,Dietitian,1419703.72,MEDIUM,Dominican Republic,New Tammy,PENDING,False,False,2026-02-20,INDIVIDUAL,23377.6,81905.33,4,Angola,PFBG82548139754291
63ce01ff-963d-4efd-b3fb-3e507337677a,Emma Ramirez,36,FEMALE,"Psychotherapist, child",1055441.8,MEDIUM,Swaziland,Russellmouth,VERIFIED,False,False,2026-02-22,INDIVIDUAL,48712.41,87844.69,4,Palau,KHDE73448956837910
680f2d57-5eb9-4002-a784-0453cc52aee3,Dustin Miller,36,OTHER,Food technologist,1946423.59,LOW,Ghana,East Melissa,VERIFIED,False,False,2026-06-18,BUSINESS,29789.05,57805.82,2,Bolivia,IJPR52841711697297
a4864155-1ead-4416-86f2-ab04223ada25,Bradley Carter,54,MALE,Passenger transport manager,1656378.06,LOW,Singapore,Davisland,VERIFIED,False,False,2025-08-12,INDIVIDUAL,22715.16,34974.77,4,Iraq,FIUS59437429457587
61795cad-dd7f-46ea-82bc-d8d4dcdbc995,Anthony Pennington,39,FEMALE,Psychiatrist,975915.56,LOW,Iceland,Paynefort,VERIFIED,True,False,2024-04-19,INDIVIDUAL,37586.28,36174.54,2,Reunion,ZSWO42989203508293
5fb34128-9934-41f6-85ce-83a880f3f202,Raymond Werner,50,FEMALE,Cartographer,1993433.71,MEDIUM,Japan,Willismouth,PENDING,False,False,2022-04-22,INDIVIDUAL,30982.17,81447.64,4,Slovenia,MAJH51025691449280
61a536de-c9d5-4291-81d2-a9267ce57591,Theresa Fields,19,FEMALE,"Engineer, materials",1125447.81,MEDIUM,Hong Kong,North Wendyberg,PENDING,False,False,2024-04-15,INDIVIDUAL,23283.08,82738.03,4,Swaziland,IBOF22777056712735
e9384630-9b93-45d3-a73f-84ca37e0021f,Dennis Carpenter,73,FEMALE,"Engineer, control and instrumentation",1577573.83,MEDIUM,Cote d'Ivoire,East Amy,VERIFIED,False,False,2022-07-26,BUSINESS,1147.2,94230.63,4,Qatar,PLII30538228230525
d2912faf-7e64-47dd-bbaa-c5dcbcf052f8,Teresa Griffith,65,FEMALE,Occupational psychologist,312655.44,LOW,New Caledonia,Rachelview,PENDING,False,False,2024-05-18,INDIVIDUAL,6064.91,33471.65,1,Tonga,LCFJ53471456381741
b2cf44b1-17d0-4a82-9230-47b946a9ce65,Timothy Walker,38,OTHER,"Engineer, civil (consulting)",1135815.43,HIGH,Burundi,Daltonville,PENDING,False,False,2025-04-07,BUSINESS,37591.71,1953.15,1,Montserrat,QSGF06323368603318
8483395d-f7bb-4318-b713-46f28eadf090,Christina Moore,89,FEMALE,"Scientist, research (life sciences)",460687.96,LOW,Tonga,North Cindy,VERIFIED,False,False,2023-12-03,INDIVIDUAL,3674.32,90475.43,1,Equatorial Guinea,TNVD16180882477460
41196e7c-0c70-4c23-862f-0b0996204b23,John Olson,61,FEMALE,Charity officer,1342624.46,HIGH,Tokelau,Huntstad,PENDING,False,False,2025-07-21,BUSINESS,8794.86,25542.3,1,Greenland,MSUD90675543855729
b24be153-0b69-4c05-a73c-1f28593cde31,Ross Simpson,39,MALE,Chief Financial Officer,1135892.07,LOW,British Indian Ocean Territory (Chagos Archipelago),Taylormouth,PENDING,False,False,2026-05-09,BUSINESS,1148.44,4500.37,4,French Polynesia,NBCJ21450700800317
dab03ca3-f4e2-4b60-b1ac-33d9e0dbb12f,Matthew Garza,53,MALE,"Psychologist, clinical",727763.27,LOW,Kiribati,Woodshire,VERIFIED,False,False,2023-10-23,INDIVIDUAL,10069.69,78188.49,2,Bahamas,ELZX89105021230531
76bcd337-1a24-446a-bf28-8f1ece114e2c,Ryan Perez,35,OTHER,Audiological scientist,1097272.94,LOW,Mozambique,New Margaretstad,VERIFIED,False,False,2024-05-25,INDIVIDUAL,25198.22,10726.44,1,Russian Federation,NPPM02956485838906
72bdd60e-ebae-4f0f-8ae6-3199e6da3c77,James Morris,66,FEMALE,Paramedic,527144.87,MEDIUM,Jordan,Adamsborough,VERIFIED,False,False,2025-12-24,INDIVIDUAL,13036.96,62269.46,4,Maldives,JSOG02044912952998
5ca0d159-204b-4656-80f6-9f970d0f0cd2,Jeff Ryan,45,FEMALE,Hospital doctor,1751309.85,MEDIUM,Uruguay,Torresview,PENDING,False,False,2022-03-26,BUSINESS,2701.81,25697.93,4,Guyana,EZGZ68401280824887
cb8fd69f-40af-4ef6-9f6c-b265ce6eb719,Gerald Fritz,29,FEMALE,Race relations officer,1612254.65,LOW,Svalbard & Jan Mayen Islands,East Alishaborough,VERIFIED,False,False,2022-01-24,INDIVIDUAL,17951.97,40059.71,3,Switzerland,RXQS24516701021415
cec7cf80-e5ed-41ec-9706-9cedc50e4bc6,Brandy Wilson,21,FEMALE,"Engineer, aeronautical",125310.75,HIGH,Benin,Dorseystad,VERIFIED,False,False,2026-04-30,BUSINESS,2731.84,4047.11,2,Singapore,ZOKI21996296812357
4cdd8837-c620-435f-a9cf-eba5ffbf61a2,Kaitlyn Owens,54,MALE,Risk analyst,1518172.45,HIGH,Western Sahara,Stevenmouth,PENDING,False,False,2023-04-19,INDIVIDUAL,35362.29,15790.72,4,Mongolia,TUVV89790413780278
5a37eed9-ed04-4996-81fa-864e1d4f3a51,Jennifer Lloyd,23,MALE,Biomedical scientist,113050.88,MEDIUM,Bulgaria,Stevenport,PENDING,False,False,2023-05-03,INDIVIDUAL,41540.62,40717.01,3,Slovenia,YFGC00779165640831
deb0a97e-bc6c-4392-a28d-a934bea17eb7,Lindsey Robinson,50,OTHER,Medical laboratory scientific officer,1235719.71,LOW,Mayotte,Lake Bradleyton,VERIFIED,False,False,2026-05-27,INDIVIDUAL,44450.27,65251.86,1,Chad,VWJY72803530765745
1450d4a1-688a-4830-9d4d-5c8f46fce988,Jesus Wolfe,25,OTHER,Network engineer,1926868.16,HIGH,Latvia,Brandonborough,VERIFIED,False,False,2022-12-03,INDIVIDUAL,20308.14,22699.52,2,Senegal,VJFS80073958586494
cc468f91-d783-40b7-a198-6e67f676372d,Danielle Davis,59,FEMALE,Legal executive,680119.9,HIGH,Czech Republic,Grimesstad,PENDING,False,False,2021-10-23,BUSINESS,42766.64,81326.46,1,Faroe Islands,JHOU24134275917963
23bc5947-aac5-4168-83fd-5847f8e11d9d,Albert Wilson,79,OTHER,Police officer,1244050.37,HIGH,South Georgia and the South Sandwich Islands,South Darrell,VERIFIED,False,False,2022-01-07,BUSINESS,19952.82,41804.52,1,United States Virgin Islands,LWYY24560663593865
436ca6e1-c6e5-4a31-b87b-b46f49db688c,Lisa Smith,24,FEMALE,Structural engineer,181767.63,LOW,United States Minor Outlying Islands,Gillhaven,VERIFIED,True,False,2026-02-23,INDIVIDUAL,2640.81,20232.56,3,Samoa,QQJD73654886123086
de1e9718-1ba7-4833-9b86-410a82c63c2e,Bryan Mitchell DDS,31,OTHER,Chartered accountant,1212329.02,HIGH,El Salvador,Huffmouth,VERIFIED,False,False,2023-01-30,INDIVIDUAL,11485.67,92410.08,4,Malawi,LZBY03134146472183
7bda2532-d507-414b-ba29-428418f33cdb,Angela Calderon,81,FEMALE,Psychiatrist,1414860.44,HIGH,United Kingdom,Josephport,VERIFIED,False,False,2025-02-24,INDIVIDUAL,30355.28,19756.55,2,Lithuania,YZIU42773961447695
7d08a119-fc42-4072-8b84-624d283404a5,John Thomas,81,MALE,"Therapist, occupational",872591.86,HIGH,Norfolk Island,Evansstad,VERIFIED,False,False,2025-08-29,BUSINESS,39740.69,63632.67,3,Israel,LVQY76947360649335
862623e4-e230-4b58-9f93-d69c7698fbeb,Alexander Hardy,42,FEMALE,Commissioning editor,506098.25,MEDIUM,Cayman Islands,Simmonsshire,VERIFIED,False,False,2021-11-14,INDIVIDUAL,43730.78,42670.54,1,Liberia,UEYV99497233222369
a0cfd665-2fad-4008-969a-35900e43efd6,Crystal Anthony,24,MALE,"Scientist, product/process development",1894683.51,LOW,Moldova,West Carlosshire,PENDING,False,False,2023-05-26,INDIVIDUAL,17231.06,90372.29,1,Ethiopia,MNTB75307897853299
64873430-9a79-4883-8186-4dbf37f399b3,Annette Phillips,57,MALE,Ophthalmologist,1387940.68,LOW,Namibia,Jenniferview,PENDING,False,False,2024-01-19,BUSINESS,27871.3,42993.97,1,Afghanistan,ICSU01873391373720
94a7dc80-6e87-4588-aad3-120180fd7421,Ryan Martinez,66,MALE,Learning disability nurse,396018.61,MEDIUM,Mayotte,Randallview,VERIFIED,False,False,2023-11-16,INDIVIDUAL,38253.71,20096.76,1,Malawi,ZHNX49604581018088
616acfca-5956-4d73-8966-3ad9a024ee70,Chad Martin,53,FEMALE,Product manager,1128294.92,MEDIUM,Libyan Arab Jamahiriya,West Tonya,VERIFIED,False,False,2025-03-11,INDIVIDUAL,45767.34,9288.39,3,Finland,LVBY25257453191136
db3dd4ee-0c39-4fd0-8724-532723369d80,James Riggs,35,OTHER,"Surveyor, commercial/residential",1425776.04,HIGH,South Africa,Cheyennechester,PENDING,False,False,2021-11-27,INDIVIDUAL,14987.71,99247.77,1,Albania,EZXQ38948117685058
ec781cda-3f9f-4147-a400-3aef4806c0f5,Angela Alexander,21,MALE,"Investment banker, operational",261533.23,MEDIUM,Malawi,Lake Olivia,PENDING,False,False,2022-05-23,BUSINESS,5218.5,13045.1,3,Saint Helena,ONZM86865376327894
1f967e28-8743-4f75-988e-c92ebbd2d929,Krystal Gross,88,MALE,"Restaurant manager, fast food",677447.15,MEDIUM,Reunion,South Christopher,PENDING,False,False,2024-07-23,BUSINESS,49455.15,27955.7,4,Timor-Leste,KSYO61252670654459
36e912ac-af68-43c5-8435-c1de438d4d81,David Smith,45,FEMALE,Television floor manager,1344680.25,HIGH,Ireland,Russelltown,PENDING,False,False,2021-12-03,BUSINESS,31521.02,82615.66,4,Antarctica (the territory South of 60 deg S),SRZN19182143980141
acdb7c3a-768c-4c69-9a01-c96792348162,Austin Russell,47,FEMALE,Mining engineer,1437282.07,LOW,Poland,Davisshire,VERIFIED,False,False,2024-12-28,BUSINESS,32778.72,43263.33,1,South Africa,TSON01100932232230
cf8f851c-b38e-4eeb-b1f0-de5d40e38f8f,Randy Hicks,63,FEMALE,Financial manager,136782.06,MEDIUM,French Polynesia,South Ann,VERIFIED,False,False,2023-05-27,INDIVIDUAL,2882.22,18969.93,2,Botswana,PSUK12293109730046
25667c08-ba93-4150-8cb3-a57c69aa9502,Tammy Phillips,44,MALE,"Engineer, building services",730732.42,HIGH,Lao People's Democratic Republic,New Chelseamouth,PENDING,False,False,2023-04-27,BUSINESS,31792.26,28181.01,3,Antarctica (the territory South of 60 deg S),GTZM45352626595844
6beeaddb-c029-45ea-9ad8-cf2439e981f4,Cassandra Taylor,50,OTHER,Clinical psychologist,754787.82,LOW,Botswana,Montoyamouth,PENDING,False,False,2026-02-21,BUSINESS,42457.23,17040.36,2,Norway,MRHO24816875405522
16a0e109-fea0-463c-9feb-386f73327e81,Frank Perez,39,FEMALE,IT sales professional,643677.03,MEDIUM,Algeria,Johnsonberg,PENDING,False,False,2022-03-29,BUSINESS,45498.21,17804.4,4,Nepal,KTGZ43861651821802
44aea8c3-3ca3-4044-b1fe-6e3430d153c9,David Callahan,87,FEMALE,"Therapist, occupational",1647423.37,MEDIUM,Sierra Leone,West Chloe,PENDING,False,False,2022-04-06,INDIVIDUAL,47669.0,8199.14,2,Haiti,IKBW32656427593178
875521f7-ca33-4349-8e41-a6bdfe95f01f,Amanda Espinoza,26,MALE,Electrical engineer,1654237.17,LOW,India,Katiefurt,PENDING,False,False,2026-03-06,BUSINESS,31985.48,30502.63,2,New Zealand,AYOO46681045055490
98355056-c6e3-416b-94c7-da2e27ad730c,Tyler Kelley,77,OTHER,Quarry manager,888684.1,HIGH,Eritrea,South Meagantown,VERIFIED,False,False,2025-08-13,INDIVIDUAL,37024.08,1254.85,3,Iceland,LDDF60486805024795
9f1afc05-9392-4576-b2c8-3fd6dd22c2a0,Felicia Lopez,51,OTHER,Lobbyist,1807303.86,HIGH,Greenland,East Ashleyburgh,PENDING,True,False,2026-05-01,INDIVIDUAL,4378.04,52232.04,2,French Guiana,YHGC51139662826145
f6cfd395-e56c-4a86-a118-c66c27993e59,Nicholas Wilson,86,OTHER,Operations geologist,1429637.73,HIGH,Saint Vincent and the Grenadines,Stacychester,VERIFIED,False,False,2021-10-24,INDIVIDUAL,25528.92,39638.45,1,Bahamas,DZMQ43581964917296
f08cc2e4-c3ae-46aa-bd24-1e33ee36e8fc,Terrance Black,53,FEMALE,Osteopath,188668.18,MEDIUM,Dominican Republic,Anthonychester,VERIFIED,False,False,2024-10-11,BUSINESS,9775.97,10815.45,4,Cambodia,MOEL81881235071305
7e476e39-0a8a-41ee-9fda-3829c9899218,Jane Hernandez,62,MALE,Gaffer,1712056.82,HIGH,Antigua and Barbuda,Oliviashire,PENDING,False,False,2024-10-23,INDIVIDUAL,11452.76,26888.62,4,Ecuador,RTZU52865101600219
5886e0ce-730a-455d-a71c-fe61beda702b,Michael Trujillo,47,FEMALE,Medical secretary,238629.27,MEDIUM,Palestinian Territory,North Kristyshire,VERIFIED,False,False,2026-05-24,BUSINESS,29778.76,52224.57,2,Dominica,DATM16835919126918
c81f12d1-938c-457f-bab1-73a44569cc21,Michael Harris,82,OTHER,"Psychologist, clinical",330769.31,MEDIUM,Bouvet Island (Bouvetoya),South Gary,PENDING,False,False,2025-10-12,BUSINESS,32651.96,20019.47,3,Belarus,ZSVA07075306970089
d62200a4-89ea-4173-91e3-aa6a29851509,Michael Brown,74,FEMALE,Architectural technologist,1151519.91,MEDIUM,Turks and Caicos Islands,Briggsland,PENDING,False,False,2024-02-05,INDIVIDUAL,24647.4,8303.18,3,Reunion,WIHQ61445833599280
57d94ca6-fc32-47bf-a4d1-db693380c67d,Jason Smith,86,OTHER,"Programmer, applications",31850.08,MEDIUM,Myanmar,Port Michellefurt,VERIFIED,False,False,2022-11-27,BUSINESS,12584.17,95975.87,4,Greenland,ANDY06255146606249
717a40dc-d2bc-49c8-8399-3efebf599567,Rebecca Haynes,31,MALE,Animal nutritionist,680817.53,MEDIUM,Panama,North Sandra,VERIFIED,False,False,2023-02-23,INDIVIDUAL,45730.73,79661.78,4,Bahrain,VPRN57990787438044
c432fa4a-4623-4900-a3e5-659cef5b3387,Allison Newman,33,FEMALE,Financial planner,1311124.96,LOW,Guatemala,Guzmanville,VERIFIED,True,False,2023-07-01,INDIVIDUAL,35750.86,85338.71,3,Christmas Island,YECS13854538969192
1d0536c7-d8f6-4be7-8235-1be7f369d80e,Tina Cuevas,74,FEMALE,Chief Marketing Officer,1521734.76,MEDIUM,Guinea-Bissau,Port David,VERIFIED,False,False,2022-05-30,INDIVIDUAL,31334.8,5810.13,3,Cape Verde,YWYV35828649043620
a7224324-ae76-465c-b7ff-e48227c00e55,Richard Hernandez,22,OTHER,"Scientist, water quality",269983.66,MEDIUM,Haiti,Shelbyburgh,VERIFIED,False,False,2021-10-13,BUSINESS,40933.74,88478.6,1,Monaco,GTIS11304481245660
4190551e-e28e-45aa-963c-e3e9d3e6b68c,Sean Grant,18,FEMALE,"Research officer, trade union",1601153.24,HIGH,Finland,South Jill,PENDING,False,False,2022-01-17,INDIVIDUAL,32177.08,5597.29,3,Venezuela,HQVL95064859672660
b583f61a-e412-4c73-87ae-3ef629372d87,Kyle Higgins,32,FEMALE,Visual merchandiser,261160.54,LOW,Mayotte,North Kristopher,VERIFIED,False,False,2024-01-06,BUSINESS,7358.34,93411.49,2,United Arab Emirates,EAWU54431994494486
76cd77c6-6a47-4ba8-8bc5-6ef1a2ce35fb,Colleen Cohen,69,OTHER,Copy,971595.66,HIGH,Christmas Island,New Krista,PENDING,False,True,2024-03-09,INDIVIDUAL,16404.04,44610.07,3,Mali,ECUY66824221680865
5f162fa2-bead-4cb4-a31f-933051f61747,Todd Francis,57,OTHER,"Administrator, charities/voluntary organisations",1320625.31,LOW,Mongolia,Lake Melanieberg,PENDING,False,False,2023-03-22,INDIVIDUAL,41643.07,80944.32,4,Bahrain,KLXK39816749553641
1ff5c882-1e09-4a0a-a747-c2be7379cf5a,Kurt Mann,41,OTHER,Visual merchandiser,588478.07,HIGH,French Polynesia,North Johnside,VERIFIED,False,False,2025-12-07,BUSINESS,41645.82,7762.77,2,Sudan,BMOF46280503707515
a9284603-27d4-4a68-ac1b-63a80c7b437b,Monique Ellis,38,MALE,Television camera operator,370091.72,HIGH,Nauru,Thomasmouth,VERIFIED,False,False,2022-10-30,INDIVIDUAL,14800.56,65845.01,1,Falkland Islands (Malvinas),PFFA05144492587286
b032a3f6-5fc8-4ee9-a273-4585d80a0ba0,Tiffany Jones,66,MALE,"Nurse, adult",1848851.26,LOW,Bulgaria,Lake Hannahburgh,VERIFIED,False,False,2024-11-22,INDIVIDUAL,7630.92,36307.91,3,Zambia,BFEB39621225723881
543767ba-5679-43ef-b927-dbb04a02c0ab,Heather Sanchez,25,MALE,Architect,1110339.66,MEDIUM,Comoros,Ryanbury,PENDING,False,False,2021-08-08,INDIVIDUAL,17104.95,19143.0,4,Kyrgyz Republic,IORG15368829397815
5aa1197d-3f7f-4a12-baba-6a06bbae4226,Kelly Simpson,24,MALE,Advertising account planner,1228070.71,LOW,Taiwan,Port Jeffrey,PENDING,True,False,2023-11-05,BUSINESS,8593.18,12158.0,2,Nauru,PSRY89350981978543
aaacff9c-452b-44c7-8eb8-9fcb66c86999,William Ford,31,OTHER,"Surveyor, land/geomatics",1213862.51,LOW,Norway,Sheilahaven,PENDING,False,False,2023-11-06,BUSINESS,11238.32,30458.29,1,China,HKPB56869724949303
3420e3a3-5db7-488b-b9b4-74aa46dbbfb7,Julia Clark,57,FEMALE,Air broker,346758.21,MEDIUM,French Southern Territories,Michaelhaven,VERIFIED,False,False,2023-10-11,BUSINESS,10891.42,1260.02,4,Tunisia,HEIA47457806232753
cd306642-0124-49ce-9ab2-f7e02f37406e,Patricia Porter,44,MALE,Archaeologist,699600.93,LOW,Grenada,New Brittanyborough,PENDING,False,False,2022-10-30,INDIVIDUAL,29387.67,65030.02,4,Uzbekistan,MCAN42476252390436
068caf43-129d-4a30-9afc-3669b934eadb,Melissa Jackson,56,OTHER,"Conservation officer, nature",1985680.67,MEDIUM,Georgia,Nicoleport,VERIFIED,False,False,2023-09-26,INDIVIDUAL,42006.9,14327.01,2,Costa Rica,VFLW61236658511546
ff4a3d76-84cb-4a11-8465-10bfbb16cd26,Katelyn Davis,45,FEMALE,Barrister,750880.71,HIGH,Tunisia,Ashleyhaven,VERIFIED,False,False,2023-09-12,BUSINESS,11010.94,91418.55,3,Kazakhstan,LBYD66200797693407
98836143-ee19-4cb8-957b-fff8659c7e73,Katherine Snyder,42,MALE,Audiological scientist,786187.27,MEDIUM,Korea,Shelbyhaven,PENDING,False,False,2024-02-03,BUSINESS,21312.38,16357.15,4,Lao People's Democratic Republic,FVPF63188052719243
2bb692ff-d455-4c6c-93e1-a6ba45ba9afc,Timothy Ho,18,MALE,"Therapist, drama",701328.82,LOW,Armenia,Davischester,PENDING,False,False,2025-05-16,INDIVIDUAL,18570.74,83346.31,3,Argentina,ORVA00157420582804
2c767c3b-2a22-4406-becf-6948f29d9ca6,Courtney Pierce,37,OTHER,Agricultural engineer,946714.24,MEDIUM,Jersey,Meganland,PENDING,False,False,2025-10-17,INDIVIDUAL,29985.74,92158.86,4,Qatar,RWZL45202448096767
10129881-ddc5-4053-83d0-014963af85f2,Jeremiah Gray,65,MALE,"Social research officer, government",1930560.29,LOW,Gabon,South Matthew,VERIFIED,True,False,2022-07-06,BUSINESS,49178.95,26273.66,3,Vietnam,MXTH36312895295825
bb5a3866-f909-4a13-a330-9ac6272f665c,Nicole Blevins,83,OTHER,Futures trader,386087.28,LOW,Taiwan,Collinsland,PENDING,False,False,2023-10-17,INDIVIDUAL,37648.99,60990.78,1,Trinidad and Tobago,HXBT23032936828394
f52c1359-76f7-4fb0-9bb1-a2f4ec6b307a,Taylor Fisher DDS,56,MALE,"Librarian, public",1319997.64,LOW,Holy See (Vatican City State),Port Christianstad,VERIFIED,False,False,2025-10-21,BUSINESS,39541.83,35307.3,3,Guinea-Bissau,DRBI00986578864242
93304955-164a-4ed9-81cd-013077375536,Stacy Jones DVM,78,MALE,Careers adviser,1375698.48,MEDIUM,Belgium,North Russellburgh,PENDING,False,False,2025-04-25,BUSINESS,38720.67,84273.19,4,Saint Barthelemy,PAUA49029917658319
4f943e3b-fdbb-4b39-911f-526b9ba8772c,Henry Sparks,90,MALE,Chief Technology Officer,555254.6,MEDIUM,Marshall Islands,Palmermouth,VERIFIED,False,False,2024-02-10,INDIVIDUAL,42475.32,14548.12,3,Benin,CGJA74135498785436
062962eb-eb21-4010-8d18-6174986b7ad5,Sharon Barnes,90,OTHER,"Teacher, secondary school",1131157.24,HIGH,Germany,Mooremouth,PENDING,False,False,2023-12-25,INDIVIDUAL,40336.42,42516.09,2,Svalbard & Jan Mayen Islands,SVJH16484793021038
246c06e2-076a-4618-a73d-e2648303fd87,Brian Guzman,35,OTHER,Insurance risk surveyor,1362305.82,LOW,Vietnam,West Lisaburgh,VERIFIED,False,False,2024-12-04,BUSINESS,5254.07,68287.74,2,Cyprus,KFBN12104207555984
8480e863-4a6e-444d-ba1d-59a704b34c28,Melissa Frank,66,FEMALE,Forest/woodland manager,328340.47,LOW,El Salvador,Parkschester,VERIFIED,False,False,2023-04-15,INDIVIDUAL,4937.24,47863.58,2,Cayman Islands,FNXA42972542093500
06717508-f3df-4297-8c2c-7693102b92bb,Cody Williams,69,OTHER,Special educational needs teacher,815832.47,HIGH,South Africa,Thomastown,VERIFIED,False,False,2022-10-09,INDIVIDUAL,47988.16,85941.09,2,Sweden,DSHO36394378398432
d63f1214-8dc4-46d7-a2d5-99783df61b9b,Bryan Villa,82,FEMALE,Acupuncturist,847829.62,HIGH,Kuwait,Jessicaside,VERIFIED,False,False,2025-10-24,BUSINESS,9344.71,61406.51,3,Svalbard & Jan Mayen Islands,ZIEK61673082464909
89fe115d-7faa-478e-a3d7-8a4df5ff7131,Emily Berry,30,FEMALE,"Scientist, research (medical)",795940.25,HIGH,Brunei Darussalam,East Lisastad,VERIFIED,False,False,2022-02-12,BUSINESS,17938.74,20068.69,3,Seychelles,GSGA04261999093897
d399d7f7-f6fb-4daa-8587-e410bef470ce,Alicia Baker,88,MALE,Dentist,1451626.77,LOW,United Kingdom,Maryton,PENDING,False,False,2025-05-03,BUSINESS,40678.21,18703.2,4,Somalia,VTBS74025740031578
a78e1b9c-a5a7-490e-ad58-0698b9a25f0f,Sean Patel,89,MALE,Charity officer,640660.06,LOW,Vanuatu,Richardsonhaven,VERIFIED,False,False,2025-05-07,BUSINESS,39088.98,29349.99,1,Saint Helena,PUYJ10597678014813
e4e53e2e-98c4-4b33-a81f-9d9be5bef657,Darlene Odonnell,42,FEMALE,"Therapist, drama",191391.99,HIGH,Switzerland,Rachelville,VERIFIED,False,False,2022-06-13,INDIVIDUAL,19021.81,81966.14,2,Sri Lanka,YCZE02570843344989
2e7010b0-51aa-4848-84a3-9fb60d2d39a7,Michael Herman,47,OTHER,Forensic scientist,1585040.46,MEDIUM,Liechtenstein,Kimberlymouth,VERIFIED,False,False,2025-09-19,BUSINESS,26589.15,77858.42,3,Cape Verde,BYSN70304631370042
a9a9ed91-691d-4113-afb3-7996eacb965d,Christopher Moore,23,FEMALE,Archivist,1021554.39,HIGH,Netherlands Antilles,Chenland,VERIFIED,False,False,2022-01-12,INDIVIDUAL,6435.99,4145.58,4,Luxembourg,PHLQ90084834807940
3e09182b-d84a-45ad-90c4-7313b591061f,Nichole Holder,34,FEMALE,Call centre manager,108686.8,LOW,New Zealand,West Brianburgh,VERIFIED,False,False,2023-02-06,INDIVIDUAL,22347.25,15866.66,3,Australia,HDBZ39088875651257
89fccc6e-eb4b-48a8-8e52-da04f9dea1cb,Anna Smith,76,MALE,Television camera operator,439316.18,LOW,Lao People's Democratic Republic,Jamesbury,VERIFIED,False,False,2025-06-29,BUSINESS,35529.39,61768.36,1,Switzerland,WQBV52879206325735
e06e25ff-6791-4c30-88ca-63cd8329f1a1,Alexander Kelley,43,OTHER,Banker,754060.73,HIGH,Heard Island and McDonald Islands,Port Justinfort,PENDING,False,False,2025-02-05,BUSINESS,7264.12,28790.93,3,Jamaica,YJCD41811811753936
8f15cc64-d806-4bfc-a011-9a79f66412f9,Rebecca Watts,42,MALE,Tree surgeon,1073911.43,HIGH,Aruba,Rosechester,PENDING,False,False,2025-05-06,BUSINESS,29552.53,30565.82,3,Saint Vincent and the Grenadines,SHCA72002116803600
fb0143c7-9ae5-48f1-9fa8-3a055cb677ce,Heather Herrera,72,OTHER,Chief Financial Officer,148317.83,HIGH,Anguilla,New Dorothy,PENDING,False,False,2025-11-03,BUSINESS,11188.35,44147.6,1,Romania,YQQC84775070008211
a779c861-09b4-4e81-905e-cec7a97283e7,Emily Watson,66,OTHER,Transport planner,1247772.62,MEDIUM,Denmark,North Danielle,PENDING,False,False,2022-02-04,INDIVIDUAL,28503.06,44685.41,1,Qatar,NBUF14871333476352
f7c0ac3b-8c1c-407f-bef3-842dcd61a04b,Zachary Odom,23,MALE,Sport and exercise psychologist,1680402.95,HIGH,Myanmar,Kimberlyborough,VERIFIED,True,False,2022-04-23,BUSINESS,40891.12,61588.54,2,Iceland,CHNY53180661096966
e2e87581-c9c6-4bab-9a67-d95c5bc766e2,Julie Harris,48,OTHER,Podiatrist,1375135.82,HIGH,Bouvet Island (Bouvetoya),East Michelle,PENDING,False,False,2022-09-28,INDIVIDUAL,20568.54,27281.73,4,Ukraine,VZNI22611182466008
6c2ebb69-7b88-4833-8e18-de4a954a74bf,Chelsea Sandoval,18,FEMALE,"Embryologist, clinical",587416.01,LOW,Switzerland,West Andreafurt,VERIFIED,False,False,2026-05-20,BUSINESS,39997.68,5893.85,1,North Macedonia,VMDW20927497272395
2a55dde6-d7b2-4a3d-8b56-d450d0eded0e,Joshua Michael,56,FEMALE,"Designer, graphic",1064959.67,LOW,Turks and Caicos Islands,North Brianview,PENDING,False,False,2023-08-22,INDIVIDUAL,29806.42,9554.76,2,Albania,LBGH45664524782417
ce782e13-df95-4bfe-95e7-6e60e8fea198,Daniel Jackson,57,MALE,Freight forwarder,150636.84,MEDIUM,Mayotte,New Shane,PENDING,False,False,2025-12-19,BUSINESS,43402.38,92358.0,1,Cape Verde,TWGD80738569912111
6dd8ab77-9f02-4d14-a8ad-add807571da7,Angela Bentley,60,FEMALE,Chief Financial Officer,74788.06,HIGH,Libyan Arab Jamahiriya,Meganmouth,VERIFIED,False,False,2024-09-06,BUSINESS,43816.82,58506.71,1,Egypt,CLZU04067048391601
eb744580-cd14-43c8-af34-212b2131460c,Jonathan Graham,21,FEMALE,Careers adviser,238745.69,LOW,Australia,Sheilastad,PENDING,False,False,2022-07-17,INDIVIDUAL,27813.84,28853.92,4,Mayotte,HDEE63138075080222
49798bc2-ba49-423f-899b-2390d62b2b87,Richard Watkins,38,MALE,"Engineer, civil (contracting)",1708620.85,HIGH,Singapore,Port Taramouth,PENDING,False,False,2024-10-18,INDIVIDUAL,4895.13,30256.42,3,Nicaragua,TOCE66551146582745
75b0bd53-43bc-4a3f-835a-d01e2e10f17e,Brooke Ford,53,FEMALE,Food technologist,1304149.56,LOW,Burkina Faso,Port Alyssaborough,PENDING,False,False,2026-05-31,BUSINESS,42927.99,74025.76,2,Angola,HYGR95234429997228
144babf1-debb-4dff-86ee-0341455aa4fd,John Hudson,42,FEMALE,Contracting civil engineer,1343270.63,LOW,Iran,Smithmouth,VERIFIED,False,False,2023-03-27,BUSINESS,4143.92,32975.83,1,Tanzania,GKUH91343675665858
f0bfac34-9ae1-4bec-acf5-b210b32057bf,Catherine Wilson,80,FEMALE,"Lecturer, higher education",121944.29,MEDIUM,Isle of Man,West Emilyton,PENDING,False,False,2022-05-24,BUSINESS,12612.46,72769.83,1,Moldova,PNCX58415410425092
ac4b975a-ddf6-43bd-8169-b975c40899bb,William Myers,36,MALE,Fashion designer,639160.89,MEDIUM,Paraguay,North Patrickchester,PENDING,False,False,2025-03-06,BUSINESS,32132.89,41378.4,2,French Guiana,DOHN71513995916214
d5a0df73-a5b0-4041-948d-b21d7f7c9360,Joan Smith,79,OTHER,Community pharmacist,1373229.12,LOW,Reunion,Jeffreyville,VERIFIED,False,False,2025-08-25,BUSINESS,626.89,73364.3,3,Mongolia,SNDH15177463379725
624fd51a-714f-4c62-8a79-f271d78972d2,Katherine Brown,62,OTHER,"Therapist, music",355531.53,LOW,Taiwan,Burnsberg,PENDING,True,False,2024-09-30,BUSINESS,34187.54,27277.91,4,Solomon Islands,CFOD49625456119674
02565522-b1b5-49d7-b2e2-828ec32d7155,Jennifer Strong,55,OTHER,Personal assistant,1343982.46,LOW,Luxembourg,Sandrastad,VERIFIED,False,False,2021-08-28,INDIVIDUAL,28542.53,65931.25,2,Italy,EGHW00567074364606
2e1fe8c4-fe22-4efc-ae77-dabd59d325e8,Kristen Wilson,88,MALE,Ship broker,1425436.14,LOW,Sierra Leone,West Ashlee,VERIFIED,False,False,2022-12-17,BUSINESS,20047.92,43298.92,1,Tajikistan,XPJV02492118551658
cc0da242-533d-4d26-813a-41613ea8431e,Mrs. Sierra Stone,39,FEMALE,Legal secretary,922758.08,MEDIUM,British Indian Ocean Territory (Chagos Archipelago),North Megan,VERIFIED,True,False,2024-10-14,INDIVIDUAL,7493.63,28667.17,4,Ecuador,NQYZ69840382810465
f34d7f81-e6c2-431f-9e1b-54bbb1f51f8a,John Rivera,42,FEMALE,Broadcast journalist,858951.7,HIGH,Nigeria,Wilsonport,PENDING,False,False,2021-12-16,INDIVIDUAL,29803.73,10157.4,3,Gambia,GXIU08821434591323
8d4e8e69-1118-476a-8f9b-8acb65de25fb,William Floyd,20,FEMALE,Health service manager,1008183.45,HIGH,Gambia,Bonnieburgh,PENDING,False,False,2024-09-07,INDIVIDUAL,18068.39,49539.49,2,Cape Verde,TRNC05060846969612
68e4f62f-9367-472a-9c9a-52c34f4a5074,Candice Price,80,FEMALE,Information systems manager,1348508.31,MEDIUM,Faroe Islands,Brookeborough,PENDING,False,False,2024-10-30,INDIVIDUAL,13345.66,53744.27,3,Saint Helena,MWDV25356418680713
e9d1bdd4-794e-4ea1-bd88-277eb98c1393,Marie Larson,58,MALE,Toxicologist,1559966.38,MEDIUM,Moldova,South Cathy,PENDING,True,False,2023-12-12,INDIVIDUAL,33809.75,98686.53,1,Tokelau,GQGL06861711019322
43c14ab7-7345-4f27-8aed-ba54301696d1,Linda Warren,46,MALE,"Nurse, adult",1920320.37,LOW,Norfolk Island,Johnsonborough,VERIFIED,False,False,2025-07-02,BUSINESS,11260.05,4053.25,3,Czech Republic,RHGV33950351086741
04fa458c-05f5-43e0-8217-2e4eab295839,Brooke Campbell,49,FEMALE,Midwife,1246858.64,LOW,Greenland,Ericfurt,PENDING,False,False,2021-12-04,INDIVIDUAL,4853.11,32908.57,3,Svalbard & Jan Mayen Islands,DUUC39443147514099
19dd3557-c483-48a4-8b5e-706ac3542353,Gary Hammond,56,OTHER,Midwife,547361.33,MEDIUM,Monaco,Port Michael,VERIFIED,False,False,2024-03-23,BUSINESS,49001.56,7114.43,4,Greenland,WWVP80943807630224
d34262f8-715e-4ea9-b4c7-70063ac50939,Joseph King,29,MALE,Hotel manager,502290.69,MEDIUM,Venezuela,Stricklandbury,VERIFIED,False,False,2022-02-07,BUSINESS,12684.03,42795.65,1,Belarus,WNEE97974308050903
aa3c2340-7e42-492b-8a22-4cda620909a0,Randy Freeman,76,OTHER,TEFL teacher,98913.95,LOW,Bahamas,East Markfurt,VERIFIED,False,False,2022-01-16,BUSINESS,45947.73,32951.75,1,Seychelles,MXOX95864955563550
44e615fd-941d-424d-9c35-dce8c7032b26,Brianna Clark,65,MALE,"Buyer, industrial",1185032.49,MEDIUM,Latvia,Randymouth,VERIFIED,False,False,2022-01-17,INDIVIDUAL,11838.92,84437.4,1,Timor-Leste,DSCM65618348473683
8f40c2ee-afd6-4fae-b18b-36c919530ef7,Kevin Freeman,27,OTHER,Retail manager,1451074.4,HIGH,Central African Republic,East Carla,VERIFIED,False,False,2021-08-26,INDIVIDUAL,7088.26,24031.14,3,Qatar,PCAV10950299637648
cbee083e-a798-497d-8175-7b13b715a4bd,James Martin,51,OTHER,Commercial art gallery manager,234009.87,MEDIUM,Samoa,Fullertown,PENDING,False,False,2024-03-26,INDIVIDUAL,16816.86,66404.78,3,Guyana,VBBO55413540660752
276aa25d-3523-4b64-a72f-e21824f4a0dc,Shane Alexander,54,OTHER,Herbalist,574666.22,HIGH,Dominican Republic,Port Eric,VERIFIED,False,False,2023-11-29,INDIVIDUAL,20018.04,15564.63,1,Saint Kitts and Nevis,UOXQ54143961074830
f384f147-7156-4656-91b1-d30f167b3a06,Lynn Mcguire,90,MALE,"Engineer, land",1550591.02,MEDIUM,United Arab Emirates,New Douglasview,VERIFIED,False,False,2022-02-26,INDIVIDUAL,30440.69,62525.32,3,Nicaragua,MTKM20005714450353
54ba6b85-0fee-4469-bd26-d3d46cd7afb9,Jasmine Grant,63,FEMALE,Hospital pharmacist,1616655.67,MEDIUM,Togo,New Allison,PENDING,False,False,2022-03-22,INDIVIDUAL,12763.79,42063.63,4,Moldova,WMRV42407196889015
202f7644-4981-40fb-b8e0-d338d788555a,Kevin Woods,49,OTHER,Theatre manager,1908945.88,MEDIUM,Gabon,Port Jennifer,PENDING,False,False,2023-10-11,INDIVIDUAL,43723.05,64954.16,2,Netherlands,JTPJ35206586752143
f47c76a9-f000-4c77-a085-e551c350bbf9,Jason Smith,28,OTHER,"Engineer, electrical",213822.16,MEDIUM,Swaziland,West Scottside,PENDING,False,False,2022-02-27,BUSINESS,46571.39,64150.23,1,Sao Tome and Principe,EVBN12996582289287
01e8c8fe-c0bf-4f49-aba2-db8751212835,Jimmy Vaughn,57,OTHER,"Psychotherapist, child",938571.34,MEDIUM,Solomon Islands,Arroyoland,PENDING,False,False,2022-03-19,BUSINESS,44997.49,24099.97,4,Djibouti,TSQK06719639845949
02dc77df-d007-4e72-b3eb-842644cb4203,Kelly Hall,44,FEMALE,"Engineer, biomedical",949079.97,MEDIUM,Iraq,North Brianna,PENDING,False,False,2023-03-05,BUSINESS,15974.68,10262.86,4,Portugal,WFQG54468572476256
cfadc39d-28db-4391-9b9f-5fcdc2817c2b,Eduardo Hubbard,53,OTHER,Bonds trader,898583.37,MEDIUM,Austria,South Karina,PENDING,False,False,2025-07-23,BUSINESS,14091.9,97656.13,3,Heard Island and McDonald Islands,BDNA26615109744339
1b0d4f10-2646-482f-806a-3e5ee65ad8a1,Spencer Stanley,53,FEMALE,Insurance claims handler,1286630.72,LOW,Saint Helena,West Thomastown,VERIFIED,False,False,2026-07-18,BUSINESS,15917.7,8340.02,3,Saudi Arabia,VFAV01786392795085
1e94f470-70f9-4452-bf70-426e76998ae6,Timothy Wilson,74,FEMALE,Contracting civil engineer,1109156.74,MEDIUM,Venezuela,Lake Stephanie,VERIFIED,False,False,2024-05-01,BUSINESS,19941.13,43505.7,2,Barbados,FYWE60128766203987
8233b776-714b-40b6-be71-42f0942eb8df,Tommy Schmidt,21,MALE,"Engineer, electronics",1548634.77,HIGH,Iran,South Justin,PENDING,False,False,2022-06-23,BUSINESS,26167.88,92516.99,4,Kiribati,JHHE00563787699885
7bf039cb-da9e-4baa-93a9-266c4137298c,Jason Parker,45,FEMALE,"Teacher, special educational needs",567232.18,LOW,New Zealand,New David,PENDING,False,False,2022-12-01,INDIVIDUAL,4419.26,32528.99,1,Kazakhstan,VOJM18616976217484
1a085d9f-2fb2-44bf-940d-79f3c71592cd,Steven Williams,53,OTHER,Geophysicist/field seismologist,344165.25,LOW,Taiwan,East Nataliebury,VERIFIED,False,False,2024-05-19,BUSINESS,21775.65,91726.14,4,Cayman Islands,NUPG37385501728304
15027c3d-d9ce-4769-aaff-4a870acbb051,Margaret Smith,19,MALE,Chiropractor,721677.0,MEDIUM,Switzerland,Crystalville,PENDING,False,False,2022-11-18,BUSINESS,23460.34,45490.02,4,Hungary,LXSK66125753556730
dd6b7f2a-b0a0-46dc-92a9-0d83ced61ad4,Rebecca Short,77,MALE,"Therapist, art",1650474.62,LOW,Ethiopia,East Samuel,VERIFIED,False,False,2024-12-04,BUSINESS,10643.77,17268.18,2,Latvia,RRRF45734901044990
e881e87a-125c-4899-93ed-452edb13d280,April George,34,OTHER,Applications developer,658986.94,HIGH,Somalia,North Chelsea,PENDING,False,False,2024-02-13,BUSINESS,46048.71,13797.59,3,Belgium,KNAO12983180884751
9a5b737b-4b0f-468d-9fba-a66623b6fda7,Ronald Davis,84,FEMALE,"Surveyor, mining",329964.74,LOW,United States of America,East Justin,VERIFIED,False,False,2024-04-22,INDIVIDUAL,19866.08,24318.3,2,Guadeloupe,XGQL73607893120510
a296214c-346a-44c7-9e3c-55741f9c8423,Pamela Smith,72,FEMALE,Industrial/product designer,1035643.7,LOW,Trinidad and Tobago,West Melissa,VERIFIED,False,False,2023-11-27,BUSINESS,24612.03,60230.12,4,Niue,ONYJ43640556424302
c8487bf7-720a-4fa5-866e-2d36f803075e,Robert Owens,51,MALE,Fitness centre manager,349786.72,MEDIUM,Tanzania,Aguilarfurt,VERIFIED,False,False,2023-02-17,INDIVIDUAL,47079.89,81143.24,2,Croatia,GLGK63153053663880
f82921d8-2b70-4cdc-a85a-db8199e3c22a,Matthew Mclean,78,FEMALE,Architectural technologist,1792006.03,MEDIUM,Italy,South Brian,VERIFIED,False,False,2022-08-04,INDIVIDUAL,9244.95,28754.42,4,Samoa,XUDV67729849111536
c2d59071-0254-49e8-b5a3-a2fde8ebb0e4,Holly Jones,63,FEMALE,"Pilot, airline",1806475.92,MEDIUM,Venezuela,East Brett,VERIFIED,False,False,2026-01-09,BUSINESS,3285.37,10046.57,3,Tonga,KOYN31417786660341
4f5e4e7b-7cb3-44b4-a11d-2b53ed4a7483,Maria Solis,50,FEMALE,Financial trader,1323284.21,HIGH,Hong Kong,Port Rachelstad,VERIFIED,False,False,2022-07-24,BUSINESS,38338.45,73497.66,3,Cuba,VNKK83648931427197
c56e7e23-f775-4ae5-9368-24f93bb31968,Michele Singh,38,OTHER,"Surveyor, insurance",924618.63,MEDIUM,Rwanda,Longtown,VERIFIED,False,False,2023-05-19,INDIVIDUAL,5529.86,2845.25,2,Bahamas,OZBM50661607635171
46b193e3-f7c5-47f7-9571-598cf7e83fa8,Lori Peterson,44,FEMALE,Agricultural consultant,1715764.14,LOW,Belarus,Nashmouth,VERIFIED,False,False,2025-05-06,BUSINESS,24787.17,44976.51,3,Sao Tome and Principe,QDCW70284245723494
70a2eca6-b1da-4e5b-ab00-30a146e9a70b,Jessica Mckee,50,MALE,Clothing/textile technologist,40247.14,HIGH,Cook Islands,Smithview,VERIFIED,False,False,2026-05-03,BUSINESS,7689.71,90771.93,4,Fiji,IVIU44228676756074
08e68871-dd04-4abf-bc7b-9daf408d9c0e,Hannah Cruz,72,MALE,Software engineer,36947.43,MEDIUM,Kuwait,North Laura,PENDING,False,False,2024-03-26,BUSINESS,25567.98,1488.93,3,Kyrgyz Republic,OLSP40409149609778
4d989519-26e7-4669-8a7b-6b56ed2703e0,Brian Koch,34,MALE,"Administrator, arts",116595.28,MEDIUM,Belarus,Port Joshua,PENDING,False,False,2025-05-18,INDIVIDUAL,49043.4,78551.81,2,Djibouti,QFHV92879351004735
497ec6cd-a0a9-4c3b-9476-8c0ad2b5d0eb,Russell Larson,62,MALE,Industrial/product designer,683179.94,LOW,Saint Helena,South Williamfurt,VERIFIED,False,False,2021-11-27,INDIVIDUAL,22778.23,99743.41,2,Grenada,LVYC97864751432916
653281da-1dc2-4c9b-9cf4-a2f61f06aa12,Wayne Stewart,90,FEMALE,"Presenter, broadcasting",1560221.68,LOW,Saint Lucia,Parrishmouth,PENDING,False,False,2024-01-20,INDIVIDUAL,10887.57,8000.14,3,Bosnia and Herzegovina,AUPP71142242762325
700ae310-03b6-4856-b196-f070b8798bc5,Jason Chapman,41,FEMALE,Management consultant,58475.07,HIGH,Bahrain,West Brittanyton,PENDING,False,False,2023-12-13,INDIVIDUAL,43689.45,11841.95,3,Dominican Republic,YOHO01814146101869
e660ccf3-b965-4675-b7d3-71724f761883,Louis Potts,52,OTHER,Retail merchandiser,969285.56,LOW,Reunion,Lake Donaldport,PENDING,False,False,2022-01-23,INDIVIDUAL,36332.6,13634.8,4,New Caledonia,LGBZ41965712759813
20a9fbf0-0a3e-4121-8371-09b4ab468575,Michael Floyd DVM,82,MALE,Health promotion specialist,702117.94,HIGH,Armenia,Daviesport,PENDING,False,False,2026-02-13,INDIVIDUAL,21889.47,17027.06,4,United Kingdom,ZEIT49391747675926
28eeffc3-67ab-435f-965b-39e88bf7e5dd,Stephanie Lewis,46,FEMALE,"Psychologist, occupational",1018624.66,HIGH,Honduras,Parkerland,VERIFIED,False,False,2022-03-22,INDIVIDUAL,29260.05,29498.13,1,Zimbabwe,DCUF49808950822535
64e63ef5-422a-4101-b013-5e6aab706539,Courtney Williams,39,OTHER,Medical sales representative,854270.47,HIGH,Turkey,North Taylormouth,VERIFIED,False,False,2026-01-26,INDIVIDUAL,18036.96,80524.75,2,Cote d'Ivoire,HQVJ73328719878803
5110f16b-7625-4b0e-8c1f-e6a6fb57e980,Lindsay Washington,19,FEMALE,Ecologist,1164298.36,MEDIUM,Tuvalu,Rodriguezbury,VERIFIED,False,False,2024-10-01,INDIVIDUAL,48943.3,97549.95,3,Zimbabwe,KTTD88152760071040
9f65712b-fb56-4c85-ba6a-c20f1c44fc89,April Williams,49,OTHER,Orthoptist,263731.81,MEDIUM,United States Minor Outlying Islands,South Christyside,PENDING,False,False,2023-01-03,BUSINESS,27429.5,97332.95,4,Norway,SHHI86809146628365
2b065322-cc5f-4e06-b485-b4b92a5dea49,Brian Holloway,34,MALE,"Engineer, manufacturing systems",422939.06,MEDIUM,Greenland,Michaelmouth,PENDING,False,False,2026-07-11,BUSINESS,2450.09,16538.43,4,Greece,HQJZ45057506452647
f2218e77-4702-4f25-bce0-1b4238c7d78e,David Anderson,31,MALE,"Teacher, music",85769.22,LOW,Czech Republic,New Danny,VERIFIED,False,False,2025-05-29,INDIVIDUAL,17300.52,38219.98,3,Iran,STFW37254288400507
7643716c-3fc8-44a9-8fe2-9828e1c39e94,Amanda Richardson,41,OTHER,"Programmer, applications",230593.64,MEDIUM,Mozambique,Rebeccafurt,VERIFIED,False,False,2022-07-19,INDIVIDUAL,10654.07,31934.58,3,Reunion,SMAJ24675994794707
b2d39d7b-5ae9-46b8-bbf6-9ffafe511af9,Mr. Jeremy Miller,81,MALE,Writer,1042868.15,LOW,Jordan,Leachhaven,VERIFIED,False,False,2022-07-10,INDIVIDUAL,38602.88,36585.91,1,Senegal,AVVB61255255275257
5abab905-d2d7-48b3-958f-b25ef78e2def,Patricia Rogers,67,MALE,Civil Service administrator,726916.73,MEDIUM,Jersey,Martinmouth,PENDING,False,False,2023-12-09,INDIVIDUAL,37233.78,89459.72,3,United States Minor Outlying Islands,NMZA47456667392256
152b7723-e4dd-4383-a176-b512e0bd1575,Caleb Garner,24,FEMALE,Manufacturing engineer,617293.89,HIGH,British Indian Ocean Territory (Chagos Archipelago),Lucerostad,PENDING,False,False,2024-03-06,INDIVIDUAL,18415.28,97061.01,4,Bermuda,IETW83635078954977
91f5b67c-84c6-470e-85a1-448eb0c0085c,Brandon Lewis,65,MALE,Facilities manager,1500783.76,LOW,Samoa,Port Beverlyport,PENDING,False,False,2025-07-05,BUSINESS,47972.3,26769.44,2,Swaziland,SKSO90788016065685
a71027af-6594-4c7d-aa4a-f4e57d0aca94,Elizabeth Harding,41,FEMALE,Occupational psychologist,1525924.25,MEDIUM,Guinea,Charlesberg,VERIFIED,False,False,2023-10-06,BUSINESS,5879.54,56585.24,4,Denmark,LXBJ54036848357229
4435e842-122e-4665-9755-128807f07c05,Trevor Walton,40,OTHER,Electrical engineer,557334.94,MEDIUM,Norway,Maddoxhaven,PENDING,False,False,2025-07-10,INDIVIDUAL,19906.12,43996.91,1,Marshall Islands,DBSX55251033059640
ddc90575-e2b6-45cb-b7fc-afbf5cdfeb4e,Alec Copeland,66,OTHER,"Pharmacist, hospital",79832.45,HIGH,Timor-Leste,Ashleyport,PENDING,False,False,2026-04-03,INDIVIDUAL,8203.89,55823.5,4,Isle of Man,DFEM24805996340754
085c036e-1cff-4319-8a87-6dc8a25b09d5,Kim Valdez,54,MALE,Location manager,538292.61,LOW,Western Sahara,Reyesland,PENDING,False,False,2026-07-09,BUSINESS,42630.32,52177.69,4,Guatemala,OMNO79401298039779
abe2d80b-92bd-40cd-a915-ee1ea22071ce,Rebecca Walker,35,MALE,International aid/development worker,1194762.28,HIGH,Turks and Caicos Islands,Port Kim,PENDING,False,False,2023-10-02,INDIVIDUAL,33516.23,14984.41,2,Central African Republic,OYKG50887434742134
5867066f-1cdf-40de-9960-ff757054aadc,Brian Bell,53,OTHER,Quarry manager,929548.43,LOW,Philippines,Stevenhaven,VERIFIED,False,False,2025-09-27,INDIVIDUAL,26380.37,68520.78,3,Bahamas,QKLZ49076125800897
07631be4-7b37-4947-b07b-bff1477c0a47,Patricia Thompson,67,OTHER,Control and instrumentation engineer,152831.83,HIGH,Mexico,Silvafurt,PENDING,False,False,2022-06-25,BUSINESS,38116.13,18227.8,3,Morocco,HSBK08698319915040
1b78ef96-3c3a-4b0e-bd06-8a70d260219e,Jesse Martinez,31,OTHER,"Engineer, materials",727268.84,HIGH,Japan,East Johnfurt,VERIFIED,False,False,2021-08-10,BUSINESS,1896.1,65314.47,2,Iceland,VDTN85426234957078
9f04d550-5a34-4417-b9ee-5307da55bae5,Matthew Gibson,83,FEMALE,Trading standards officer,1110868.98,MEDIUM,Congo,Stephenstad,PENDING,False,False,2023-03-11,BUSINESS,11196.09,61353.67,3,Tuvalu,KSYK81103286211912
04c20db2-7573-4477-aeb3-9d2d6fe25e92,Mrs. Teresa Wilson MD,89,OTHER,"Editor, film/video",1015826.84,LOW,Bouvet Island (Bouvetoya),Alyssashire,PENDING,False,False,2026-06-01,BUSINESS,25412.62,93026.98,1,Costa Rica,ZEDN54232116425136
6ea6ef6b-13e5-485e-9b93-bd761ed2138b,Carolyn Mclaughlin,46,OTHER,Interior and spatial designer,183152.64,MEDIUM,France,Perryport,PENDING,False,False,2022-12-27,INDIVIDUAL,16359.78,34247.61,1,Pakistan,XIVU82461211302843
419b9aee-95d7-4c76-9899-cec2c3e7d631,Angela Steele,22,FEMALE,Museum/gallery exhibitions officer,1824420.69,LOW,Liberia,Munozbury,PENDING,False,False,2022-03-12,INDIVIDUAL,36248.64,83459.76,3,Taiwan,BMSN74923397327010
6e72a074-d07d-43f6-9ccf-7d939710b6b1,Timothy Adams,84,OTHER,"Engineer, drilling",1336119.88,LOW,South Africa,Spencerbury,VERIFIED,False,False,2025-07-19,BUSINESS,13066.31,37262.17,1,Palestinian Territory,WGZY40933626447860
6cf33e0d-6e02-412e-97bb-9f9f5801fb3f,Bradley Murray,39,FEMALE,Chartered public finance accountant,1529860.69,LOW,Turkmenistan,New Luke,VERIFIED,False,False,2022-05-08,BUSINESS,22009.67,73282.87,1,British Virgin Islands,ECTB08546144588790
767055ef-8749-4b28-9452-c0ac94e36c7c,Lisa Watson,70,OTHER,Intelligence analyst,715046.01,MEDIUM,El Salvador,Davidhaven,VERIFIED,False,False,2023-05-24,INDIVIDUAL,19992.71,23867.77,1,United States of America,AEJE08068127293617
5884f872-e9a3-4bd5-991b-f06a6d9d2cfd,Elizabeth Meyer,46,MALE,Radio producer,1719908.1,HIGH,Rwanda,Port Ambertown,PENDING,False,False,2022-04-24,BUSINESS,44460.9,15526.05,1,United States Minor Outlying Islands,XKUM24818509285537
47c228df-4e8e-41a8-8099-cf7d4c668137,Maureen Campbell,20,OTHER,Teaching laboratory technician,1081723.5,LOW,Montenegro,Brittneybury,PENDING,False,False,2025-05-05,BUSINESS,5546.74,52560.87,1,Gambia,CULB10542679777923
24425bf5-8585-45d2-aeea-683008e7557b,Mrs. Holly Ross,84,FEMALE,"Scientist, physiological",1257872.04,LOW,Somalia,North Michaelfort,PENDING,False,False,2022-06-17,BUSINESS,29632.43,37449.83,2,Gibraltar,BIUX94295798035049
eed352c3-32ca-4380-84d0-87327a13d183,Ray Mccormick,43,MALE,Meteorologist,261459.66,MEDIUM,Fiji,Petersbury,PENDING,False,False,2025-10-04,BUSINESS,9927.96,33204.96,2,Iran,FVOL51655117720014
d4c543e2-9b8e-43c2-80a3-17c132a41a79,Jennifer Young,48,OTHER,Arboriculturist,224249.86,LOW,Vietnam,South Karen,PENDING,False,False,2026-02-08,INDIVIDUAL,41936.87,12960.58,2,Iceland,YQWE75733579369843
d9ed5f9f-c94d-49c7-b4ed-a0cbb5f996c0,Martin Norton,68,OTHER,Statistician,119121.22,HIGH,Mauritania,Jacquelineport,PENDING,False,False,2023-03-31,INDIVIDUAL,4888.83,41904.03,4,Lao People's Democratic Republic,UCRJ61016537666309
4a768f91-edaf-49fb-85e9-ba390bae8f48,Robert Owens,27,FEMALE,Farm manager,1242217.17,MEDIUM,El Salvador,Lopezmouth,VERIFIED,False,False,2025-06-05,BUSINESS,49066.88,97635.63,3,Sierra Leone,XEGC10421990219697
b195cc47-e711-4cff-b9ab-ae8ef4a1c1b6,Kathleen Graham,61,FEMALE,"Administrator, education",163243.96,HIGH,Samoa,Williamshaven,VERIFIED,False,True,2021-08-09,BUSINESS,38814.01,3347.04,1,Yemen,HTHK64263697959589
862b8ec9-50be-40c1-80dd-61f712ff8ff1,Luke Wall,23,MALE,Biomedical engineer,117748.23,LOW,Bolivia,Suttonfort,PENDING,False,False,2022-11-20,BUSINESS,31630.46,66904.54,3,Monaco,ICGS18928230633226
d0c6da93-d1ca-4c8d-bff5-8fece0afd263,Kent Ford,60,OTHER,"Accountant, chartered",497097.27,LOW,Saint Helena,New Heather,PENDING,False,False,2024-08-25,BUSINESS,39907.53,50698.91,4,Cambodia,NNTT58776178856854
1b36fe52-7f7f-41dd-9a2d-0ec89a0c68d7,Sarah Hall,18,MALE,Youth worker,1691483.03,LOW,Algeria,Lake John,PENDING,True,False,2026-01-19,BUSINESS,35698.06,1851.73,1,Liberia,UJNC11876413798514
5f58aed5-d493-41c5-a627-a538066f6862,Shelby Todd,32,MALE,Exercise physiologist,119309.97,LOW,Myanmar,Jacksonport,VERIFIED,False,False,2025-11-16,BUSINESS,5604.91,93351.39,3,Tajikistan,ANTP73247292081773
cd756dbd-c925-4954-8cd3-fab1dc6578dd,John Lee III,44,MALE,"Scientist, research (maths)",665052.64,MEDIUM,Gabon,Popeview,PENDING,False,False,2026-02-08,BUSINESS,20418.89,96766.87,4,Faroe Islands,SVLE29112081256576
09a3552d-dbb8-4613-87ba-43f146d00337,Brittany Collins,45,FEMALE,Haematologist,761644.33,LOW,Christmas Island,Marshallport,PENDING,False,False,2021-09-08,INDIVIDUAL,16422.12,26455.7,1,Malaysia,PCKA51126805453485
01ef7c91-89dc-49fc-88f4-a520871fcad5,Randall White,86,FEMALE,Training and development officer,870887.04,LOW,Ecuador,Snyderstad,VERIFIED,False,False,2022-08-08,BUSINESS,49668.92,31433.46,4,Czech Republic,BEQX21802786250374
b51e50f4-9ba2-4d97-a782-a8c7ae805994,Jesus Turner,90,FEMALE,Physiotherapist,313367.99,HIGH,Guadeloupe,Lake Michelle,PENDING,False,False,2023-11-12,BUSINESS,39255.1,71615.34,1,Mali,EXFO83185598060259
6d8a4769-7afd-49cd-ae44-09b5743bed48,Jason Hawkins,45,MALE,Commercial/residential surveyor,764530.81,MEDIUM,Kazakhstan,East Donald,PENDING,False,False,2025-09-12,INDIVIDUAL,27643.67,68559.87,4,Lao People's Democratic Republic,VEYD88599718480920
4279a427-2c21-4f84-bc4b-d34e4068919e,Jaclyn Hunter,60,OTHER,"Therapist, sports",1684196.76,HIGH,Tanzania,Port Samantha,VERIFIED,False,False,2024-10-20,BUSINESS,1782.37,22207.36,3,Samoa,SYYI10237676994126
9d2bc6c5-0fa9-42cc-96dc-16cd4c207395,Eric Smith,80,MALE,Veterinary surgeon,355925.17,HIGH,Taiwan,South Justinport,PENDING,False,False,2023-07-02,BUSINESS,10767.88,91702.74,3,Armenia,AVIH90140266016024
450f900a-fa3f-4c3d-8a29-1097467a6ca2,Mrs. Jenna Beck,45,MALE,Chartered accountant,44960.09,LOW,Trinidad and Tobago,Steveshire,VERIFIED,False,False,2024-02-17,INDIVIDUAL,16514.99,66047.22,1,Armenia,VGNU13565816146546
84ff9780-86b2-44b9-8aa2-e2c9706f85dc,Meghan Stewart,30,MALE,Radio broadcast assistant,458846.41,MEDIUM,Serbia,Harrishaven,PENDING,False,False,2023-08-03,INDIVIDUAL,43529.44,93704.21,2,Nicaragua,TFPL21063143615136
7e2a73d6-ef37-4d93-b977-235761489fd4,Patricia Carr,80,MALE,"Engineer, technical sales",481758.7,MEDIUM,Martinique,Port Penny,VERIFIED,False,False,2026-02-05,BUSINESS,38895.58,1112.99,4,Nicaragua,ORKN01572277162106
bf60ea20-f357-41bd-8b82-0477f016cf42,Gary Bryant,52,OTHER,Learning disability nurse,420994.68,MEDIUM,Kiribati,South Christian,VERIFIED,False,False,2024-07-02,BUSINESS,32291.34,93378.22,4,Togo,BLOQ40402921913420
16005b7a-a496-42c9-82f0-3cc52b4d50b0,David Wright,42,OTHER,"Surveyor, insurance",736987.05,HIGH,Portugal,West Shannon,VERIFIED,False,False,2022-06-19,INDIVIDUAL,20228.53,32862.32,4,Mayotte,OXFJ48190074353218
702fa2c8-6a41-405b-bc85-010ed54db176,Michael Jackson,38,FEMALE,Data processing manager,565820.37,MEDIUM,New Zealand,Lake Brettland,PENDING,False,False,2023-12-19,INDIVIDUAL,12047.83,72269.77,4,Indonesia,UGGS91850470183813
ea5f3ddf-ee25-4b42-bd0c-bbe7e41f6f01,Tammy Johnson,60,MALE,Farm manager,74881.51,MEDIUM,Tonga,West Steventon,VERIFIED,False,False,2022-10-08,BUSINESS,28631.78,47080.78,2,Bolivia,UDLM60681674933475
f93d61c9-9ec6-4fb4-8e0b-41950f7dbeb7,Madison Smith,54,OTHER,Civil Service administrator,773874.85,MEDIUM,Grenada,Port Shelby,VERIFIED,False,False,2025-01-23,BUSINESS,5779.46,59704.69,1,Saint Martin,RTVC38827275877659
4abc1195-c60e-4f64-8a64-8b569bdf5925,Paul Baker,26,OTHER,Automotive engineer,1599399.27,MEDIUM,Lao People's Democratic Republic,Johnhaven,VERIFIED,False,False,2025-12-16,INDIVIDUAL,21652.86,52406.09,3,Marshall Islands,LYBC82434840827548
dff3bc91-a62d-4581-9821-6bfe8614e7aa,Travis Ramirez,20,MALE,Ecologist,1594417.37,HIGH,Myanmar,South Kristinemouth,VERIFIED,False,False,2026-04-09,INDIVIDUAL,34506.55,80641.27,2,Mongolia,JVMS76696565603730
04e002d0-7509-4372-8a45-274c814d6c2f,Gregory Wall,21,OTHER,Animal nutritionist,737637.85,HIGH,Korea,Brianstad,PENDING,False,False,2022-01-30,INDIVIDUAL,8495.82,64904.95,3,Swaziland,BHUY26825760787015
77fea9f2-447b-431b-b255-7e48c2d473c4,Timothy Frey,23,FEMALE,English as a foreign language teacher,1364331.76,LOW,Brunei Darussalam,Angelaport,PENDING,False,False,2024-05-06,BUSINESS,35210.97,39035.56,3,New Zealand,NSEY64834786854873
2999bcc3-f1ab-43b5-8b9d-4a0ed54f063c,Chris Rogers,43,OTHER,Geophysical data processor,1865557.53,HIGH,Guernsey,Marshside,VERIFIED,False,False,2021-12-07,INDIVIDUAL,40810.89,35801.4,1,Slovenia,NBJK01334149981178
49900085-fa2b-41ce-a23a-b6ae7543e099,Rachel Schaefer,60,OTHER,Horticultural therapist,1550944.13,MEDIUM,Saint Lucia,Aguilarborough,PENDING,False,False,2021-09-15,INDIVIDUAL,833.65,44040.32,1,Guyana,PWLR28584118254458
c5904403-955e-497b-961b-eaab00c5588d,Jesse Gordon,40,FEMALE,"Scientist, water quality",1927633.89,MEDIUM,Cocos (Keeling) Islands,Adamborough,PENDING,False,False,2021-11-26,BUSINESS,24232.48,43662.21,2,Ireland,RLUT70998866981956
843f20b6-575a-4f74-9ed4-5fde98c6c91d,Adrienne Anderson,40,OTHER,Adult nurse,668573.27,MEDIUM,Seychelles,New Jamesfurt,VERIFIED,False,False,2024-04-23,INDIVIDUAL,11637.35,85998.77,3,Marshall Islands,JJER52797027969766
9f75bd04-6beb-4e86-a07b-01e02fd1c728,Michael Mullins,35,MALE,Health and safety adviser,485473.41,HIGH,Finland,West Charleneland,PENDING,False,False,2023-09-03,BUSINESS,12057.86,79259.83,1,Iceland,XDMA46783405203581
fd7e693c-2dce-4213-9547-f2f6aed324c1,Brandon Roberts,56,OTHER,Primary school teacher,1495452.7,HIGH,Paraguay,Gomezton,VERIFIED,False,False,2024-10-31,BUSINESS,21833.1,92161.25,4,Hong Kong,SXVT13109694015614
afe4e7c2-b0b0-47c9-b7df-faa8d8715791,Jennifer Kelly,47,OTHER,Mining engineer,1778036.54,LOW,Aruba,Port John,PENDING,False,False,2023-05-25,INDIVIDUAL,43037.31,88525.12,2,Zimbabwe,BKMY74383722959689
572dba83-c888-43d6-9f83-492863697417,Richard Johnson,41,OTHER,Tax inspector,1140884.63,HIGH,Tunisia,Antonioberg,PENDING,False,False,2023-12-12,INDIVIDUAL,33899.75,56012.81,4,Norway,NMHO34816194175468
374108de-45d2-43ae-a4d5-b7b8eda807d8,Travis Mclean,19,MALE,Research scientist (medical),759969.53,MEDIUM,Russian Federation,New Joshuamouth,VERIFIED,False,False,2026-06-12,INDIVIDUAL,49004.72,38022.19,3,Bahamas,NCMC53124431884000
39c316c3-52ab-4e3a-b38a-c25e465433f6,Michael Santiago,23,MALE,Paediatric nurse,665893.97,HIGH,Jamaica,Tonyshire,VERIFIED,False,False,2022-02-22,BUSINESS,18800.94,54568.1,1,Liechtenstein,FHEC51107070950174
a2ddbf4c-a434-4026-8e25-1323b8568d34,Janet Murray,23,MALE,Chiropractor,1274656.4,HIGH,Tokelau,North Charlesshire,VERIFIED,False,False,2021-08-22,BUSINESS,26607.77,73868.24,3,Equatorial Guinea,USOZ53874266711956
14feb617-8075-423e-bcd8-f2c2d9594529,Ricky Torres,70,MALE,"Therapist, nutritional",1390948.15,MEDIUM,Lithuania,Meganfort,VERIFIED,False,False,2024-07-18,INDIVIDUAL,5098.74,22012.45,4,Palestinian Territory,SEZI15080326895923
0daf3570-b135-488e-9409-34e3d4f30b3c,Michelle Olson,21,FEMALE,"Therapist, speech and language",1656531.42,MEDIUM,Monaco,East Tiffanyfurt,VERIFIED,False,False,2021-12-20,INDIVIDUAL,34269.44,46007.29,4,Niue,XRNE29417178003191
413bd0a4-eba5-4589-af02-0d70bfd4c373,Teresa Blevins,43,FEMALE,Osteopath,1207298.28,LOW,Qatar,Jessicaborough,VERIFIED,True,False,2026-06-22,INDIVIDUAL,45687.26,52128.59,1,Saudi Arabia,RMEC93819613515344
1465678b-3ff9-4376-8093-0fb0a1034e01,Kelly Jones,75,FEMALE,Company secretary,303583.27,LOW,Oman,Jadeland,VERIFIED,False,False,2023-04-26,BUSINESS,6678.56,92815.88,3,Montenegro,NNTI75377672890066
bd13880e-3e29-4b0b-a265-0c8693f1342d,Julia Benitez,52,FEMALE,"Nurse, children's",1989054.36,MEDIUM,Solomon Islands,South Melinda,PENDING,False,False,2021-08-04,INDIVIDUAL,19650.51,33882.54,1,Mali,QCZB40776174344996
3d4f03ae-e398-4208-8edc-d84bd8c3d162,Jessica Morales,40,OTHER,Logistics and distribution manager,414485.87,LOW,Belgium,Lake Ianfort,VERIFIED,False,False,2024-08-05,INDIVIDUAL,19202.71,64850.8,2,Bermuda,HHKP62381318731005
369406ad-71d4-4cec-a3cd-e666d7251260,Adrian Garrison,58,OTHER,Clinical molecular geneticist,1125881.02,MEDIUM,Cameroon,Bellchester,PENDING,False,False,2025-12-17,BUSINESS,16271.09,81033.08,1,Namibia,HMGT03916167482059
02566cc4-0aaa-4e9d-a5c4-516ed899cf14,Peter Leon,59,FEMALE,"Engineer, technical sales",707668.62,HIGH,Costa Rica,Marychester,VERIFIED,False,False,2024-01-31,BUSINESS,23545.3,80855.24,2,Algeria,SNAH67503392192598
e52d021c-f25b-45ae-9c3d-9f63111378c6,Timothy Norton,50,OTHER,Naval architect,1047900.2,LOW,Montserrat,New Bradley,VERIFIED,False,False,2022-07-31,BUSINESS,44226.51,77979.27,3,Paraguay,XPJF97509367567892
02520e7c-1c3f-4e09-8216-9181ea371c8a,Benjamin Ayala,51,FEMALE,"Investment banker, operational",592405.73,MEDIUM,Malawi,Jillstad,VERIFIED,False,False,2025-07-17,INDIVIDUAL,29552.04,82520.62,2,Wallis and Futuna,INJD82700390350441
a5a1e6b3-e849-40b1-b8bb-68ab9dc4b6fd,Sandra Moody,19,FEMALE,"Therapist, music",916732.93,LOW,Tokelau,South Robertmouth,PENDING,False,False,2024-06-08,INDIVIDUAL,33213.45,66545.59,2,Cameroon,SKUB51895426947880
b531cfa8-0b45-46e1-a130-be619326ebb8,David Powell,61,MALE,Haematologist,84475.78,MEDIUM,Austria,New Curtis,PENDING,False,False,2023-03-01,INDIVIDUAL,35724.21,89121.28,1,Bahrain,PMES68393091106256
e750ad05-5105-4ef3-b134-906cc5138a19,Debbie Jimenez,58,FEMALE,Contracting civil engineer,948937.91,HIGH,Nauru,Nolanchester,VERIFIED,False,False,2023-03-19,INDIVIDUAL,34564.4,49400.76,3,Congo,ACSG71982399695598
05add179-cb28-4f21-acc6-add8e19b1e32,Jennifer Wright,71,OTHER,Social researcher,633241.53,HIGH,French Guiana,Christianton,PENDING,False,False,2026-01-19,INDIVIDUAL,33133.77,33675.38,4,Gabon,WUTZ67781915421749
9603055e-406d-4502-bf1a-2af2bdab152b,Claire Ramsey,47,FEMALE,Chief Strategy Officer,1203979.97,MEDIUM,Suriname,East Alexis,PENDING,False,False,2024-09-05,BUSINESS,1353.07,56591.62,3,Ecuador,IBAV49750631411514
55394b97-91a8-4624-ba95-033919ee1154,John Bailey,18,FEMALE,Neurosurgeon,144668.71,MEDIUM,Zimbabwe,Guzmanview,PENDING,False,False,2023-02-18,INDIVIDUAL,13444.01,13765.73,4,India,QOFL99839781227094
a79222b5-ef17-4273-b3cd-052931e286a2,Cassandra Cook,41,MALE,Visual merchandiser,1550425.82,MEDIUM,Tunisia,New Codymouth,PENDING,False,False,2026-01-14,INDIVIDUAL,45958.34,69765.27,2,Mexico,VNSP78193933999998
14b841ab-d941-436f-ae75-2da1cc665840,Matthew Marsh,77,OTHER,Information officer,1328144.56,MEDIUM,United Kingdom,Monicahaven,PENDING,False,False,2022-03-14,INDIVIDUAL,45070.3,1662.65,2,Christmas Island,ZJEP02182617971715
14dd29dd-4ef1-4eea-be18-29a315f5badf,Peter Evans,31,MALE,Volunteer coordinator,826322.78,MEDIUM,Kiribati,Lake Sarahborough,PENDING,False,False,2025-02-23,INDIVIDUAL,896.73,55945.15,1,Sweden,RJER88538201709231
02a686db-e816-4112-9b4d-51e189ba9704,Carla Clark,44,FEMALE,Best boy,551676.42,LOW,North Macedonia,Johnville,VERIFIED,False,False,2023-05-09,INDIVIDUAL,15930.58,1819.46,2,Romania,YQBN35490711820128
760123cf-51fe-4dcd-8c47-e7a858483a96,Robert Myers,42,OTHER,Editorial assistant,244352.5,LOW,Cape Verde,Michaelshire,PENDING,False,False,2025-03-26,BUSINESS,12369.96,80120.17,4,Iceland,BCYD04524836081782
c5c56db4-0c84-4c89-90c3-a658a98c4469,Anthony Baker,28,FEMALE,"Psychotherapist, dance movement",1387817.67,HIGH,Equatorial Guinea,East Rhonda,VERIFIED,False,False,2024-02-25,INDIVIDUAL,21329.64,13472.98,1,Italy,XSJQ26490239051224
00f8cd3f-49b2-4c38-9ede-ac56c0771bab,Mary Harrington,24,FEMALE,Surgeon,518899.06,MEDIUM,Cape Verde,Melanieton,VERIFIED,False,False,2025-01-21,INDIVIDUAL,22206.74,82134.11,3,Ireland,CUFL80327082262571
ac0159aa-83b9-4b41-9aa3-6f658aadfc36,Courtney Branch,90,OTHER,Psychotherapist,354419.52,HIGH,United States of America,New April,VERIFIED,False,False,2025-10-09,BUSINESS,44868.69,99256.63,1,Paraguay,XVGM82805927998791
92d1c1f7-f49a-415f-85b6-266794901ecd,Jorge Bernard,75,FEMALE,Information systems manager,151975.96,HIGH,Korea,New Bruceport,VERIFIED,False,False,2025-04-16,INDIVIDUAL,22629.49,56915.32,2,Tokelau,KYYF84445409292786
f873b925-74f5-48ae-80bb-ccc8f280a422,Dr. Stephanie Norris,76,OTHER,Investment analyst,1877789.96,MEDIUM,Chad,South Nicoleside,VERIFIED,False,False,2025-06-06,BUSINESS,26859.54,68985.78,4,Sao Tome and Principe,EWAD40364406357502
8ecbabd1-2f07-4cfb-ae91-20b0e6b969e1,Emily Campbell,30,FEMALE,"Surveyor, quantity",1616372.46,LOW,Bolivia,Donnaland,VERIFIED,False,False,2023-04-27,BUSINESS,48753.28,92964.68,2,Slovenia,JFXK44989502741248
08dbb5ec-dc2a-411c-8bd6-58a6e9c187ac,Mario Davis,50,MALE,Architectural technologist,1786480.38,LOW,Iraq,Anthonyside,PENDING,False,False,2024-04-02,INDIVIDUAL,7875.47,61454.31,4,Cocos (Keeling) Islands,PKZL69034006282219
42581d06-8da0-4ef1-bdad-c86891192582,Victor Obrien,73,FEMALE,Education administrator,1966063.1,HIGH,Uganda,West Chelseafurt,VERIFIED,False,False,2022-05-18,INDIVIDUAL,48164.44,39596.13,3,United States Minor Outlying Islands,PWVL07169254154517
b6934587-bcf8-46d4-b361-bc198f152c74,David Ramirez,79,MALE,Freight forwarder,929082.14,HIGH,Nicaragua,Caseyfort,PENDING,False,False,2022-10-04,INDIVIDUAL,28842.34,54787.87,2,Cape Verde,KDWD86509199278871
1a78fdf5-c5c1-4217-b8e8-bc16027bcd81,Sherry Rice,28,FEMALE,"Development worker, community",209964.84,HIGH,Madagascar,East Michellemouth,PENDING,False,False,2022-11-13,INDIVIDUAL,27581.6,21532.23,1,Antarctica (the territory South of 60 deg S),QPHQ35917095327971
b6aa599f-c404-4ddf-832d-6b9b54fd5dcc,Kathleen Simmons,88,OTHER,Health promotion specialist,1736023.88,HIGH,Wallis and Futuna,Moorestad,PENDING,False,False,2022-04-20,BUSINESS,42691.77,80211.38,4,Honduras,NEYW12211199324014
f8f5f053-3be7-43ac-ba3f-337ea9570f5c,Ryan Lewis,61,FEMALE,Visual merchandiser,1401579.98,MEDIUM,Liberia,North Natasha,VERIFIED,False,False,2026-06-29,BUSINESS,41729.94,91856.29,4,Somalia,BOTR90929367231905
3e83ffda-1837-4752-a6d9-80f8f32ff38e,Joseph Gordon,88,MALE,Corporate investment banker,1750933.11,MEDIUM,Netherlands,Swansonland,PENDING,False,False,2021-10-10,BUSINESS,41565.87,94203.97,1,Malawi,QHLH26920404457166
2d6f1ff4-18f4-44a9-ae5c-278e5aaf9c90,Christopher Nichols,51,OTHER,Contractor,186098.33,LOW,Mali,Diaztown,VERIFIED,False,False,2024-04-13,BUSINESS,21529.83,96182.45,2,Korea,PRQA91949032098108
cc579cd1-39c8-4829-8b50-59fcd14a6627,Brandon Chapman,70,FEMALE,TEFL teacher,680018.98,MEDIUM,Cuba,Port David,VERIFIED,False,False,2026-06-09,BUSINESS,42510.16,33530.92,2,Western Sahara,RJBX91188131636562
c39dfb23-2820-41c1-bd52-b01a4dc9807b,James Anderson,85,MALE,Dealer,699653.23,LOW,Korea,South William,VERIFIED,False,False,2024-08-23,INDIVIDUAL,27074.33,56866.68,4,Anguilla,CVSR57483843983379
4347e3ff-96a6-40a9-9ec6-d8f8b3cd543f,Steven Williams,50,FEMALE,Emergency planning/management officer,1637921.17,LOW,Mozambique,Drewmouth,PENDING,False,False,2023-06-01,INDIVIDUAL,37568.82,76410.16,4,Central African Republic,FADX77867178375819
d2d57924-ce8f-43e0-bdba-e4e60148e265,Denise Jones,90,FEMALE,Clothing/textile technologist,802035.12,HIGH,Saint Martin,South Ashleestad,VERIFIED,False,False,2021-10-20,BUSINESS,13426.33,64523.93,4,China,XJFX10508524002892
58cadb97-21fe-4e7a-91bc-664bd4036393,Kimberly Bell,43,FEMALE,"Engineer, manufacturing",1961719.42,HIGH,Slovenia,Lake James,PENDING,False,False,2022-04-29,INDIVIDUAL,23447.4,67825.88,1,Northern Mariana Islands,CQHA75930477950962
bee82b13-a2f4-4e44-aa4e-2a6ff5cc4e2c,Amanda Green,81,OTHER,Academic librarian,1066877.11,HIGH,Western Sahara,Paulaside,PENDING,False,False,2025-02-01,INDIVIDUAL,20283.96,65744.14,1,Antarctica (the territory South of 60 deg S),PGTX24874194966072
c62a9f34-60ad-4be3-a92d-e9ee59e5420d,Michael Orozco,79,FEMALE,IT sales professional,651985.21,HIGH,Rwanda,North Margaret,VERIFIED,False,False,2025-09-23,INDIVIDUAL,37229.45,46844.18,2,Guam,ZKRT12110516288825
3e53850f-475c-4d64-a437-1c812dc68ba9,Vincent Lee,58,FEMALE,Television floor manager,1001009.76,LOW,Syrian Arab Republic,North Jamesville,PENDING,False,False,2023-09-24,BUSINESS,1505.13,53573.35,3,Canada,JVLV40994449778982
82306520-4cb8-440d-8131-0dda3cc27193,Sarah Suarez,28,OTHER,Early years teacher,207377.8,LOW,Honduras,Tammymouth,PENDING,False,False,2024-10-08,INDIVIDUAL,31623.69,56923.75,3,Guinea,BSHC29015117422563
674e2cac-23ab-4bea-9cf6-24f0931c062a,Heidi Armstrong,64,OTHER,Physiological scientist,667034.59,MEDIUM,Senegal,Simonshire,PENDING,False,False,2025-06-05,BUSINESS,13831.04,38595.31,2,Puerto Rico,NZTE11853232746880
6e3d20f5-1ecd-4561-b539-634f81b4c9b1,Barbara Miller,54,FEMALE,Purchasing manager,1160064.74,LOW,Eritrea,East Maryview,PENDING,False,False,2024-05-23,BUSINESS,31426.69,25998.79,1,Maldives,ZEMT95407816237315
f7d7a650-d8ce-4b8e-84fc-101681031e04,Jennifer Wood,83,FEMALE,Police officer,1438927.3,LOW,Palau,Melissaborough,VERIFIED,False,False,2024-03-01,BUSINESS,5802.73,68929.51,2,Australia,EFJO76948937832339
99952280-ac85-4a5b-bde4-7cd84d712c22,Mr. Joshua Erickson,45,OTHER,"Pharmacist, community",1705588.8,MEDIUM,Somalia,New John,VERIFIED,False,False,2024-09-30,BUSINESS,1572.18,58796.84,4,Kiribati,UBDL43873033662163
44e416dd-4f77-462b-8a1e-99a57bb273e4,Michael Ross,53,OTHER,Retail manager,23967.41,HIGH,Israel,South Johnborough,PENDING,False,False,2024-07-07,INDIVIDUAL,27568.38,39743.47,3,Ghana,MVIT43798814162534
82215dbe-6fff-45a5-953e-cfac7969b483,Jim Collins,34,OTHER,"Merchandiser, retail",970018.3,MEDIUM,Cameroon,South Hunter,PENDING,False,False,2023-01-01,BUSINESS,25505.08,23801.44,3,Malaysia,ATMJ10794585076633
de74cc87-b10e-4a41-b392-66abd2eb90fa,Donald Gilbert,22,MALE,Legal secretary,1067555.06,LOW,Jersey,Lake Mary,VERIFIED,False,False,2026-01-14,BUSINESS,10315.37,42232.07,4,Moldova,SDFO44048166304694
032a38a5-2f16-4220-9f37-a33732138366,Amy Bond,37,FEMALE,Mechanical engineer,747791.23,HIGH,Svalbard & Jan Mayen Islands,Bergborough,PENDING,False,False,2025-04-19,INDIVIDUAL,46993.34,42132.04,4,Cyprus,DXST64452832777910
d58bf15f-3263-4e40-bb16-249b37d06b0f,Andrew Frank,44,OTHER,"Doctor, general practice",1857056.11,MEDIUM,Burkina Faso,Kellychester,VERIFIED,False,False,2022-08-24,BUSINESS,6368.37,58601.41,4,Timor-Leste,UHHK88657602189598
981238f0-26dc-47ab-9b28-789895009f3d,Beth White,85,FEMALE,Network engineer,1496795.13,MEDIUM,Isle of Man,East Michael,PENDING,False,False,2025-05-12,INDIVIDUAL,23596.76,28339.78,2,Guatemala,NXHI23828083528064
12def555-1229-4277-b283-e42dae267cb6,Marcus Bowen,35,FEMALE,Fast food restaurant manager,1382381.4,HIGH,Togo,Mcdanielstad,VERIFIED,False,False,2024-05-26,INDIVIDUAL,31494.36,10712.51,2,Guinea,QAPU77622452265391
64340bd6-bf05-4234-aa51-105a92049053,Alex Rodriguez,70,MALE,Energy manager,1068898.71,HIGH,Tunisia,South Derek,PENDING,True,False,2024-10-05,BUSINESS,24228.22,44332.84,4,Colombia,OWFF14390172698635
a9be8f50-e395-46ea-a98d-8d00682a8ac9,Tiffany Anderson,53,FEMALE,Economist,681110.75,HIGH,Saint Lucia,Collinschester,VERIFIED,False,False,2022-12-30,INDIVIDUAL,25571.04,73886.51,4,Sudan,RMRC57547109929685
2bb78091-c21f-4ba0-9edf-fc6308d1c308,Anthony Cooper,71,FEMALE,Production manager,704430.25,HIGH,Libyan Arab Jamahiriya,Atkinsport,VERIFIED,False,False,2025-07-17,BUSINESS,33590.08,70575.43,3,Kenya,SAXJ84311192612928
e245dee7-33e4-40eb-be93-facac475a4df,Stacy Hall,86,MALE,"Clinical scientist, histocompatibility and immunogenetics",632075.09,LOW,Uruguay,Markland,VERIFIED,False,False,2025-09-13,BUSINESS,28750.45,34359.04,4,French Polynesia,ZMBB75307759169667
76b08dde-f0a4-45c3-9619-f0ccf533d8e0,Dr. Richard Garrison,53,OTHER,"Civil engineer, consulting",1206607.18,LOW,Nepal,Port Michael,PENDING,False,False,2026-03-02,BUSINESS,29440.44,25918.21,4,Ecuador,WARF45924607112510
3a43a7fc-9d4d-4b04-a5e0-31f2bf2e7ec4,Gregory Martinez,68,OTHER,Software engineer,1449471.18,LOW,Cocos (Keeling) Islands,New Aaron,VERIFIED,False,False,2024-01-21,BUSINESS,39718.48,9632.02,3,Singapore,TVMI41937391446866
ac1d365c-5fa1-45ee-afc7-9d7f5c5297e0,Warren Vang,18,OTHER,Medical physicist,664217.92,HIGH,Qatar,Beverlyberg,PENDING,False,False,2023-04-01,INDIVIDUAL,35619.24,94463.82,1,Mexico,IYIN09644768493864
1696a107-5bd1-46ce-aea3-1348cc3f96b9,Ronald Green,53,MALE,Armed forces technical officer,1160572.51,HIGH,Netherlands Antilles,Markburgh,VERIFIED,True,False,2023-10-06,INDIVIDUAL,29924.16,31437.62,2,Netherlands Antilles,MOJM09778943932736
b178545d-ee93-414c-8d2c-aff6f6ab057f,Carrie Wheeler,75,OTHER,Theatre director,172223.0,LOW,Djibouti,Hollytown,VERIFIED,False,False,2023-01-15,INDIVIDUAL,45418.18,24527.91,1,Poland,CIKU02868979515868
29e745b0-98dd-46b7-895b-0331785fa4c8,Tonya Caldwell,31,MALE,Office manager,102661.12,HIGH,Guernsey,North Matthew,PENDING,False,False,2025-11-14,INDIVIDUAL,32872.4,40436.95,1,Uruguay,NIOW71623610630167
a42e72cb-d336-421d-b9f1-e0320e7af9bd,Jeffrey Johnson,51,MALE,Insurance broker,1064642.59,MEDIUM,Micronesia,Kevinland,PENDING,False,False,2023-09-14,INDIVIDUAL,37272.13,25730.54,3,Suriname,GAXL33833196373297
359ef6a4-b011-4167-8f9c-96b755565c74,Janice Dyer,68,OTHER,Ophthalmologist,1970228.18,LOW,Antigua and Barbuda,Port Eddietown,VERIFIED,False,False,2023-08-03,INDIVIDUAL,41843.67,7889.9,2,Albania,ACWJ97631758175228
b0aa2106-c8f2-4b4b-b50b-97e63783aac6,Chris Rowland,82,OTHER,"Journalist, broadcasting",1687560.07,LOW,Tajikistan,North Alice,PENDING,False,False,2026-04-16,INDIVIDUAL,2930.07,71160.45,1,Netherlands Antilles,JBGE39131354845185
830fb639-3339-47f2-99a8-440fbca0a535,Sarah Hawkins,80,MALE,"Scientist, biomedical",862374.93,MEDIUM,Norfolk Island,East Gina,VERIFIED,False,False,2023-02-11,INDIVIDUAL,33556.31,51821.18,4,Seychelles,WOMI49653720248026
ef3946b2-0f1e-4152-921d-3034666d34c0,Mark Rivera,85,OTHER,Analytical chemist,73954.08,MEDIUM,Turkmenistan,Port Jenniferside,PENDING,False,False,2022-01-29,BUSINESS,7128.79,66885.83,1,Chile,UQQC60867368380604
1c631b86-a3a2-4f17-bdc3-0437c7c04513,William Bowman,43,MALE,Equality and diversity officer,547409.11,HIGH,Kiribati,Barbaraton,VERIFIED,False,False,2025-12-12,BUSINESS,42147.03,9115.32,4,Saint Kitts and Nevis,VIQJ38918417342774
d5f2213d-04d6-4278-bccb-8353c4c2079a,Stacie Wood,63,FEMALE,Museum/gallery conservator,61455.5,LOW,Guinea,Andersonfort,PENDING,False,False,2026-01-24,BUSINESS,32916.3,83230.02,2,Bhutan,RINV41977242686461
17cd3d63-e28e-4de8-bd14-15d36d5dbe8a,Brenda Joseph,78,FEMALE,Academic librarian,1335620.37,LOW,Uruguay,Lawrencebury,PENDING,False,False,2021-09-08,BUSINESS,43221.76,2074.5,3,Niue,KSGU76858081207086
5bc69b19-1b7e-4e9e-a4d3-0efaaf5cdcc4,Jessica Contreras,87,MALE,Psychiatric nurse,1065974.69,HIGH,New Zealand,North Rebecca,VERIFIED,False,False,2021-09-27,INDIVIDUAL,4634.73,50847.15,2,Grenada,OFUE14580447187808
7515309e-2298-4aed-981a-0b5a4b1c0770,Edward Martinez,65,OTHER,Ship broker,1593831.87,MEDIUM,Malawi,West Jessica,PENDING,False,False,2022-12-29,BUSINESS,15300.94,63156.2,1,Antigua and Barbuda,USVH28870898838533
fb179515-b242-45bb-9c3e-7c41a009c58f,William Watson,49,MALE,Sub,135693.71,HIGH,Nigeria,Port Rebecca,PENDING,False,False,2025-12-01,BUSINESS,22866.69,36437.87,2,Equatorial Guinea,VVPA39965652889716
bb5f1b2f-dca9-43ce-99ad-48d54be975df,Matthew Wilcox,27,FEMALE,Metallurgist,1144247.02,HIGH,Peru,Shannonport,PENDING,False,False,2022-08-27,INDIVIDUAL,9234.13,76503.17,1,Denmark,WZDY18884475833055
13c6b8c6-a8eb-4428-9a0c-13ba39f418ed,Shane Johnson,62,FEMALE,Professor Emeritus,614483.92,HIGH,Solomon Islands,Teresachester,VERIFIED,False,False,2024-05-01,BUSINESS,37904.74,5884.8,1,Samoa,DRMU00450102657632
8b252a00-4604-4891-8483-02a8bcda1dd0,Jillian Jones,59,FEMALE,"Designer, industrial/product",1879731.28,LOW,Zimbabwe,Jesseberg,PENDING,True,False,2022-02-28,BUSINESS,16361.48,94961.01,4,Liechtenstein,HGRW98465828095225
25063df7-2f47-40b8-beec-6b219c09e070,Laura Jones,32,FEMALE,Financial adviser,69157.12,MEDIUM,Saint Lucia,Lake Richard,PENDING,False,False,2025-03-03,BUSINESS,8650.52,18887.81,1,Netherlands Antilles,UVVT62302402254866
6f2f19d4-bbf8-400b-8019-f76117d6383b,Matthew Webb,56,MALE,Environmental health practitioner,505707.85,HIGH,Rwanda,North Tylerstad,PENDING,False,False,2024-02-02,BUSINESS,30994.26,6696.55,2,Germany,IRQI76056355887639
bcdf25a0-b727-4bc4-b960-a38fc790e16b,Hannah Perry,30,FEMALE,Restaurant manager,1775377.82,HIGH,Anguilla,Davidstad,VERIFIED,False,False,2024-11-05,INDIVIDUAL,46716.83,63270.67,4,Japan,SRGQ03973887907997
32c3d0a3-8742-462d-ba8d-eb6bcf8682b6,Pam Martin,74,OTHER,Trade mark attorney,1546785.84,MEDIUM,Saint Vincent and the Grenadines,Ianbury,PENDING,False,False,2025-01-20,INDIVIDUAL,29636.47,8001.23,4,Lesotho,SFDD25638286226719
dd815cca-c3cb-47a9-9ab5-eb7771de1f8d,David Duncan,35,FEMALE,"Accountant, chartered public finance",1298537.83,MEDIUM,Solomon Islands,West Catherine,VERIFIED,False,False,2024-11-19,BUSINESS,43417.99,5329.16,3,Portugal,HQUY21110457797047
c7bb8e23-1867-4661-9ace-ec43eb32d0a2,Paul Sullivan,42,FEMALE,Legal secretary,1053893.5,MEDIUM,Guadeloupe,Timothyfurt,VERIFIED,False,False,2023-03-22,BUSINESS,45109.36,59666.84,4,Czech Republic,DRGT69436567597126
bbaecc9d-3366-40a5-9ecd-5b19a31f0d6e,Dawn Hudson,86,MALE,Animal technologist,1505018.75,LOW,Switzerland,Simonland,PENDING,False,False,2023-11-02,BUSINESS,3986.43,61604.45,2,Romania,VBYA10087637051159
e49b84ce-44f4-4563-b3a7-8ca6f6f97140,Joshua Cooper,20,FEMALE,"Engineer, control and instrumentation",526493.26,LOW,Libyan Arab Jamahiriya,New Rebecca,VERIFIED,False,False,2026-05-23,INDIVIDUAL,1118.35,6457.89,3,Liechtenstein,UZJZ34533206552803
2c983ca3-f361-4a44-97b1-ba8aca88228f,Robert Charles,64,FEMALE,Forensic psychologist,1924165.55,HIGH,Seychelles,Dennisshire,PENDING,True,False,2022-02-12,INDIVIDUAL,14330.25,59338.74,1,British Indian Ocean Territory (Chagos Archipelago),ILFH55487339926416
64afb555-1397-425e-befe-9f000727cb29,Brenda Maxwell,42,MALE,"Engineer, agricultural",1060879.74,LOW,Lebanon,Webertown,VERIFIED,False,False,2023-08-10,INDIVIDUAL,35170.12,2900.94,3,North Macedonia,ZVQG01232284016742
96e3da9b-0546-4098-8b3a-c2fe973ad22f,Paul Boyd,56,FEMALE,Barrister,315309.86,MEDIUM,Sao Tome and Principe,South Ericaland,PENDING,False,False,2026-06-04,BUSINESS,48635.71,4230.39,3,Kyrgyz Republic,MSPN18952672873552
1ce2a8d8-a302-41ff-8a02-a56cdbe9e96e,Michael Peterson,37,FEMALE,Dealer,21759.55,HIGH,Mayotte,East Jacquelinemouth,VERIFIED,False,False,2022-06-12,BUSINESS,13972.6,18245.27,2,Turkmenistan,GVWF16174790877633
5ef2824d-6a4d-4c96-9578-76198c79e2d3,Jennifer Mueller,44,FEMALE,Financial trader,1391195.77,HIGH,Yemen,Garciamouth,VERIFIED,False,False,2024-10-22,BUSINESS,9098.43,36054.08,2,Guinea-Bissau,XTMT97402629958683
528a8d1c-3ca2-48f2-a395-f2e530824d8e,Ashley Solomon DDS,76,OTHER,"Teacher, adult education",1567145.65,LOW,Gabon,South Randy,PENDING,False,False,2021-12-23,BUSINESS,6296.0,21593.01,3,Uganda,XSEF06983074060921
1a1845fd-3696-47f0-a91e-c05def9be438,Amanda Rosario,89,MALE,"Designer, fashion/clothing",1723199.6,LOW,Liechtenstein,East Bryan,VERIFIED,False,False,2021-12-03,INDIVIDUAL,11553.94,96360.06,2,Canada,TEUY04505272663104
16fe3dc0-afae-4e1d-8955-6a25596b4e88,Jessica Martin,63,FEMALE,Quantity surveyor,126654.06,LOW,Saudi Arabia,Sandraport,VERIFIED,False,False,2021-08-20,BUSINESS,30890.33,51128.15,3,Nigeria,PPUC57680604162057
755753e5-1aeb-4e40-b6b6-dda4836254b8,Matthew Lawson,87,OTHER,Community arts worker,484901.93,LOW,Belarus,Sarahfort,PENDING,False,False,2021-08-23,INDIVIDUAL,25300.63,28191.92,4,Sierra Leone,CKOZ58432338899304
10e727de-e57b-48f1-9dc0-1abd02214533,Vincent Barker,69,OTHER,Forensic psychologist,1919735.81,LOW,Pitcairn Islands,West Kimberly,PENDING,False,False,2026-03-15,INDIVIDUAL,15226.25,78449.58,3,Somalia,OPPK94385579457412
3eda2175-43b6-4602-9871-63fe85c041d3,Patricia Jackson,85,FEMALE,Pharmacologist,981392.2,LOW,Georgia,Laurahaven,PENDING,False,False,2021-10-27,BUSINESS,45825.28,75127.51,4,Bangladesh,WZFJ21827028631645
8cfe4383-486a-4dd5-b70e-c51f39d0cd4a,Kevin Carlson,70,MALE,"Psychologist, educational",1308716.56,LOW,Syrian Arab Republic,West Jesseshire,PENDING,False,False,2022-10-15,INDIVIDUAL,43696.13,51087.43,4,Turks and Caicos Islands,OQJR97981388545100
175ad7db-3d6c-4cac-8fa2-86d12abb6aa3,Lauren Klein DVM,32,FEMALE,Chartered certified accountant,1011731.96,LOW,Turkey,East Julia,PENDING,True,False,2023-02-06,BUSINESS,26153.06,94020.71,4,Bangladesh,AQLP69603369442845
779770ad-80cf-44bb-9873-62af09fa4bf3,Austin Brown,67,MALE,Colour technologist,110510.55,HIGH,Cote d'Ivoire,Blankenshipstad,VERIFIED,False,False,2023-08-04,INDIVIDUAL,5856.67,71138.81,4,Western Sahara,WOCW40386345048920
9e96459c-e092-43d4-a7fb-5a37919c9d26,Scott Richardson,48,MALE,Stage manager,848091.13,HIGH,Ukraine,Port Loriburgh,VERIFIED,False,False,2023-08-18,BUSINESS,27867.26,40115.61,4,China,AOLC01049049741700
fffc796c-8c45-4378-be02-c2998d97fd62,Phillip Haynes,85,FEMALE,Secretary/administrator,1092101.17,HIGH,Kenya,Madisonborough,VERIFIED,False,False,2023-12-23,INDIVIDUAL,4779.67,25814.81,1,Peru,TKOT64497259048174
b2e79da4-1fc7-43b2-8307-f0bcf39ba488,Hailey Hill,24,MALE,Holiday representative,509168.45,LOW,Wallis and Futuna,Lake Dakotaport,PENDING,False,False,2022-08-26,BUSINESS,1617.98,47500.28,3,Singapore,GTLD16027517901757
e731246c-fdce-4cae-b8c9-111d7c2d5c11,Sean Petersen,51,FEMALE,"Scientist, forensic",252088.61,MEDIUM,Zambia,Port Gary,VERIFIED,False,False,2021-08-11,BUSINESS,8943.38,28154.67,2,Cocos (Keeling) Islands,GFSZ87881643356676
f7257624-23c9-4db2-a1b7-eca39177886a,Joshua Moore,88,OTHER,"Merchandiser, retail",1760071.27,LOW,Micronesia,Port Barbara,PENDING,False,False,2024-04-17,INDIVIDUAL,21593.79,46787.3,2,Afghanistan,POGY78276378139035
5b6281a6-6719-4352-b289-6645ee524eea,April Higgins,90,OTHER,Catering manager,615625.03,LOW,Tokelau,Collinshaven,VERIFIED,False,False,2023-05-16,INDIVIDUAL,30436.77,48409.88,1,Bhutan,OQZB36742299415739
44cdddd0-613b-429a-8422-16cc6fa11532,William Burch,39,FEMALE,Arboriculturist,166669.77,MEDIUM,Colombia,Port Jane,VERIFIED,False,False,2025-11-18,BUSINESS,18910.8,9534.99,2,Uruguay,XLOK23328789346137
5a278ede-9b91-4765-a693-4370563cc3e2,Christopher Lee,36,MALE,International aid/development worker,1803094.83,MEDIUM,Qatar,Morrisonberg,PENDING,False,False,2024-07-23,INDIVIDUAL,45746.3,6542.02,2,Saudi Arabia,HLAH24483165334181
3fc02f67-66eb-4626-a08d-08580263cfd1,Denise Velazquez,39,FEMALE,Hospital pharmacist,1641604.27,HIGH,Mali,Lake Elizabeth,PENDING,False,False,2023-04-27,INDIVIDUAL,14961.54,44918.67,3,Mauritius,GONZ18679573433541
0aba01ef-1534-4396-aec8-f93e8232db7b,Denise Simpson,85,OTHER,Control and instrumentation engineer,433843.14,LOW,Serbia,Clarktown,VERIFIED,False,False,2021-09-18,INDIVIDUAL,41382.92,93601.0,3,Equatorial Guinea,IGJX10562631701493
96ec0113-d5cb-4d86-9359-db1e18572809,Stacey Carlson,81,FEMALE,Systems analyst,1044692.04,MEDIUM,New Zealand,Victorhaven,VERIFIED,False,False,2025-05-04,INDIVIDUAL,1797.69,17571.85,4,United States Virgin Islands,HVMD48757517081749
9e83ae87-b1b0-4c3e-b951-33e70acb7b19,Tonya Johnson,77,FEMALE,Warden/ranger,117347.33,HIGH,Algeria,North Alyssa,PENDING,False,False,2024-02-21,BUSINESS,40733.52,51008.99,4,Uzbekistan,RTKY45919091962751
de999187-6a2f-4c1d-b9b1-e3732a5a2424,Vincent Lang,80,OTHER,Theme park manager,668048.7,HIGH,Hungary,East Lisa,VERIFIED,False,False,2023-01-16,BUSINESS,40344.19,1497.13,2,United States of America,AJCN71233385962579
74aa221e-f830-4d1d-a994-274cb0f6dda5,Beth Mcconnell,83,FEMALE,Quarry manager,1300280.61,HIGH,Paraguay,Christopherbury,VERIFIED,False,False,2022-09-29,BUSINESS,23179.18,70209.21,4,Gibraltar,PDLE56934888697361
68c80f7d-25ac-4481-976a-a45d91318f5b,Michael Jackson MD,31,FEMALE,"Scientist, physiological",1522525.76,LOW,Bahrain,South Lindafort,PENDING,True,False,2022-06-07,BUSINESS,17520.77,87216.12,4,Moldova,URSZ61790820421320
08142bce-1ee6-4473-afdc-93ba3a1f6920,Lisa Clark,78,FEMALE,"Teacher, English as a foreign language",1722720.17,HIGH,United States of America,Danatown,PENDING,False,False,2023-05-26,BUSINESS,23835.05,52404.67,3,French Southern Territories,ZVVU05505819515579
711569a5-8d77-44ea-a171-c8bd56f666bc,Donald Kennedy,52,OTHER,Clinical research associate,294517.94,HIGH,Malawi,East Joseberg,VERIFIED,False,False,2024-05-09,BUSINESS,36764.09,67911.83,3,Lesotho,RGGO10736389424852
d207994a-469e-40c0-accb-e8d3c28b8975,David Duncan,30,OTHER,Outdoor activities/education manager,1841157.57,LOW,Egypt,New Leonardborough,PENDING,False,False,2023-04-22,INDIVIDUAL,18253.43,67157.65,4,Pakistan,QXGR61554036342842
6ea235c4-e707-49dc-9c11-480f09bed65d,Stephanie Cummings,80,FEMALE,Associate Professor,585998.13,MEDIUM,Estonia,Maryfort,PENDING,False,False,2024-03-24,INDIVIDUAL,16157.9,4289.24,2,Bosnia and Herzegovina,VQOX16783235779841
a39fae72-30f9-41ee-8a94-109a18e2030d,Jessica Williams,24,MALE,"Surveyor, building control",121048.96,LOW,Cape Verde,West Roy,VERIFIED,False,False,2023-03-28,BUSINESS,32698.23,83115.81,4,Samoa,XIEN66346659094519
89c49e83-f885-4a08-a154-267426ccb2ab,Jennifer Sanchez,77,FEMALE,Advertising account executive,1043032.41,LOW,Liechtenstein,Franklinborough,VERIFIED,False,False,2026-03-29,BUSINESS,17267.52,38020.27,3,Congo,PVNK72553757950997
2aa3ef02-b433-4cbc-945d-1644ced7c332,Marcus Roy,43,OTHER,Environmental manager,1956714.41,MEDIUM,Poland,New Michelle,PENDING,False,False,2022-08-12,BUSINESS,9105.84,83536.81,1,Reunion,AZCH32165079999895
ab602242-79aa-4df6-8708-850d45b19beb,Brandi Smith,58,FEMALE,Quarry manager,1588567.85,MEDIUM,Palau,Lake Albert,VERIFIED,False,False,2024-02-22,INDIVIDUAL,37828.47,22294.89,1,Gabon,DXAA63267185546960
74eaa0a5-d80c-43f4-ba10-5d0a262be5a2,Daniel Wilson,53,OTHER,Product manager,662997.24,LOW,Singapore,Port Lindashire,VERIFIED,False,False,2022-04-10,BUSINESS,21857.27,3103.97,4,Kiribati,HEXY71420597099430
e0d3bebf-445d-4cf0-abba-777165d81993,Paul Graham,31,FEMALE,Financial manager,339828.66,LOW,Qatar,East John,PENDING,False,False,2023-08-08,INDIVIDUAL,38361.07,89000.06,4,Cape Verde,AEXE07030619941263
40717346-6ad3-4aa4-a87c-234147d6f48f,Robert Spencer,46,MALE,"Lighting technician, broadcasting/film/video",945363.34,LOW,Georgia,Daviesside,VERIFIED,False,False,2026-06-16,BUSINESS,43139.78,77355.63,2,Korea,KBOT42589421377219
0a95e316-7b87-4864-bb39-8e655c597241,Rebecca Martin,31,FEMALE,"Geologist, engineering",915032.54,MEDIUM,Eritrea,Lindabury,VERIFIED,False,False,2024-09-27,BUSINESS,25331.41,14427.35,1,Lebanon,DQXN64915840118821
e1f5d572-1f8b-46e4-a39c-5277b82532f2,Lucas Welch,34,MALE,Haematologist,1923207.2,MEDIUM,Liberia,East Stephenland,VERIFIED,False,False,2026-07-10,BUSINESS,2321.82,41343.08,1,Congo,QPFV92329941220635
efce96da-f8e0-4bb7-8c1d-a5d3e907975c,Christina Thomas,40,OTHER,Health and safety adviser,824247.25,HIGH,Ecuador,Lake Stacyborough,PENDING,False,False,2024-05-18,BUSINESS,45850.35,96726.68,2,Svalbard & Jan Mayen Islands,WEBR87341913029595
e33834c1-8434-4e48-84c7-95fd880306e2,Jennifer Hodge,67,MALE,Chartered legal executive (England and Wales),1591790.5,HIGH,Tunisia,Solishaven,VERIFIED,False,False,2024-05-11,INDIVIDUAL,28647.23,12794.95,2,Guernsey,SKYI79660142697981
6fe98067-270b-4f86-a506-f5e79ccaba24,Daniel Trevino,43,OTHER,Publishing rights manager,69954.2,HIGH,Iraq,Helenville,VERIFIED,False,False,2022-09-15,INDIVIDUAL,19165.59,76864.79,4,Tokelau,HOCD83471436880891
1609c6ca-16a3-4c21-b3e1-d2e2efe7b8bf,Emily Evans,44,FEMALE,Community development worker,1970023.77,LOW,Burkina Faso,Georgeburgh,PENDING,False,False,2023-05-06,BUSINESS,18540.53,3025.93,1,Denmark,VDXN96543518177410
7a7c94c0-6370-4cef-9ac9-9c5b876a12ff,Jackie Long,22,FEMALE,"Programmer, systems",322035.61,MEDIUM,Lebanon,East Jonathan,PENDING,False,False,2024-09-09,INDIVIDUAL,43008.59,80100.23,1,Albania,OOSR58193504537377
ac197a0b-d74e-4200-9d46-a117ee8a63c4,Hannah Nguyen,31,FEMALE,"Administrator, education",465380.15,LOW,Jordan,New Williamside,PENDING,False,False,2024-07-16,INDIVIDUAL,1095.42,82032.24,3,Mauritania,FBAE71972887526949
43a49983-818e-48b0-94c0-38e792f7142b,Amy Palmer,62,OTHER,"Loss adjuster, chartered",1269073.1,LOW,Libyan Arab Jamahiriya,North Joseberg,VERIFIED,False,False,2023-03-15,BUSINESS,41128.87,83727.42,2,Macao,IXYZ96589324111130
0043d026-f990-4f0a-a8af-42682c3e6e2e,Douglas Moore,69,MALE,Colour technologist,37815.34,LOW,United Arab Emirates,Port Calebside,VERIFIED,False,False,2025-04-28,BUSINESS,2556.21,62374.29,4,Ethiopia,EUAX39348406992281
cd8bc73e-9fee-41cd-9eff-e1ff449a0f43,Carol Farmer,26,OTHER,Publishing rights manager,936155.28,LOW,Poland,New Derrickview,VERIFIED,True,False,2024-06-04,INDIVIDUAL,27023.74,24240.61,4,Timor-Leste,OSZY39752799539769
85d9aff7-a909-477b-bdb9-5fe33122fcee,Deanna Mcdonald DDS,63,MALE,Actuary,1370377.71,HIGH,Haiti,Williamsmouth,VERIFIED,False,False,2025-09-27,BUSINESS,22646.92,59814.86,3,Philippines,JSAL91982210155320
3fe41438-d67e-4392-b451-c4d6ef527f5e,Jessica Brown,31,MALE,Science writer,55393.38,MEDIUM,Canada,East Heidimouth,PENDING,False,False,2024-06-29,INDIVIDUAL,2315.23,28230.11,2,Lesotho,JDAY30905253499773
1d1ece52-7c69-4e6a-bc61-fa36c4696cdb,Jacqueline Griffith,42,OTHER,Video editor,1942755.78,HIGH,Turkey,East Kyleville,PENDING,True,False,2023-08-08,INDIVIDUAL,16392.24,36797.41,2,Latvia,NYFG85835130410236
63b76b17-66c2-46db-9370-4959c8fb0946,Jennifer Mitchell,35,FEMALE,"Buyer, retail",1887605.56,MEDIUM,Hungary,East Chadview,VERIFIED,False,False,2021-09-14,INDIVIDUAL,15463.54,87020.19,3,Lesotho,IUUU68395552351546
b6bb8b14-40b9-43b9-8523-c5bbb09a3567,Stephanie Murphy,81,OTHER,Camera operator,691240.48,LOW,Switzerland,South Kelseyfurt,PENDING,False,False,2023-03-04,INDIVIDUAL,40333.72,97072.28,2,Serbia,VDSC80489836628287
9b648a86-2cdd-4a47-a498-cb0df486dff7,Rebecca Rogers,70,FEMALE,Visual merchandiser,786802.22,MEDIUM,Micronesia,South Anthonyshire,PENDING,False,False,2025-10-11,BUSINESS,26037.25,91169.53,4,Burundi,PQMJ54422437301118
5c54e38b-3eed-4e27-88d5-e1cdec08df88,Brad Weber,56,FEMALE,"Psychologist, clinical",1400812.35,LOW,Libyan Arab Jamahiriya,Jerryville,PENDING,False,False,2021-09-13,INDIVIDUAL,45014.58,49381.71,1,Pitcairn Islands,FTMN02927639602981
1ecc4c11-dc43-4ac6-82bf-4bda5d2f5b5d,Jerome Fisher,84,OTHER,Legal executive,1059277.15,HIGH,Cayman Islands,Kathyborough,PENDING,False,False,2022-03-28,INDIVIDUAL,30787.07,71886.11,1,Norfolk Island,JYMS86503764709228
92af3ae6-f4b3-4e23-b969-bec3a5357d17,Angela Mosley,30,OTHER,Historic buildings inspector/conservation officer,1963639.65,MEDIUM,Sierra Leone,Ericfurt,VERIFIED,False,False,2024-04-19,BUSINESS,10150.08,30563.76,2,Iceland,GNEE90232386665986
6167009d-ef6c-4c26-ac3f-ad3baa2857e0,Gregory Walker,43,FEMALE,Ambulance person,414387.45,MEDIUM,Uzbekistan,South Destiny,VERIFIED,False,False,2022-10-20,INDIVIDUAL,1097.59,43193.24,2,Georgia,IDDP35368206818182
61decddc-fb1d-46de-9910-b4153e03a390,Joseph Anderson,23,FEMALE,Textile designer,1946734.58,MEDIUM,Latvia,Lopezview,PENDING,False,False,2025-06-27,INDIVIDUAL,41251.69,17424.27,1,Japan,CQYY61274690234459
ebe19a7e-ea80-483c-b81c-5344989fc1f3,Andrea Paul,66,OTHER,Diagnostic radiographer,604812.9,LOW,Mozambique,East Tammy,PENDING,False,False,2023-11-21,BUSINESS,14292.22,42863.65,2,Qatar,XNAA60176298365110
e0a9f803-7a67-4b9c-84f2-d2f3cb17ad7b,Alicia Preston,18,FEMALE,Early years teacher,1006271.09,MEDIUM,Fiji,South Mistyborough,VERIFIED,False,False,2024-07-25,BUSINESS,19673.0,13392.67,4,Guinea,DWNW04391032040451
6cba35b4-bebc-4114-a768-5042700ebf03,Chris Rodriguez,57,MALE,Acupuncturist,983512.07,HIGH,Saudi Arabia,Stricklandstad,PENDING,False,False,2024-12-11,INDIVIDUAL,42600.97,96857.49,4,Mauritania,WUVJ59108125809351
8e7d265a-6fdc-407d-a5d1-531be3a1ac97,Michael Coleman,74,OTHER,Tax adviser,203760.73,LOW,Israel,Hintontown,VERIFIED,False,False,2022-04-09,BUSINESS,30579.63,71215.47,3,Guyana,LGHJ53049366009984
8d93d8aa-a058-46bd-bbff-c404b560eb6f,Caroline Frye,90,FEMALE,Museum/gallery curator,824853.38,MEDIUM,Puerto Rico,West Catherinemouth,VERIFIED,False,False,2022-02-27,INDIVIDUAL,9530.15,13509.94,2,Brazil,SZZV11409765958050
6ede202a-cbf3-4d1f-810e-e814e50c3450,Brian Alvarado,78,MALE,"Therapist, art",1619846.49,LOW,Czech Republic,Everettborough,PENDING,False,False,2023-10-20,BUSINESS,20215.14,59826.09,1,Saint Helena,FHNO32469791469403
88c486ca-7eba-4519-91f0-64a3fd6e88f2,Charles Ferguson,30,OTHER,Chiropractor,363563.7,HIGH,Djibouti,Austinberg,PENDING,False,False,2021-09-03,INDIVIDUAL,17116.11,84180.48,4,Switzerland,ALNC01620509399953
1ba8c3f3-7436-40a7-840d-b412e7a203c7,Misty Wagner,22,MALE,Chartered loss adjuster,1622550.04,MEDIUM,Ethiopia,Smithbury,VERIFIED,False,False,2022-04-08,INDIVIDUAL,19973.69,38820.26,4,United States Virgin Islands,TZVO99705184586243
f150c1b9-b22c-4a2a-9921-c59f766953c7,Robert Nguyen,87,FEMALE,"Scientist, forensic",843651.62,LOW,Latvia,New Julieport,VERIFIED,False,False,2022-04-07,BUSINESS,45040.19,70152.73,1,Greece,GANJ01306777542988
c5ae0c1a-2e25-4e6e-a072-d6f802b7c28a,James Rodriguez,43,MALE,Financial manager,1293909.65,LOW,Paraguay,Emilyshire,VERIFIED,True,False,2024-06-09,BUSINESS,48909.75,20317.77,2,Tunisia,XBSX01913451763618
11a6fa39-7c63-46d2-b10c-06cdb8de5984,Richard Gonzalez,29,OTHER,"Teacher, music",171942.43,HIGH,Japan,Cookeberg,VERIFIED,False,False,2023-10-04,BUSINESS,22264.26,34987.72,1,Mauritius,DSEV54142632521236
ed769109-b7e1-4524-b233-1cbaba81434e,Tracy Gonzalez,21,FEMALE,"Accountant, chartered public finance",857307.78,HIGH,Pakistan,Belindafurt,PENDING,True,False,2022-11-11,INDIVIDUAL,1814.51,98461.76,1,Algeria,UEJE77330445253787
41ed6086-c127-4390-aef2-fd2e288fc3c1,Timothy Alvarez,45,FEMALE,Futures trader,1130575.29,LOW,Andorra,Juanton,VERIFIED,False,False,2025-02-08,INDIVIDUAL,35623.83,40272.4,1,Saint Barthelemy,DKTA15654684495147
5e51202f-1d7b-43d2-a797-59c8c94a244f,Sara Jackson,81,MALE,"Engineer, production",1182043.87,MEDIUM,Argentina,Mezachester,VERIFIED,False,False,2023-07-31,INDIVIDUAL,11098.2,28054.7,2,El Salvador,KPOO65326459797761
2d31e47f-1789-4b19-b8d8-2a78046825a2,Julia Mccoy,49,OTHER,"Copywriter, advertising",1065364.7,MEDIUM,Austria,Jesusville,VERIFIED,True,False,2024-12-21,INDIVIDUAL,17189.99,72999.64,1,Syrian Arab Republic,IZEW25035314555940
c8cdf1b6-1d35-400b-a76c-fc6c655fe5ba,John Sandoval,34,OTHER,Tourism officer,588708.7,LOW,Portugal,Jessicaville,PENDING,False,False,2022-09-08,BUSINESS,1693.61,68580.98,4,Lesotho,LXEU25547900908550
3ff76387-2518-4366-9049-fd0b4dd00a47,Phillip Green,74,OTHER,Purchasing manager,1839853.51,HIGH,Japan,North Jamesstad,PENDING,True,False,2022-10-18,BUSINESS,8946.49,51750.47,3,Gibraltar,EYWW43454512789743
14eaf676-4eb0-4b76-98be-04707883313e,Jeremy Chapman,40,FEMALE,Visual merchandiser,297232.39,MEDIUM,Slovenia,Nelsonville,PENDING,False,False,2022-09-25,BUSINESS,8569.02,75079.57,4,Belarus,KHVL39972411763521
5a09f018-2602-4725-8daf-d969f1dc90fc,Dylan Wallace,52,OTHER,Forest/woodland manager,396172.1,LOW,Saint Martin,Angelport,VERIFIED,False,False,2022-10-03,BUSINESS,15751.25,71359.62,3,Nepal,FXNS88778982412992
4d04e2bf-610a-4815-9cea-3378220005b2,Debbie Daugherty,81,OTHER,Art therapist,231965.01,HIGH,Andorra,New Timothyfort,PENDING,False,False,2023-03-17,INDIVIDUAL,44316.14,10058.64,3,Marshall Islands,XMKA67071192784622
039e3cf1-4eac-4dce-88f5-a59c508b63c0,Matthew White,78,MALE,Best boy,1604350.64,HIGH,Zimbabwe,Johnmouth,PENDING,False,False,2023-08-31,INDIVIDUAL,2704.05,58472.41,1,Rwanda,XAHN65985679863957
f4566d11-c5e1-4b25-a1da-bc375185594e,Debra Caldwell,57,MALE,Energy manager,970608.03,MEDIUM,Malta,Alexandraview,VERIFIED,False,False,2021-08-24,BUSINESS,37888.21,23666.1,3,Senegal,GUZK42021936925353
26de5457-e6fd-47e7-bf0a-246efff0944e,Sharon Garcia,75,OTHER,"Surveyor, planning and development",228183.21,LOW,Egypt,Barnettshire,PENDING,False,False,2026-07-02,INDIVIDUAL,47193.08,64908.69,3,Finland,NAGY45194960555859
e189bb80-c198-493a-a185-0782c62258d0,Joshua Gallegos,83,MALE,Tax adviser,341610.82,LOW,Uganda,Jacobmouth,PENDING,False,False,2024-03-24,INDIVIDUAL,4098.28,98657.63,4,Syrian Arab Republic,EXJO79100037784834
d47009c1-2a92-4c03-9abb-f8f0707a45c0,Devin Hernandez,85,FEMALE,"Therapist, occupational",481072.79,MEDIUM,Cyprus,Port Megan,PENDING,False,False,2024-05-24,INDIVIDUAL,8991.22,75747.72,2,Mali,NPZF54532118326081
7ed81426-343f-4a20-aea1-bd77d74bde82,Julia Higgins,65,OTHER,Pension scheme manager,241860.62,HIGH,South Georgia and the South Sandwich Islands,Michelleton,VERIFIED,False,False,2022-03-03,INDIVIDUAL,32162.72,69875.29,1,Greenland,QWQI66926048164126
4aa3180e-591e-4512-8f71-36746482c0fa,Kimberly Kelley,28,MALE,Ambulance person,720284.96,HIGH,Comoros,Brownview,VERIFIED,False,False,2024-06-10,INDIVIDUAL,15141.48,63988.38,1,Ghana,WYRU32757749392397
6bc25d87-1380-40b5-a598-40b5b2ae1744,Haley Short,86,OTHER,Occupational hygienist,1586569.76,LOW,Somalia,North Heather,PENDING,False,False,2022-12-07,BUSINESS,8655.14,75815.54,2,Cyprus,IPYO63120243914284
a978f65c-3fef-49e9-9163-ebbf4f1785c4,Oscar Flynn,31,MALE,Pathologist,1524974.79,MEDIUM,Andorra,Durhambury,PENDING,False,False,2026-05-28,INDIVIDUAL,32091.19,2261.28,1,Bangladesh,YHLM47397360280488
7764defa-3f4e-4b9b-ba5c-80d4895861b7,Christian Rich,31,FEMALE,"Engineer, water",1977083.72,HIGH,Equatorial Guinea,Greeneburgh,VERIFIED,False,False,2024-02-04,BUSINESS,49080.29,25354.28,1,Faroe Islands,RHKS23365826202815
736a9aad-1210-4a3f-a626-f1744f3ca2ee,David Jones,82,OTHER,Health and safety adviser,1036038.7,MEDIUM,Samoa,New Angela,PENDING,False,False,2026-07-05,BUSINESS,27012.13,24298.6,2,Bahrain,TSXY74465700113011
613a24ca-0004-4813-aae6-3f3e8e92393f,Peter Richards,85,OTHER,Exhibition designer,1884364.44,HIGH,Belarus,Ashleystad,PENDING,False,False,2021-12-16,BUSINESS,12997.9,62961.98,4,Congo,UWBY57141060515614
80402837-d29f-4337-a32b-9f56dc9d2ad0,Christopher Lewis,67,MALE,Medical technical officer,766069.4,MEDIUM,American Samoa,Lake Donald,VERIFIED,False,False,2025-04-01,INDIVIDUAL,5377.27,49908.65,4,Malawi,DHLG64223758699263
54a46de7-3b17-4678-924c-98880ce67016,Emily Hawkins,37,MALE,Product designer,1189923.5,LOW,Mauritania,New Rebeccafurt,PENDING,False,False,2022-07-26,INDIVIDUAL,6545.04,17685.03,2,Zimbabwe,OGFZ09974109244587
d20bb1de-f178-4a28-9053-5b14a65aab7a,Mark Roberts,85,OTHER,Adult guidance worker,536930.39,HIGH,Cambodia,Lake Kathleen,VERIFIED,False,False,2022-02-28,INDIVIDUAL,10728.1,65322.31,1,Montserrat,XCVZ08651814477679
4cc3c002-4e00-42da-8cfa-523fec55f076,Elizabeth Farmer,73,MALE,Chartered public finance accountant,1741392.48,MEDIUM,Saint Vincent and the Grenadines,Andrewshire,VERIFIED,False,True,2023-01-13,INDIVIDUAL,39796.51,23215.77,4,Congo,KCZR21165132664478
abc4a1f3-a6da-49f4-92a1-a03b64136b81,Julie Martinez,33,MALE,"Teacher, primary school",173768.14,MEDIUM,Korea,Jasonview,PENDING,False,False,2021-11-12,BUSINESS,26725.45,47297.99,3,Ukraine,NMJJ98870456852699
e694bfaf-2176-48c6-8f4a-d2dedc3f04ca,Scott Allen,58,MALE,"Engineer, maintenance (IT)",944624.73,MEDIUM,Dominican Republic,Melaniemouth,PENDING,False,False,2023-12-28,BUSINESS,48651.79,46350.28,4,Guatemala,CUZJ98813553772472
1190dc5f-2396-4e26-9a95-6cdfeb9959d8,Carolyn Sanders,56,MALE,Logistics and distribution manager,443137.49,MEDIUM,Egypt,Donaldchester,VERIFIED,True,False,2021-09-10,INDIVIDUAL,41193.48,9901.31,3,Kiribati,MDPZ10120436317275
944aecc2-da33-4960-be52-6fd2c635fd39,Robert Miller,60,FEMALE,Claims inspector/assessor,861289.4,LOW,Benin,Crystalside,PENDING,False,True,2025-06-07,BUSINESS,11138.64,84226.61,2,Western Sahara,ABHU11365531612869
246d5e53-b408-4acd-a8ef-dff9626bf6e9,Robert Cochran,80,FEMALE,IT consultant,1718324.23,LOW,Nigeria,Gibsonstad,VERIFIED,False,False,2023-08-18,INDIVIDUAL,21366.84,5427.04,1,Tajikistan,TVKD21084432625538
59f2b363-2110-4482-9843-015053b0f6f8,Jillian Harris DDS,82,OTHER,Chartered certified accountant,1839053.69,MEDIUM,Philippines,Lake Heather,VERIFIED,False,False,2022-06-17,BUSINESS,19945.97,32003.93,1,Micronesia,LFOR36237525720107
d7426cd6-d4a2-4e81-bd0c-d3c5d03e2189,Sara Morrison,86,MALE,Telecommunications researcher,781129.2,HIGH,British Indian Ocean Territory (Chagos Archipelago),Michaelstad,PENDING,False,False,2024-12-03,BUSINESS,39256.98,61553.42,3,Belarus,PTHS79861140638526
42bd4b8a-d630-4803-bb18-67729b18ef07,Jacob Lynch,83,MALE,Operational researcher,722364.02,LOW,Korea,Williamsport,PENDING,False,False,2026-04-17,INDIVIDUAL,11409.33,89424.52,1,Oman,YGDS10753601831769
d236517d-451a-45d6-9209-72406f7416e8,Joshua Robinson,58,FEMALE,Trade mark attorney,1129480.89,HIGH,Egypt,East Billymouth,VERIFIED,False,False,2023-03-19,BUSINESS,22695.84,18886.49,1,Haiti,XUYO06169125794637
3d1e6a37-5fa9-41b4-94fc-69945702c031,Vanessa Wright,43,FEMALE,"Biochemist, clinical",518736.06,MEDIUM,Honduras,Perezbury,PENDING,False,False,2023-02-06,BUSINESS,7357.29,2416.27,2,Azerbaijan,UPNV16995543085866
65178f7d-62be-4126-b2fa-3a0f7b8382ab,Rita Shaffer,78,FEMALE,Chartered management accountant,1210608.94,MEDIUM,Estonia,East Meredith,VERIFIED,False,False,2025-08-29,INDIVIDUAL,32434.88,31763.78,4,Reunion,WNWY58858766363563
31fd122a-0cf9-49c9-9693-56b42e77ea96,Michelle Benton,38,OTHER,Pathologist,1587436.64,LOW,Ethiopia,Mclaughlinville,VERIFIED,False,False,2025-01-31,INDIVIDUAL,5955.76,46760.7,3,Honduras,YVBZ01760440586599
96f19b20-929c-4a78-a013-6a21bd6eb7be,Lee Johnston,19,FEMALE,"Administrator, Civil Service",1871056.91,LOW,Burundi,Mercadostad,VERIFIED,False,False,2021-09-23,BUSINESS,35095.45,33931.34,4,Belize,HQXC09791926166735
52e21143-2bec-4132-b4fa-649b76940181,Gregory Harding,72,MALE,"Scientist, research (maths)",592088.95,HIGH,Papua New Guinea,South Chad,PENDING,False,False,2025-12-03,INDIVIDUAL,21157.46,98741.63,4,Spain,HLZY48078808280523
595b0fe0-0ff0-4dd6-bdda-a471a68c827a,Bryan Lara,74,OTHER,Clinical molecular geneticist,1253835.38,LOW,Vanuatu,Jacobstad,VERIFIED,False,False,2021-11-22,INDIVIDUAL,16521.18,49268.19,1,Nepal,GKDN37014491677471
7e10c6e5-8182-4f8f-abf3-a047fb5b3af8,Christine Mclaughlin,56,MALE,Air traffic controller,93500.29,HIGH,Libyan Arab Jamahiriya,Lake Haleytown,VERIFIED,False,False,2026-01-12,BUSINESS,36737.78,75229.84,4,Armenia,LDZV71744254388620
49514f4e-1a51-4120-ba93-363de4f1710d,Heather Bell,64,OTHER,Waste management officer,682180.25,MEDIUM,Cook Islands,Wallacefort,PENDING,False,False,2023-08-11,BUSINESS,7045.07,8919.29,4,Qatar,TYSW62006296284535
80c9cc06-6a03-4970-ba82-239424a43b2b,Brandon Torres,82,FEMALE,Acupuncturist,498119.54,HIGH,Tunisia,Port Candice,PENDING,False,False,2023-04-19,INDIVIDUAL,10207.65,64494.99,1,Philippines,DBVY03383167135076
bfbc0d16-dae3-46aa-9951-82829b199999,Tony Peters,66,MALE,Hotel manager,762765.55,LOW,Puerto Rico,West Kimberlyshire,PENDING,False,False,2025-07-08,INDIVIDUAL,48290.09,57050.38,4,Chile,SBWN32992384278960
7804b535-b2bc-4f65-89e1-8ddb74abc825,Michael Coleman,77,OTHER,Administrator,661724.33,HIGH,Timor-Leste,Olsonland,VERIFIED,False,False,2025-10-04,INDIVIDUAL,39436.15,65030.78,3,North Macedonia,JIMJ70590906608951
d7c9e89c-72d3-4105-8712-bf11a4213119,Kevin Burgess,34,MALE,Company secretary,1126105.54,LOW,Congo,Kevinberg,PENDING,False,False,2025-05-17,INDIVIDUAL,21781.15,1620.88,2,Lithuania,DCAO35801657706850
60b53055-d39b-4175-905f-966c0e328841,Jimmy Sanchez,55,MALE,Industrial/product designer,1695636.08,LOW,Tajikistan,Cherylfurt,VERIFIED,False,False,2025-05-09,BUSINESS,47583.49,38891.38,1,Ghana,KDXW10951340037338
aef6e603-5c6e-44b8-bb4c-9fe209ed2e34,Ronald Ramirez,77,FEMALE,Cabin crew,428793.39,MEDIUM,Tajikistan,East Sean,PENDING,False,False,2023-02-12,INDIVIDUAL,17173.22,2502.45,2,Kazakhstan,GTNQ27997151512269
a4e34c54-b297-4490-befe-210d38a5168a,Keith Riley,58,OTHER,English as a foreign language teacher,210538.25,LOW,New Zealand,Collierton,PENDING,False,False,2026-04-23,BUSINESS,40022.0,2880.64,4,El Salvador,JENF86257878127816
82d2e28c-2b8f-4513-8122-dedaabb87390,John Reed,89,FEMALE,Science writer,1026703.05,MEDIUM,Senegal,East Shannonside,VERIFIED,False,False,2025-05-14,BUSINESS,24445.8,67985.13,3,Maldives,TQHC63895730662620
d6cecdfe-8682-4ce6-a204-50449354417b,William Terry,76,MALE,Midwife,1761694.64,MEDIUM,Albania,Perezfurt,VERIFIED,False,False,2025-07-23,BUSINESS,35420.04,21331.7,4,Bahamas,LXCX78713539115485
2413e2da-14f0-4cc4-bcc9-60c729e54daa,Joshua Buchanan,26,FEMALE,Hydrogeologist,386902.89,MEDIUM,Tajikistan,Geraldbury,VERIFIED,False,False,2023-05-09,BUSINESS,42563.05,68196.94,3,Senegal,HQYV65509274079017
3666216d-f288-46d6-8ddb-39d134801638,Karen Strickland,34,MALE,Advertising account planner,1316747.32,HIGH,Bolivia,East Brittanychester,VERIFIED,False,False,2026-02-18,BUSINESS,45183.75,78496.66,1,Cyprus,ICUN24963647179387
1e484326-7b0d-4c84-9073-fb062abe918d,Monica Hansen,26,OTHER,Editorial assistant,1163618.62,LOW,Philippines,East Dennischester,VERIFIED,False,False,2023-02-20,INDIVIDUAL,26678.04,94217.02,3,Lithuania,GQNW54100717509636
d07f4bc6-85d9-4cd5-ab78-0b7d47990880,David Perez,71,FEMALE,Set designer,397961.96,MEDIUM,Pakistan,West Brandon,PENDING,False,False,2023-10-11,INDIVIDUAL,22481.8,55708.94,3,Jordan,RJEZ65996231818079
6f25f9a6-c76d-4756-8ef0-62b07e044a9e,Keith Edwards,87,OTHER,Product manager,1478409.77,HIGH,Cyprus,Richardton,VERIFIED,False,False,2022-01-03,BUSINESS,32453.72,4951.75,2,Moldova,SZJU75084263226827
03976332-bff8-458c-b150-a2ce90521b1e,Haley Willis,18,FEMALE,Further education lecturer,764302.35,MEDIUM,Guatemala,Hartmanfort,PENDING,False,False,2024-04-17,INDIVIDUAL,36271.05,92011.72,3,Bangladesh,FWOP30466193064589
f9ec1096-9f5c-4466-a440-a0137922684a,Stacey Jensen,21,FEMALE,Surgeon,997788.32,LOW,Mayotte,Leeborough,VERIFIED,False,False,2025-09-05,INDIVIDUAL,14067.23,19488.98,4,British Indian Ocean Territory (Chagos Archipelago),QLTK65351731645110
32244d6f-59f2-4513-8882-5a3b96dad88b,Matthew Yang,51,FEMALE,Advertising account executive,188399.68,LOW,Uzbekistan,Thomastown,VERIFIED,False,False,2024-02-08,BUSINESS,28020.08,98634.63,3,Libyan Arab Jamahiriya,XXLY40722416101270
cfd19323-a1e0-484a-a932-d8bad6120035,Katherine Sims,18,FEMALE,Professor Emeritus,1603166.62,HIGH,Djibouti,Michealhaven,PENDING,False,False,2026-04-30,BUSINESS,13661.82,17751.92,1,Morocco,PQCR81704255072219
04de88eb-16c9-4898-ab8e-eac5c2ec1248,Monica Fitzgerald,24,MALE,"Engineer, maintenance",1528601.31,MEDIUM,Botswana,Nicholasmouth,VERIFIED,False,False,2025-12-29,INDIVIDUAL,7509.59,51094.16,3,Japan,XTDS83170347768682
887116e8-db0b-4b8f-8704-061f13aed74a,Victoria Mitchell,30,MALE,Music tutor,1518351.84,LOW,Egypt,Castilloborough,PENDING,False,False,2025-07-10,INDIVIDUAL,43945.33,63020.18,1,Singapore,ZUOK43041738673244
e2f4c5a3-4e9d-4c3d-ac48-09dca5620b93,Jonathan Marquez,44,MALE,"Presenter, broadcasting",1517111.89,HIGH,Dominican Republic,Port Brianna,PENDING,True,False,2024-05-19,BUSINESS,2181.3,3305.52,3,Czech Republic,YQQH76346073172450
c7652ce1-704d-45d8-802b-ace81aa48d7d,Alexander Pierce,74,MALE,Energy engineer,1881663.68,HIGH,British Indian Ocean Territory (Chagos Archipelago),Mooretown,VERIFIED,False,False,2025-01-29,INDIVIDUAL,5944.73,48939.15,3,Sao Tome and Principe,LFSO69964079664244
d7093b04-f990-4a36-b43b-4fc984c7a08b,Brian Wilson,22,OTHER,Retail banker,429827.79,HIGH,Zambia,Vegashire,VERIFIED,False,False,2023-01-20,BUSINESS,32870.69,8279.34,3,Tajikistan,XEZM77089976750459
4086d3b5-11e1-4f76-b4ed-5f3a8da09d7a,Anna Roberts,57,MALE,Comptroller,1365959.48,MEDIUM,Qatar,Stevensmouth,PENDING,False,False,2021-09-20,BUSINESS,29013.84,17095.52,1,Luxembourg,WEIC41682737412211
4cbf48c7-c6b8-4c67-a28e-35fb8aa20a71,Gail Gilbert,29,FEMALE,Customer service manager,1930495.23,LOW,Hungary,West Kevinshire,PENDING,False,False,2024-04-26,BUSINESS,4057.08,23081.88,2,Luxembourg,KQYJ57750033143772
c7beec68-3bb1-4101-9be2-37afb9d8ccff,Joseph Carpenter,71,FEMALE,Dealer,1197787.13,MEDIUM,Saint Helena,Michaelborough,PENDING,False,False,2024-11-14,INDIVIDUAL,43190.41,16536.44,3,Germany,SPHS46571118493123
c8d81c34-f1ce-451c-b0a2-11be1d3bdff4,Christopher Sullivan,52,MALE,Call centre manager,451173.7,HIGH,Tuvalu,South Charlotte,VERIFIED,False,False,2025-08-27,INDIVIDUAL,4423.4,31175.67,3,United States Minor Outlying Islands,QEZY04033575876287
1ac52879-98fc-4f95-a410-2b4c047bcfd8,Joel Petersen,46,OTHER,Hydrogeologist,1256130.85,LOW,Vietnam,North Evelyn,PENDING,False,False,2025-01-13,INDIVIDUAL,23808.04,32421.87,3,Portugal,XFUE52859822480308
58442c1d-6d4a-4998-8a76-1bdb7f3ba5e0,Ann Davis,66,FEMALE,Community arts worker,1472333.46,LOW,Tokelau,Port Tammyview,VERIFIED,False,False,2021-09-29,BUSINESS,48277.87,88720.75,1,Montserrat,NLUT55340271070756
8cef6d88-7da2-4e87-92e2-e7957832e66a,Mark Howell,52,MALE,Field trials officer,1669560.78,MEDIUM,Costa Rica,North Aprilmouth,VERIFIED,False,False,2026-05-12,BUSINESS,15469.39,63441.41,4,Zimbabwe,LMMN01143559344921
ebf90975-c55a-46d8-bdad-c7258d4350c0,Guy Perkins,65,MALE,Paramedic,1067321.4,HIGH,Cote d'Ivoire,Lake Rachaelfort,PENDING,False,False,2024-05-05,BUSINESS,31528.82,38481.98,3,Ukraine,FWGE19074470332399
7396a744-21db-41df-bdb2-7f67a51e3746,Michael Hernandez,33,MALE,Accommodation manager,648660.99,MEDIUM,Burkina Faso,Pittsmouth,PENDING,False,False,2023-12-02,BUSINESS,33442.88,88758.89,4,Pitcairn Islands,BONG92688520276280
da82acc5-ecbe-41dd-a87f-1a07a04af354,Dylan Coleman,64,FEMALE,Microbiologist,307051.84,LOW,Central African Republic,Lake Christopher,VERIFIED,False,False,2024-10-07,INDIVIDUAL,31668.34,7543.82,1,Moldova,COIG06467029185436
90c257b9-e775-4fb2-b164-e88ab01de421,Joseph Morgan,19,FEMALE,Advertising copywriter,935274.74,HIGH,North Macedonia,West Dennis,PENDING,False,False,2024-08-01,BUSINESS,32898.32,93200.39,3,Morocco,JAGQ08017030771733
88a67c55-d637-489e-bb43-d1e66c6cc1e4,Elizabeth Flores,39,MALE,Patent attorney,1984307.9,HIGH,Georgia,West Michaelmouth,VERIFIED,False,False,2024-07-18,BUSINESS,12493.15,78580.33,1,Maldives,IUSY48059072086350
9098acf0-8005-44ea-b377-919427de446c,George Thomas,68,OTHER,Multimedia programmer,600071.35,MEDIUM,Bahamas,Lake Phillip,VERIFIED,False,False,2025-05-04,BUSINESS,17424.94,90555.12,3,Czech Republic,IONZ30376938195503
1bd71e5d-4e74-4e06-ba38-2f6a64146edc,Gregory Moore,18,MALE,Make,811687.49,MEDIUM,Bulgaria,Jilliantown,VERIFIED,False,False,2022-10-10,INDIVIDUAL,45621.11,7280.23,3,Belarus,JFXP26196761270874
915a2097-e16c-4b84-8937-1f422d6b5d84,Jared Church,44,OTHER,"Programme researcher, broadcasting/film/video",256994.77,MEDIUM,Liberia,Krausefurt,VERIFIED,False,False,2025-09-26,BUSINESS,8634.65,74889.03,2,Monaco,QYTN01496798542053
d2a80aa6-7196-42d0-9087-346f78fa69c7,Daniel Gonzalez,52,MALE,Travel agency manager,344083.72,HIGH,Saint Kitts and Nevis,Fletchershire,VERIFIED,False,False,2022-11-23,BUSINESS,5917.83,97214.12,3,Gabon,GUAO37466436290599
6c5f0bc5-0274-40bd-b19e-692038e68765,Michelle Kramer,60,OTHER,Sport and exercise psychologist,1431693.4,MEDIUM,Saint Pierre and Miquelon,North Shirleyview,VERIFIED,False,False,2022-03-24,INDIVIDUAL,35361.87,71527.66,1,Trinidad and Tobago,ZTYC59266250880836
62c0abec-a2e1-4d0c-8736-29edeced938f,Mary Delgado,69,OTHER,Professor Emeritus,1352783.53,MEDIUM,Rwanda,West Tinamouth,PENDING,False,False,2022-01-01,BUSINESS,24712.91,13303.59,1,Venezuela,IYWJ30449269149514
8a31ac7a-ae3b-4c68-850a-ae77430c7ee5,Anna Cooper,69,FEMALE,Tourism officer,1221916.4,HIGH,Cayman Islands,Justinhaven,VERIFIED,False,False,2024-12-05,INDIVIDUAL,17649.47,40459.01,2,Sudan,FZWN09183385992556
3bf3b9be-05e9-406c-a493-f9d5987efbe3,Brett King,86,MALE,"Producer, radio",716595.27,HIGH,Lebanon,Mccallshire,PENDING,False,False,2023-10-11,INDIVIDUAL,39063.61,92219.35,2,Ecuador,AUJW30391786069093
1c27242c-817e-4804-861b-8cda214f3b88,Christina Baldwin,57,OTHER,Health promotion specialist,661825.74,HIGH,Jamaica,Jamesburgh,VERIFIED,False,False,2022-01-29,BUSINESS,29419.76,55434.47,4,Haiti,HAND44475421132364
9d17021d-3ac1-4562-b02d-7fff25ae41d9,Margaret Gonzalez,56,MALE,Quantity surveyor,1743437.55,MEDIUM,Italy,Scotthaven,PENDING,False,False,2024-01-28,INDIVIDUAL,12911.34,25458.89,1,Serbia,HJZZ06350403838510
cb79909b-9c89-4586-9279-ab709d035ef7,Lisa Anderson,43,OTHER,Media buyer,1558729.18,HIGH,Guatemala,South Kyle,PENDING,False,False,2024-12-24,INDIVIDUAL,45007.35,63192.52,1,Honduras,AHOJ19034992325453
f2bc19cc-d74a-43a1-b7ba-cde4602e4d0c,Stacey Miller,46,FEMALE,"Teacher, adult education",727277.66,HIGH,Mayotte,Lawrenceview,PENDING,False,False,2023-08-19,INDIVIDUAL,35020.05,69784.05,1,Antigua and Barbuda,ZZDK13905013444279
33520a43-e27e-4555-92df-023d7f3b7a79,Stephanie Kent,27,OTHER,Facilities manager,972958.41,LOW,Ethiopia,Maryhaven,PENDING,False,False,2026-01-17,INDIVIDUAL,17939.38,86567.67,4,Dominican Republic,WZQF44628565347176
ccbcb141-e832-4db4-a01e-c070c8bbb4d0,Eric Wallace,62,FEMALE,"Designer, ceramics/pottery",1946316.46,HIGH,Kyrgyz Republic,North Andreafort,VERIFIED,False,False,2022-12-30,INDIVIDUAL,34538.97,25968.88,2,Hungary,XNSH97053841648518
6e34abcd-4d9b-4f79-b218-9371c38605db,Paula Mahoney,56,MALE,"Engineer, electrical",29074.48,HIGH,Estonia,South John,VERIFIED,False,False,2021-12-22,BUSINESS,49290.66,87194.16,3,Denmark,MZLC51149127229760
b6349562-b25c-464e-9ff6-2581f446ac4e,Stephanie Bridges,86,MALE,Heritage manager,569784.17,LOW,Tunisia,Edwardtown,PENDING,True,False,2025-03-14,BUSINESS,5517.19,18050.62,4,Lebanon,RTPK62864381188796
78e4eae4-c785-4a13-92ef-9c16db540b44,Jay Guzman,60,MALE,"Therapist, nutritional",1445019.95,MEDIUM,Montserrat,North Elizabethbury,PENDING,False,False,2026-05-09,INDIVIDUAL,10305.36,28478.83,4,Austria,FLTS53296136581667
a49357bd-d534-46ad-8adb-3d615dea9672,Alan Anderson,50,FEMALE,Investment analyst,868130.22,LOW,Dominican Republic,East Suzanneton,PENDING,False,False,2023-12-30,INDIVIDUAL,41271.05,71489.44,1,Japan,EDNL57028367176474
67a8f26d-2924-4f95-99a3-fc6e1e7810e5,Cory Mayer,22,FEMALE,Further education lecturer,548393.23,LOW,Kyrgyz Republic,West Malloryshire,VERIFIED,True,False,2023-05-21,INDIVIDUAL,36781.85,41670.4,2,Guam,XCFQ02110818888798
65a65852-e07e-4443-9cc5-d515e7d3a8a6,William Farmer,35,OTHER,Interior and spatial designer,1564509.0,HIGH,Spain,Lamburgh,PENDING,False,False,2022-11-25,INDIVIDUAL,13352.81,61671.74,3,Syrian Arab Republic,NNDS28927764205090
7fb78c5a-f564-4003-a938-38d0e742b106,Jared Lewis,53,MALE,"Designer, industrial/product",629332.99,MEDIUM,Burkina Faso,South Susanchester,PENDING,False,False,2022-06-22,INDIVIDUAL,3843.53,7456.9,3,Bosnia and Herzegovina,IBRF32232299019189
349f6d4a-86bd-43db-b912-97f8f95ac0ff,Jamie Luna,81,OTHER,"Librarian, public",1364759.04,HIGH,Greece,East Erin,PENDING,False,False,2025-04-25,INDIVIDUAL,49371.21,53243.55,4,Spain,DFSE36104789802874
a8467c31-16fb-40d7-a03a-d0212ce5ddcc,Penny Price,82,OTHER,Operations geologist,171368.54,MEDIUM,Netherlands,Hoffmanview,VERIFIED,False,False,2025-01-29,BUSINESS,7098.05,58590.36,4,Barbados,TDTK45206935724345
90039755-fd00-4031-a61e-c7cb941608f4,Lisa Reed DVM,57,FEMALE,Materials engineer,930869.0,HIGH,Australia,East Williamville,PENDING,True,False,2023-04-10,BUSINESS,42475.05,69735.68,4,Sao Tome and Principe,JXEO56596251132134
290223c1-9aca-41c4-a1f9-1b501f66ff41,Patrick Chavez,49,FEMALE,Control and instrumentation engineer,694617.72,HIGH,Argentina,Ramirezland,PENDING,False,False,2025-07-13,INDIVIDUAL,4851.94,54503.5,4,Kiribati,KVIE16017800312376
f0de11b6-5b0a-4dd0-8132-79db5f0d1d15,Jeremy Strickland,82,FEMALE,Chief of Staff,1285236.47,HIGH,Saint Barthelemy,Lake Christopher,PENDING,False,False,2022-08-20,BUSINESS,12993.5,21564.22,4,Congo,LWLE53746142533737
89fe9f35-8218-4226-a171-271b8fe233f6,Michelle Willis,25,FEMALE,Network engineer,1424371.49,HIGH,Angola,Port Abigail,PENDING,False,False,2023-01-02,INDIVIDUAL,45496.82,76270.52,2,Solomon Islands,BRVQ54794820903189
c6098ee7-89ad-44db-8223-d653229e4f79,Zachary Sloan,35,FEMALE,Health and safety inspector,1023750.61,LOW,Saint Pierre and Miquelon,Michaelfurt,VERIFIED,False,False,2024-03-25,INDIVIDUAL,22208.2,81276.46,3,Netherlands Antilles,DDTR14933567378693
f521babb-af86-47d5-83d5-4ed14cb04d02,David Ortega,33,FEMALE,"Production assistant, television",1190202.9,HIGH,Belgium,Crawfordmouth,VERIFIED,False,False,2022-04-24,BUSINESS,18409.88,32012.02,4,New Zealand,CIKT78326732995193
fc09fd67-f7d4-461b-8b4b-f93a9cb57166,Joseph Jackson,55,OTHER,"Journalist, newspaper",1122464.21,LOW,Iceland,Matthewland,VERIFIED,False,False,2022-02-08,BUSINESS,13544.89,19300.23,1,Uzbekistan,CHAS18990755281988
a8ddcbbd-5e40-4656-9013-867dc1d64f6f,Valerie Hansen,41,FEMALE,Data processing manager,984258.23,HIGH,Australia,Lake Gavinmouth,PENDING,False,False,2023-04-24,INDIVIDUAL,13189.62,59122.94,1,Burundi,WSRS71407630636958
356488fd-9603-4b92-a253-abca2b8f3754,Craig Owens,54,FEMALE,"Production assistant, radio",233319.92,HIGH,Estonia,Port Timothy,PENDING,False,False,2022-10-15,INDIVIDUAL,21588.36,87396.77,4,Cyprus,LMIA55772340252030
56e7a95b-b19b-4d53-b4cc-275de8b9f908,Tara Kelley,51,OTHER,Gaffer,564199.49,HIGH,Poland,Parksstad,VERIFIED,True,False,2025-12-15,BUSINESS,31019.95,31700.24,4,Kazakhstan,WZOJ62551684001329
4fadbb7f-ba46-4752-b3c6-df4f71343839,Emily Brooks,71,OTHER,"Therapist, nutritional",286673.56,LOW,Mayotte,West Desireeview,VERIFIED,False,False,2026-03-26,INDIVIDUAL,20806.81,23803.32,1,Ghana,UFSE18591209535295
176f67a7-e7bc-44da-ba03-08dec49f1fc5,John Mack,90,FEMALE,"Scientist, clinical (histocompatibility and immunogenetics)",263122.5,HIGH,Slovenia,Normanhaven,PENDING,False,False,2023-12-17,INDIVIDUAL,15504.99,19042.67,1,Antigua and Barbuda,BUFH99730330829378
5ce43112-5f5d-4470-bf3b-1ab158223693,David Patel,89,MALE,"Designer, graphic",835847.15,MEDIUM,Guam,Larrytown,PENDING,False,False,2025-10-06,BUSINESS,8962.17,19251.3,2,Palestinian Territory,SGTU20741062045148
d80a0a51-d669-4659-9f08-cfe24c7aef57,Christopher Clark,66,MALE,"Pharmacist, community",394949.95,MEDIUM,Togo,Andrewburgh,VERIFIED,False,False,2024-12-19,INDIVIDUAL,10738.86,1451.01,1,Algeria,ZATH08535875040884
f2ad5674-6fa0-4623-afac-956c94495044,Bruce Rodriguez,55,OTHER,Surgeon,831686.19,MEDIUM,Bouvet Island (Bouvetoya),South Paulberg,PENDING,False,False,2024-07-09,BUSINESS,14447.72,28626.42,2,Costa Rica,GLUW05617175843200
0ef53d3b-23c2-4884-b485-77a08b3af16b,Andrew Cox,79,OTHER,Outdoor activities/education manager,1923831.82,MEDIUM,Cambodia,Reyeschester,PENDING,False,False,2025-11-24,INDIVIDUAL,42028.53,72737.87,4,Singapore,XFKI83833862430922
c777187b-f6b4-44ba-9cdf-18f131bc62b6,Jamie Fields,39,OTHER,Animal nutritionist,578001.21,MEDIUM,Egypt,North Jasonchester,PENDING,False,False,2021-08-05,INDIVIDUAL,3491.17,26787.41,2,Maldives,FUNQ16795528347652
77245aa6-4611-4063-97ff-c40873371dcc,Dave Powell,18,OTHER,Geoscientist,1168266.69,HIGH,Tuvalu,Gilberttown,PENDING,False,False,2025-11-02,BUSINESS,21225.58,42630.96,4,Bouvet Island (Bouvetoya),NDEK65190197163345
3de6a88d-1714-4bfd-a11a-5a98828588b5,Keith Clark,78,MALE,"Teacher, adult education",903056.47,MEDIUM,Russian Federation,East Christown,VERIFIED,False,False,2026-02-23,INDIVIDUAL,3991.41,58042.59,2,Samoa,SHXX10229785624202
66891149-0450-4032-82b8-cd8d8d02d8e1,Monica Baldwin,35,OTHER,"Engineer, petroleum",452259.15,LOW,Bahamas,Ianmouth,VERIFIED,False,False,2024-09-07,BUSINESS,44557.22,21227.49,4,French Guiana,AZHP24071893050818
aab30525-a744-4fbe-9240-caedd05119ce,Tyler Powers,68,FEMALE,Public relations account executive,933398.75,MEDIUM,Nauru,North Garyland,VERIFIED,False,False,2024-02-14,BUSINESS,22503.0,59171.73,1,Guyana,MNCG36553744941364
e3c69228-5b7f-4e27-bda5-0884035d651c,Michelle Price,84,OTHER,Race relations officer,709723.75,HIGH,Malta,North Ronald,VERIFIED,False,False,2021-12-04,BUSINESS,31916.08,78746.38,1,Panama,FYXH29484261304715
a340a197-84b7-4e8a-84b8-d650e34280ea,Sydney Pearson,81,OTHER,Associate Professor,1040641.73,LOW,Czech Republic,Tatehaven,PENDING,False,False,2022-12-02,INDIVIDUAL,41011.24,77739.8,4,Portugal,PKFH87476956350941
020639d1-4dd5-4a76-8d9f-c322a7a13fdc,Kristen Stephens,41,FEMALE,"Nurse, adult",414336.49,MEDIUM,Madagascar,Danielleport,VERIFIED,False,False,2025-03-07,INDIVIDUAL,32092.17,61814.78,1,Isle of Man,EDZU15125545588654
a3d72a03-15cc-4566-b98c-f527e75ab4da,Mark Potter,71,OTHER,Economist,976824.75,LOW,Nigeria,New Joshuatown,VERIFIED,False,False,2026-06-30,INDIVIDUAL,25176.42,7926.91,1,Saint Pierre and Miquelon,MMZV81633924292425
92853f30-f3c9-4c9e-8dc1-c795990225dd,Bryan Love,73,MALE,Museum/gallery curator,207913.99,LOW,Nicaragua,Karenmouth,PENDING,False,False,2023-03-11,INDIVIDUAL,12104.08,97038.19,4,Guam,SUHI92322256758656
46e55654-4e1f-4394-ab44-d5f1b53ef0d0,Travis Young,47,OTHER,Management consultant,1635879.52,HIGH,Vietnam,Karenville,VERIFIED,False,False,2023-08-23,INDIVIDUAL,14594.31,82449.85,3,Nicaragua,UFSG74291289586176
8b0fa0ff-cc96-40cd-b901-f07273e81dee,Michaela Garcia,61,OTHER,Video editor,1942857.22,MEDIUM,Germany,Johnsonstad,VERIFIED,False,False,2023-06-11,BUSINESS,32392.94,98361.16,3,Czech Republic,RKZX25201215546112
77fa2f14-7572-483c-86ef-09455fa3fae3,David Salazar,64,MALE,Chiropodist,302856.37,LOW,Argentina,East Tiffanyburgh,PENDING,False,False,2023-06-24,BUSINESS,38044.96,45503.19,4,Russian Federation,VVPB75579708013121
fb9c9456-61ec-46a2-bc1c-92c310f62bd8,Brian Ford,88,OTHER,Accommodation manager,275391.62,LOW,Marshall Islands,Andresside,VERIFIED,False,False,2025-02-05,INDIVIDUAL,18903.46,86533.54,1,Montenegro,KCZR42848983165762
508f8ec1-c8e4-43aa-ad14-44ae6993db48,Michael Chavez,22,MALE,Legal secretary,1117507.6,LOW,Sri Lanka,Jasmineport,VERIFIED,False,False,2023-04-19,BUSINESS,9394.21,54413.11,4,United Kingdom,OXGO80180364513405
ad88cb13-d1b9-4da7-8f0c-78472b77752f,Mrs. Jacqueline Tyler,26,OTHER,Publishing rights manager,1308926.45,HIGH,French Polynesia,North Michael,VERIFIED,False,False,2024-10-05,INDIVIDUAL,16293.95,56495.42,3,Kazakhstan,NFED08140280984508
f1412b99-59e1-4443-8a3e-016cbfe4a357,Mary Oliver,69,MALE,Hydrogeologist,1858017.27,LOW,Christmas Island,West Lindsayfort,PENDING,False,False,2022-08-08,INDIVIDUAL,22189.7,15381.0,3,Marshall Islands,RZWZ79673692655279
c5202a3f-31a8-48d6-8cee-941be9ec8449,Micheal Lewis,58,OTHER,Osteopath,1415927.44,LOW,Cape Verde,South Oliviachester,PENDING,False,False,2024-12-01,INDIVIDUAL,35355.61,58836.99,3,Gabon,JMTV57324554608204
14954d9f-0a6d-48bd-aaca-62650719342a,Stephanie Hale,60,OTHER,Conference centre manager,194085.81,LOW,Tunisia,Brownmouth,VERIFIED,False,False,2026-03-19,BUSINESS,8541.86,45712.15,2,Timor-Leste,JGFW85728715873329
cc1fed72-93be-482a-9f11-04ce4f90ca76,Robert Hamilton,24,FEMALE,Glass blower/designer,274312.86,MEDIUM,Chad,Robinsonmouth,VERIFIED,False,False,2026-05-03,BUSINESS,41914.82,80437.83,1,Cocos (Keeling) Islands,PIQH80042812560218
7a13c50f-ea8b-434b-a091-4d1445b4180f,Andrew Davis,90,OTHER,"Engineer, aeronautical",416947.35,MEDIUM,British Virgin Islands,Bakertown,PENDING,False,False,2025-10-24,BUSINESS,4464.73,72649.79,3,Belize,SFXV28477171144759
adc7472b-6b79-489c-9b7d-d1063b323f88,Wyatt Morrow,80,MALE,Naval architect,81120.48,MEDIUM,Falkland Islands (Malvinas),Robertport,VERIFIED,False,False,2025-12-04,INDIVIDUAL,42325.31,20253.5,2,Philippines,BGMT06289944290629
6aa02e7b-691b-42e7-98f8-2d97cc82d2ab,Dr. Jennifer Matthews,53,FEMALE,Osteopath,224308.73,MEDIUM,Burkina Faso,New Heather,PENDING,False,False,2022-02-15,BUSINESS,40043.09,66308.22,3,Cook Islands,EUPE62521320927453
8656059f-ab41-418d-b161-ee9f3cef0dd6,John Carrillo,74,MALE,Immunologist,1888178.25,MEDIUM,Mauritania,East Lisashire,VERIFIED,False,False,2024-09-30,INDIVIDUAL,11148.34,36302.52,4,Slovenia,XFOJ41685358901659
acadfaa4-8398-4b67-8ab1-eb8826e590aa,Clifford Tran,24,FEMALE,Civil Service fast streamer,820997.92,HIGH,Guernsey,South Kevinside,PENDING,False,False,2022-02-11,INDIVIDUAL,35373.51,70585.06,4,Nicaragua,CVLD96255882088950
e88f9bb2-4aef-4845-9f37-07d23fe4804d,Chad Avila,73,MALE,"Psychologist, clinical",777957.31,MEDIUM,Zimbabwe,West Stephanieside,VERIFIED,False,False,2022-08-15,BUSINESS,23088.55,52589.81,2,Bangladesh,ZJFO77539604650498
c462b8af-5064-4b3e-b291-bd4120479e76,Rebecca Riley,42,MALE,Physiological scientist,853367.99,HIGH,Panama,Jeremyberg,PENDING,False,False,2025-10-31,BUSINESS,24310.65,4451.79,2,Northern Mariana Islands,CTML83551952454430
bde37231-d6e8-4b25-a071-108f18e83ac1,Stephanie Smith,29,FEMALE,Museum education officer,876988.23,MEDIUM,Turkey,East Joshuamouth,PENDING,False,False,2025-07-06,INDIVIDUAL,32124.02,92721.54,2,Sierra Leone,GEXX62928082634017
dfdf8215-4b88-4677-a8bc-1a6adcffa25f,Kyle Hart,18,OTHER,IT trainer,365955.58,HIGH,Cook Islands,East Chloe,PENDING,False,False,2025-05-30,BUSINESS,40525.23,61056.55,2,Ghana,JIOD13246909622357
ad7c8d5b-3ed6-48b1-83e8-af8f2c9a2cb6,Dennis Cooper,50,FEMALE,Musician,246383.03,MEDIUM,Papua New Guinea,Lake Jasmin,PENDING,False,False,2024-12-18,BUSINESS,46253.6,74120.73,1,United Kingdom,EYIL78165169273061
39ec7ab9-8303-4999-b537-ab84acaa9a7f,Jill Bowen,19,MALE,Interpreter,1154093.25,MEDIUM,Canada,Richardsburgh,VERIFIED,False,False,2022-05-13,INDIVIDUAL,20468.28,58450.05,4,Grenada,CJLZ51416251372030
d29a62b2-6f2e-49ed-a43e-e86a322eaeb3,Samantha Wright,82,OTHER,"Programmer, applications",808411.14,HIGH,Saudi Arabia,Luisburgh,PENDING,False,False,2022-11-21,BUSINESS,14986.01,32284.64,2,Moldova,HKNB01883625818046
e2dfff11-d53c-4477-a0ad-1b4e39024138,Ryan Howard,88,OTHER,Purchasing manager,1891341.17,MEDIUM,Algeria,East Bretttown,PENDING,False,False,2022-08-31,INDIVIDUAL,12136.3,45831.73,3,Kazakhstan,HQYZ17629134331958
3bac1121-2b42-4960-97f2-18dffad8d787,Jessica Snyder,41,OTHER,Podiatrist,1830177.92,HIGH,Saint Barthelemy,Krystalside,PENDING,False,False,2022-05-03,BUSINESS,26394.63,50009.4,3,Eritrea,HZEC12391188939276
5433b11c-be95-42c2-986b-45a65bcbd9a9,Stephanie Jones,34,MALE,Advice worker,1921833.75,HIGH,Palau,Angelaville,PENDING,False,False,2025-03-03,BUSINESS,36173.67,79886.44,4,Lithuania,OQUC52005637086401
01a5cabf-6f35-4d1d-9ac6-2a85a3d2ef88,Brittany Park,68,OTHER,Trading standards officer,989543.22,LOW,Malaysia,Timothyfurt,VERIFIED,False,False,2022-11-07,INDIVIDUAL,33402.97,56631.5,3,Pitcairn Islands,RMWJ43783699930478
05225772-945f-4b00-b730-b5261fca0ed6,Daniel Wilson,38,MALE,"Administrator, sports",1010071.58,HIGH,Honduras,Jessicamouth,VERIFIED,False,False,2024-01-04,INDIVIDUAL,23766.42,19883.53,3,United States Virgin Islands,AYAH83567098740611
a51b0b31-16d4-42af-857d-471adb60996f,Jennifer Bryant,31,MALE,Science writer,1316267.31,HIGH,Sweden,Caitlinfurt,PENDING,False,False,2024-08-06,BUSINESS,37835.36,98320.44,4,Holy See (Vatican City State),JDEC72633626218650
debc8aa7-0b98-49ab-ac14-d08bcc910f4e,Phillip Merritt,28,FEMALE,Software engineer,675607.31,LOW,Sierra Leone,South Gloriaview,PENDING,False,False,2026-07-02,BUSINESS,31029.82,12585.08,4,Seychelles,XHTD98616947745662
41e9602f-4314-4641-a0d9-150d17562052,Shannon Edwards,70,FEMALE,Armed forces operational officer,1614980.02,LOW,Svalbard & Jan Mayen Islands,Vargasport,PENDING,False,False,2022-10-29,BUSINESS,44232.79,43417.12,3,Faroe Islands,MJTQ47619350509936
f8f5fd05-ecbc-4e2d-9c67-51517238ec71,Mrs. Patricia Scott,36,OTHER,Public relations officer,938714.57,HIGH,Rwanda,Kentton,PENDING,False,False,2022-06-21,BUSINESS,37899.18,5502.5,1,Japan,FXAD44601737906888
4dc855e8-a8f6-4090-8477-08b6ebe20b81,Rebecca King,45,OTHER,Newspaper journalist,585707.24,MEDIUM,Ecuador,North David,PENDING,False,False,2022-03-22,INDIVIDUAL,38901.41,64471.06,3,Yemen,EAUC99881859711889
9369b989-2713-4059-a537-27883e658935,Sarah Stevens,58,OTHER,"Therapist, drama",369339.71,MEDIUM,Sudan,Jensenside,VERIFIED,False,False,2024-12-23,INDIVIDUAL,8099.13,94103.39,2,Malta,FAGO92491284410911
ec57b430-568e-4d49-8d89-e91854470136,Rachel Bell,65,OTHER,Research scientist (maths),612666.33,HIGH,Hungary,Michelleport,PENDING,False,False,2021-07-25,BUSINESS,16833.38,19824.2,4,Switzerland,TDEZ26600841782551
f5015030-7bd5-472e-9168-cdbf87eff9bf,Megan Parsons,37,MALE,Actuary,840060.23,HIGH,Mali,Barryfurt,VERIFIED,False,False,2024-08-16,INDIVIDUAL,43751.44,72375.02,4,Trinidad and Tobago,FKDF57735638298179
cf30c891-31ce-400b-a588-b2bc4ddf8e48,Kristie Herman,90,FEMALE,Health service manager,282804.13,LOW,Argentina,East Faith,VERIFIED,False,False,2023-06-20,BUSINESS,10347.36,34660.3,3,Christmas Island,EMIM23543653811434
65c5edfa-1cfe-449b-bceb-1bdb2a491281,Jeffrey Murphy,32,OTHER,Equities trader,226326.73,HIGH,Cape Verde,Lake Stephanie,VERIFIED,False,False,2026-04-19,BUSINESS,24962.9,18584.54,4,Botswana,IVYX43274197298428
055cba87-2a81-49aa-b19d-919ea53340fd,Tammy Pratt,61,FEMALE,Logistics and distribution manager,539891.48,MEDIUM,Wallis and Futuna,Port Tracyview,VERIFIED,False,False,2024-06-23,BUSINESS,14964.31,61284.36,1,Aruba,CSPG12669728590841
a68e4ebf-bd56-4022-981d-91c318e15e53,Juan Parrish,82,MALE,Child psychotherapist,495373.51,MEDIUM,Syrian Arab Republic,West Shanestad,PENDING,False,False,2022-09-08,INDIVIDUAL,12350.64,83823.91,2,Haiti,PPKZ11553571864411
4d714b8e-46c3-4d07-afd4-a383bc50fa53,Joseph Johnson,89,FEMALE,Restaurant manager,1926958.76,MEDIUM,Dominican Republic,North Kevin,VERIFIED,False,False,2023-12-21,BUSINESS,27461.77,44208.46,1,Jersey,HUKF51032833360950
2c6e8665-7d6d-4caa-9512-f0424e76e6f2,Monica Aguilar,19,FEMALE,Chartered accountant,343758.89,MEDIUM,French Southern Territories,Lake Catherinehaven,VERIFIED,False,False,2024-12-01,INDIVIDUAL,1400.92,28544.59,2,Burundi,MADG97431807727180
a0ec95fc-047a-4351-901d-9a41206b4c80,Nicholas Fernandez,37,MALE,"Engineer, building services",1484339.37,LOW,Montenegro,East Heatherfurt,PENDING,False,False,2024-05-05,INDIVIDUAL,16358.86,6054.03,4,Cape Verde,QLHT98533139250664
6a278c1c-2a3e-4d92-b2dc-2305c221d84b,Jose James,25,OTHER,"Engineer, civil (contracting)",443017.41,HIGH,Barbados,Blevinsfurt,VERIFIED,False,False,2024-02-15,BUSINESS,19807.09,36154.74,4,El Salvador,JHGX60643469469335
7082e36c-679d-417b-bff4-047f7f39a56f,Adam Short,58,MALE,Camera operator,1126627.75,HIGH,Cuba,New Jamesburgh,VERIFIED,False,False,2024-12-08,INDIVIDUAL,24598.64,23322.7,3,Algeria,DPXU18983691218438
2fbed0f2-02b2-4ac6-8b35-0a7e9b5bfddb,Holly Griffin,34,FEMALE,"Social research officer, government",1331674.4,LOW,Georgia,South Gwendolynfurt,VERIFIED,False,False,2023-11-29,BUSINESS,46560.0,28658.27,3,Moldova,AQVF67685907714729
0c11a413-4d37-42af-9a66-7c71a189485a,Carl Jenkins,32,FEMALE,Haematologist,271394.09,LOW,United Kingdom,Colinfurt,PENDING,False,False,2022-10-09,INDIVIDUAL,41953.42,63564.24,4,Chile,QIPD55686697745953
d574caac-eb3c-4215-9f63-ac345dc99c1c,Daniel Lyons,73,MALE,Chartered legal executive (England and Wales),749487.35,MEDIUM,Bhutan,Lake Cody,VERIFIED,False,False,2026-04-09,BUSINESS,32323.68,43317.49,2,Svalbard & Jan Mayen Islands,OIPL29963597703619
78f038db-ea77-417d-98b1-d83e572c3fbb,Louis Robinson,28,FEMALE,"Designer, fashion/clothing",1803749.23,MEDIUM,Northern Mariana Islands,Gregside,VERIFIED,False,False,2022-12-11,BUSINESS,30758.76,75347.85,4,El Salvador,CLZK33496102561036
bb2976de-db46-4d06-b6c5-af9b8c99a733,Jennifer Torres,84,OTHER,Marketing executive,289397.67,LOW,Luxembourg,Port Daniel,VERIFIED,False,False,2022-04-01,INDIVIDUAL,49222.1,35178.47,4,Czech Republic,LPKM23078764965282
447d7659-8684-4f52-b268-635e4dc16f8f,Angela Anderson,88,OTHER,Sports therapist,116004.24,HIGH,Reunion,Brownville,PENDING,False,False,2021-08-01,BUSINESS,35500.88,41971.36,2,Cote d'Ivoire,HFBP15819658954532
3342eece-75f3-429c-aa7d-8ddebf9048d8,Summer Brown,89,MALE,Chief Financial Officer,1742032.95,LOW,Suriname,Medinabury,PENDING,False,False,2022-08-10,INDIVIDUAL,7826.42,66220.19,2,Mexico,QNPA82896339724261
96f14140-7b84-4831-a85c-d95ffebc7023,Kristen Clements,73,MALE,Financial planner,1695107.77,MEDIUM,Cape Verde,West Benjaminmouth,VERIFIED,False,False,2022-06-23,BUSINESS,33867.63,42060.39,2,Australia,MSSX71375550897329
431aff40-8138-4787-866d-a8bec469a45e,April Richardson,72,OTHER,Lexicographer,649561.55,MEDIUM,Saint Martin,Mariaburgh,PENDING,False,False,2024-05-05,BUSINESS,30113.88,81776.26,2,Guinea,GNFT00701374664127
c741019a-fe60-47c9-93e4-cf1a00c0a725,Cynthia Adams,69,FEMALE,Risk manager,482467.68,MEDIUM,Sudan,Scottland,VERIFIED,False,False,2023-02-22,INDIVIDUAL,7047.18,74276.0,2,Saint Kitts and Nevis,ZJED87521709844244
83852329-3102-4ac8-b59d-6fc193e9bd90,Ronald Morales,82,OTHER,"Designer, television/film set",1321947.11,MEDIUM,Qatar,Lake Christopher,VERIFIED,True,False,2025-02-18,BUSINESS,11216.34,55837.44,4,Japan,GGQD24480325785337
10a88c2b-8ad4-4fd2-b82d-371fce0446f8,Bernard Crosby,78,MALE,English as a second language teacher,493319.77,LOW,Netherlands Antilles,Port Pamelaside,PENDING,False,False,2026-04-02,INDIVIDUAL,4353.29,36230.93,4,Portugal,NKRS39590082560906
29949962-b504-44ed-8f98-cce354b62ed0,Stephanie Martinez,66,MALE,Diagnostic radiographer,1696678.65,HIGH,Macao,Jessicaburgh,VERIFIED,False,False,2024-07-02,BUSINESS,4641.86,7821.53,3,Romania,UBGI14812759360192
728b01a7-5b68-40c8-9ebf-ddd21bd6adce,Justin Mcgee,74,OTHER,Banker,1924381.52,MEDIUM,Taiwan,New Makaylaborough,PENDING,False,False,2021-09-11,INDIVIDUAL,21237.91,49871.9,4,Lebanon,RSMP68646736299925
0d3103fa-30f0-4ada-80de-9f9e089c72ee,Miguel Hernandez,46,MALE,Insurance account manager,264118.41,LOW,Gibraltar,North Amandaburgh,VERIFIED,False,False,2023-11-22,BUSINESS,14802.12,63324.66,4,Montenegro,ONHZ81021405119528
9bdee9bf-6da3-43e9-a41b-b530a8028053,Sandra Castro,36,OTHER,Multimedia specialist,829466.23,LOW,Puerto Rico,Port Chris,PENDING,False,False,2026-03-14,INDIVIDUAL,32545.25,82629.81,1,Saint Kitts and Nevis,RFPZ35249082596900
f54e5b55-b705-4dd6-a570-c6d3c340aba7,Jose Goodman,61,MALE,Dancer,1957840.35,MEDIUM,Liechtenstein,Lake Jodyside,PENDING,False,False,2023-10-03,BUSINESS,26275.89,96105.78,2,Philippines,WZGS18372971903839
8d9c9a93-df9f-453b-9448-d1a4477d14f0,Laura Fischer,22,MALE,Community development worker,509441.76,LOW,British Virgin Islands,North Karen,VERIFIED,False,False,2024-03-11,INDIVIDUAL,3730.79,28457.06,3,Somalia,HAOF30841701151906
aa69536c-43b6-476c-a217-239dcbb65072,Kevin Sharp,59,FEMALE,Personnel officer,477738.39,MEDIUM,Gabon,North Brianmouth,VERIFIED,False,False,2023-05-21,BUSINESS,10411.4,31629.51,3,Fiji,SICM05635978564543
bd035dbb-efb0-4f23-9311-b45ea979d8f7,Ryan Wells,61,FEMALE,Administrator,415899.59,HIGH,Spain,Port Katherine,PENDING,False,False,2022-05-16,BUSINESS,40820.98,8055.42,1,Tanzania,KSJC60466636736649
5b07f582-a628-4f96-9a0c-6284173f66da,Paul Johnson,39,FEMALE,"Designer, interior/spatial",1433385.24,MEDIUM,Guadeloupe,Adammouth,VERIFIED,False,False,2026-07-03,BUSINESS,49426.2,32416.35,4,Senegal,TDZN16948187278476
49802b98-4342-486b-912c-63b3aad5d48c,Douglas Schroeder,39,MALE,"Therapist, nutritional",529838.91,MEDIUM,Cayman Islands,Perryland,VERIFIED,False,False,2022-07-07,INDIVIDUAL,8600.74,18700.99,3,Portugal,QEWZ39424784384607
d3f6c7ba-0119-4267-9b74-2da1c64f7f9d,Janice Hernandez,32,OTHER,Immigration officer,698836.36,MEDIUM,Congo,Timothyberg,VERIFIED,False,False,2023-06-15,INDIVIDUAL,38484.85,39200.77,1,Isle of Man,GPKM69641549506790
24c9ac14-cf63-40d1-a0cb-35fb0302fd12,Belinda Mullins,42,MALE,Charity officer,585752.51,LOW,Kazakhstan,North Rogerport,PENDING,False,False,2025-07-28,INDIVIDUAL,10511.94,7478.01,3,Bosnia and Herzegovina,RJSQ84492282693189
c4ee5162-5f0f-4634-a075-95cb9b19687c,Gregory Reilly,73,OTHER,Public relations account executive,1029651.98,LOW,Estonia,Markstad,VERIFIED,True,False,2025-03-06,BUSINESS,30346.96,96823.05,1,Gambia,CAXT67948599433841
388ec1e1-99cb-4de1-b2da-78da41ee22d4,Hannah Pratt,45,MALE,Records manager,823010.49,LOW,Guyana,New Scott,VERIFIED,False,False,2026-06-03,INDIVIDUAL,1885.56,37581.67,4,Finland,SOBB82039016966585
481152e4-64e1-4601-9ec4-8885d297e3f3,Mr. John Adams,77,FEMALE,"Designer, exhibition/display",351741.12,MEDIUM,Guinea-Bissau,New Kyle,PENDING,False,False,2025-08-12,INDIVIDUAL,38443.81,90696.37,3,Congo,JBXY28512165844148
64bfe5d3-c816-492a-9ef7-4057629e0e5e,Kevin Thomas,61,OTHER,English as a second language teacher,81951.36,MEDIUM,Hungary,East Stephaniefort,VERIFIED,False,False,2024-12-15,BUSINESS,7750.07,61866.85,1,Dominican Republic,MWRG44574637621296
5e18e63d-d674-4930-a05e-963b1c9d2c90,Amanda Thompson,80,MALE,Financial adviser,1606722.56,LOW,Angola,West Meredith,VERIFIED,False,False,2022-08-25,BUSINESS,9520.27,26900.7,4,Mauritania,EZSE28575223358669
9aa808be-d7d5-4f6a-b361-41ecc9830d69,Stephanie Wallace,87,FEMALE,Agricultural consultant,1512734.16,LOW,Bahrain,Samuelbury,PENDING,False,False,2023-05-04,BUSINESS,14496.56,74757.14,3,Paraguay,XAJO13150164390590
a8ff9b6c-38b2-4f8f-9a3d-9cded1463677,Richard Ward,46,MALE,Minerals surveyor,1761453.68,LOW,Italy,Obrienland,PENDING,False,False,2024-09-01,BUSINESS,28564.17,84571.4,1,Saint Kitts and Nevis,WDHF47251889786818
33d9dae3-75b0-4b12-878c-e8d35447361d,Jessica Holmes,44,MALE,Control and instrumentation engineer,854284.33,LOW,Korea,West Stephanie,PENDING,False,False,2024-03-20,INDIVIDUAL,47298.7,74720.22,3,Djibouti,MKNP02672755576282
d54a65a4-76fd-410a-89f8-71294b64e9ef,William Ayers,29,MALE,Arts development officer,816956.3,MEDIUM,Denmark,Port Emily,VERIFIED,True,False,2022-11-18,BUSINESS,44269.43,50942.86,1,Saint Pierre and Miquelon,NOYH86172580569961
b72c494d-b56c-4265-bcc4-cfd0f26e6f35,Samantha Davis,83,MALE,Advertising account planner,1215504.55,MEDIUM,Senegal,Port Maryshire,VERIFIED,True,False,2025-04-12,INDIVIDUAL,32608.91,14307.1,1,Niue,DSMW98957212944939
730f2ee8-d2e7-4646-ad7f-5bf0dba0ba64,Sarah Bishop,55,FEMALE,"Sales professional, IT",1570394.6,HIGH,Slovakia (Slovak Republic),Foleyland,PENDING,False,False,2026-03-09,BUSINESS,21374.58,39722.7,3,Portugal,VLVB02829740920299
8be4c914-2d0f-422e-9344-fc9f87467261,Angela Schneider,71,MALE,Solicitor,1085258.99,LOW,Uruguay,Eugeneville,VERIFIED,False,False,2026-05-17,BUSINESS,36500.5,26722.89,2,Venezuela,AVKZ16655751760978
93765111-c155-446f-852f-5cac5fe9e705,Joseph Rios MD,50,FEMALE,"Designer, furniture",52241.06,MEDIUM,Honduras,Lisaside,VERIFIED,False,False,2025-07-12,BUSINESS,46760.1,71942.2,1,Russian Federation,BVHO78618873164078
4648a590-a1ec-4cd4-b4ab-4aa9214ebfb5,Erin Long,32,FEMALE,"Administrator, arts",1935347.21,HIGH,Iraq,East Kimberlymouth,VERIFIED,False,False,2023-09-08,INDIVIDUAL,27937.36,86846.98,4,Ukraine,MADO52178092472937
503bd47d-f5d3-4471-ba3a-3329eccf8e9d,Claudia West MD,22,FEMALE,Corporate investment banker,1296950.87,HIGH,Burundi,Port Stanleyport,PENDING,False,False,2022-06-14,BUSINESS,39734.57,44712.48,1,Saint Pierre and Miquelon,FAPV32944356399777
c6c04d95-9119-47b4-b03b-bf921e53c37a,Kimberly Case,66,OTHER,Colour technologist,647856.87,HIGH,Falkland Islands (Malvinas),West Paulaborough,VERIFIED,False,False,2025-07-13,BUSINESS,15876.98,36793.49,2,Congo,JOSF50719969393883
43f79a69-6a4a-402d-a00f-4750aa46ebcd,Jonathon Scott,53,OTHER,Advertising account executive,1077569.01,HIGH,Moldova,Deborahmouth,VERIFIED,False,False,2022-03-30,BUSINESS,41852.95,56090.68,2,Bahrain,JWGC14096673018679
200598a5-96e2-4510-a115-a2285c202bcd,Bryan Aguilar,51,FEMALE,Ship broker,873223.81,LOW,Saint Kitts and Nevis,New Melaniemouth,PENDING,False,False,2024-01-27,INDIVIDUAL,41447.8,62947.58,1,Tanzania,ZOMI57578104309203
72cb5093-8833-42f3-b86e-eda35316ff2f,Bryan Oconnor,28,OTHER,General practice doctor,980701.0,MEDIUM,Japan,East Janeberg,VERIFIED,False,False,2025-09-21,INDIVIDUAL,3163.49,37611.91,3,Sri Lanka,CGIV94767698379511
f69c59de-4a2f-422c-93d5-94b14cc2baac,Timothy Barry,58,OTHER,Glass blower/designer,255847.59,HIGH,Bahamas,Lake Judithborough,PENDING,False,False,2026-04-02,INDIVIDUAL,49783.68,13755.9,3,Guyana,TUMM69745262900975
df1a9da5-5a23-496c-b371-b27448486163,Joseph Brown,67,FEMALE,Financial controller,102991.56,MEDIUM,Western Sahara,Lake Maxside,PENDING,False,False,2025-11-18,INDIVIDUAL,19002.25,1162.04,2,Timor-Leste,VJPV73028178362267
12b1c50b-df05-4b72-a97f-7ed4dbae0bc4,Ariana Ingram,80,FEMALE,IT consultant,491867.22,MEDIUM,Pakistan,Penaport,PENDING,False,False,2023-07-11,INDIVIDUAL,37351.84,96218.96,1,Ecuador,KKOK44120415222483
a6a2bc04-32f8-4c79-b712-15ba64599488,Barbara Norman,51,FEMALE,Electronics engineer,1745954.44,HIGH,Guyana,Flowersview,VERIFIED,False,False,2025-12-07,INDIVIDUAL,21874.46,19109.13,2,Sweden,WFNF05630015345992
f1e94a88-e5f8-4b46-aaf8-07b64795f997,Gary Dean,64,OTHER,"Psychologist, counselling",1852653.31,HIGH,Cape Verde,Port Michael,PENDING,False,False,2022-12-01,INDIVIDUAL,6313.26,71526.96,3,Eritrea,GPNM48158910283078
62404a14-b19e-43f6-b5df-49ec41becbb7,James Munoz,89,FEMALE,"Research officer, political party",953812.54,MEDIUM,Djibouti,West Stephen,PENDING,False,False,2023-12-13,INDIVIDUAL,1848.11,97881.82,1,Romania,CGSB70569863874065
9cc85b35-63da-49a1-b8a8-55a86bd1130f,Calvin Harris,19,OTHER,Drilling engineer,32142.47,MEDIUM,Jamaica,Kimhaven,PENDING,True,False,2026-06-16,BUSINESS,45911.13,94176.62,4,Micronesia,OJBI51275446334145
b4a3f11a-4ac1-4d9a-b208-9a861f66148f,Russell Alexander,85,OTHER,Secondary school teacher,564783.45,LOW,Kenya,West Sylvia,VERIFIED,False,False,2025-10-24,BUSINESS,805.31,79120.9,1,Tajikistan,FBFT71433328245462
79f43c45-368b-4944-ad18-720307b9556f,Gabriel Hanson,25,FEMALE,Web designer,1594134.26,MEDIUM,Thailand,Gabrielland,PENDING,False,False,2025-01-29,BUSINESS,16639.87,17132.7,3,Iraq,IOYN42350753250124
64f33d05-8f54-40bf-ab30-48eee52d6f6d,Kayla James,38,OTHER,Financial risk analyst,1420964.4,LOW,Bangladesh,Owenton,PENDING,False,False,2022-08-22,BUSINESS,25310.86,8063.17,1,Trinidad and Tobago,TDRC53722987339361
6d8474c8-bfe5-4518-b04f-f6064e0d9929,Curtis Lam,34,FEMALE,"Lecturer, further education",1333998.31,LOW,Haiti,Lake Amanda,PENDING,False,False,2022-10-14,INDIVIDUAL,33816.39,17225.21,1,Honduras,YSQB22445627759148
0abceeb5-68c1-48a1-88ff-3c82be15c312,Amanda Price,27,MALE,Dance movement psychotherapist,1228867.05,MEDIUM,Cook Islands,West Meagantown,PENDING,False,False,2023-09-08,BUSINESS,40678.81,76996.4,2,Uruguay,CIKF37187513122933
04068ee2-d133-4861-a509-3d52209e2940,Anthony Caldwell,51,OTHER,Production manager,239052.25,MEDIUM,Israel,North Mistystad,VERIFIED,False,False,2023-05-11,BUSINESS,6153.67,98060.7,4,Argentina,FGQR79443282826733
652ac258-1fd7-419a-bd30-812aa19b9a1a,Nancy Fleming,25,OTHER,Air traffic controller,1446741.0,HIGH,Bermuda,West Jennifer,PENDING,False,False,2024-02-20,BUSINESS,46604.98,63278.1,1,Bouvet Island (Bouvetoya),BUEF72189176001361
e0a8d906-3ff7-4d3e-af9e-5d555efde394,Ashley Casey,74,FEMALE,"Scientist, research (life sciences)",1877119.99,HIGH,Venezuela,East Elizabethton,PENDING,False,False,2022-02-23,INDIVIDUAL,34497.75,22293.16,3,Angola,LPSJ34572917985077
fb0b52aa-618b-483d-9f16-9c319f0135bf,Bryan Marshall,28,OTHER,Industrial/product designer,1449869.32,MEDIUM,Denmark,Lake Jillianborough,VERIFIED,False,False,2022-01-16,INDIVIDUAL,48179.6,60948.15,1,Hong Kong,YGCW43372017215973
627671c8-7052-4879-8e87-5d100c5cf567,Jeremy Williams,64,FEMALE,Nutritional therapist,875680.88,MEDIUM,Czech Republic,Jamesville,VERIFIED,False,False,2022-04-29,BUSINESS,33082.75,8722.91,3,Faroe Islands,GACT29043020381926
